id,source,license,instrument,type,path,split,notes
gs_00_BN1-129-Eb_comp_mic,"GuitarSet (Xi et al. 2018, zenodo 3371780)",CC-BY-4.0,acoustic_guitar,isolated_mic,data/raw/guitarset/mic/00_BN1-129-Eb_comp_mic.wav,train,"steel-string acoustic, mono mic"
gs_00_BN1-129-Eb_solo_mic,"GuitarSet (Xi et al. 2018, zenodo 3371780)",CC-BY-4.0,acoustic_guitar,isolated_mic,data/raw/guitarset/mic/00_BN1-129-Eb_solo_mic.wav,train,"steel-string acoustic, mono mic"
gs_00_BN1-147-Gb_comp_mic,"GuitarSet (Xi et al. 2018, zenodo 3371780)",CC-BY-4.0,acoustic_guitar,isolated_mic,data/raw/guitarset/mic/00_BN1-147-Gb_comp_mic.wav,train,"steel-string acoustic, mono mic"
gs_00_BN1-147-Gb_solo_mic,"GuitarSet (Xi et al. 2018, zenodo 3371780)",CC-BY-4.0,acoustic_guitar,isolated_mic,data/raw/guitarset/mic/00_BN1-147-Gb_solo_mic.wav,train,"steel-string acoustic, mono mic"
gs_00_BN2-131-B_comp_mic,"GuitarSet (Xi et al. 2018, zenodo 3371780)",CC-BY-4.0,acoustic_guitar,isolated_mic,data/raw/guitarset/mic/00_BN2-131-B_comp_mic.wav,train,"steel-string acoustic, mono mic"
gs_00_BN2-131-B_solo_mic,"GuitarSet (Xi et al. 2018, zenodo 3371780)",CC-BY-4.0,acoustic_guitar,isolated_mic,data/raw/guitarset/mic/00_BN2-131-B_solo_mic.wav,train,"steel-string acoustic, mono mic"
gs_00_BN2-166-Ab_comp_mic,"GuitarSet (Xi et al. 2018, zenodo 3371780)",CC-BY-4.0,acoustic_guitar,isolated_mic,data/raw/guitarset/mic/00_BN2-166-Ab_comp_mic.wav,train,"steel-string acoustic, mono mic"
gs_00_BN2-166-Ab_solo_mic,"GuitarSet (Xi et al. 2018, zenodo 3371780)",CC-BY-4.0,acoustic_guitar,isolated_mic,data/raw/guitarset/mic/00_BN2-166-Ab_solo_mic.wav,train,"steel-string acoustic, mono mic"
gs_00_BN3-119-G_comp_mic,"GuitarSet (Xi et al. 2018, zenodo 3371780)",CC-BY-4.0,acoustic_guitar,isolated_mic,data/raw/guitarset/mic/00_BN3-119-G_comp_mic.wav,train,"steel-string acoustic, mono mic"
gs_00_BN3-119-G_solo_mic,"GuitarSet (Xi et al. 2018, zenodo 3371780)",CC-BY-4.0,acoustic_guitar,isolated_mic,data/raw/guitarset/mic/00_BN3-119-G_solo_mic.wav,train,"steel-string acoustic, mono mic"
gs_00_BN3-154-E_comp_mic,"GuitarSet (Xi et al. 2018, zenodo 3371780)",CC-BY-4.0,acoustic_guitar,isolated_mic,data/raw/guitarset/mic/00_BN3-154-E_comp_mic.wav,train,"steel-string acoustic, mono mic"
gs_00_BN3-154-E_solo_mic,"GuitarSet (Xi et al. 2018, zenodo 3371780)",CC-BY-4.0,acoustic_guitar,isolated_mic,data/raw/guitarset/mic/00_BN3-154-E_solo_mic.wav,train,"steel-string acoustic, mono mic"
gs_00_Funk1-114-Ab_comp_mic,"GuitarSet (Xi et al. 2018, zenodo 3371780)",CC-BY-4.0,acoustic_guitar,isolated_mic,data/raw/guitarset/mic/00_Funk1-114-Ab_comp_mic.wav,train,"steel-string acoustic, mono mic"
gs_00_Funk1-114-Ab_solo_mic,"GuitarSet (Xi et al. 2018, zenodo 3371780)",CC-BY-4.0,acoustic_guitar,isolated_mic,data/raw/guitarset/mic/00_Funk1-114-Ab_solo_mic.wav,train,"steel-string acoustic, mono mic"
gs_00_Funk1-97-C_comp_mic,"GuitarSet (Xi et al. 2018, zenodo 3371780)",CC-BY-4.0,acoustic_guitar,isolated_mic,data/raw/guitarset/mic/00_Funk1-97-C_comp_mic.wav,train,"steel-string acoustic, mono mic"
gs_00_Funk1-97-C_solo_mic,"GuitarSet (Xi et al. 2018, zenodo 3371780)",CC-BY-4.0,acoustic_guitar,isolated_mic,data/raw/guitarset/mic/00_Funk1-97-C_solo_mic.wav,train,"steel-string acoustic, mono mic"
gs_00_Funk2-108-Eb_comp_mic,"GuitarSet (Xi et al. 2018, zenodo 3371780)",CC-BY-4.0,acoustic_guitar,isolated_mic,data/raw/guitarset/mic/00_Funk2-108-Eb_comp_mic.wav,train,"steel-string acoustic, mono mic"
gs_00_Funk2-108-Eb_solo_mic,"GuitarSet (Xi et al. 2018, zenodo 3371780)",CC-BY-4.0,acoustic_guitar,isolated_mic,data/raw/guitarset/mic/00_Funk2-108-Eb_solo_mic.wav,train,"steel-string acoustic, mono mic"
gs_00_Funk2-119-G_comp_mic,"GuitarSet (Xi et al. 2018, zenodo 3371780)",CC-BY-4.0,acoustic_guitar,isolated_mic,data/raw/guitarset/mic/00_Funk2-119-G_comp_mic.wav,train,"steel-string acoustic, mono mic"
gs_00_Funk2-119-G_solo_mic,"GuitarSet (Xi et al. 2018, zenodo 3371780)",CC-BY-4.0,acoustic_guitar,isolated_mic,data/raw/guitarset/mic/00_Funk2-119-G_solo_mic.wav,train,"steel-string acoustic, mono mic"
gs_00_Funk3-112-C#_comp_mic,"GuitarSet (Xi et al. 2018, zenodo 3371780)",CC-BY-4.0,acoustic_guitar,isolated_mic,data/raw/guitarset/mic/00_Funk3-112-C#_comp_mic.wav,train,"steel-string acoustic, mono mic"
gs_00_Funk3-112-C#_solo_mic,"GuitarSet (Xi et al. 2018, zenodo 3371780)",CC-BY-4.0,acoustic_guitar,isolated_mic,data/raw/guitarset/mic/00_Funk3-112-C#_solo_mic.wav,train,"steel-string acoustic, mono mic"
gs_00_Funk3-98-A_comp_mic,"GuitarSet (Xi et al. 2018, zenodo 3371780)",CC-BY-4.0,acoustic_guitar,isolated_mic,data/raw/guitarset/mic/00_Funk3-98-A_comp_mic.wav,train,"steel-string acoustic, mono mic"
gs_00_Funk3-98-A_solo_mic,"GuitarSet (Xi et al. 2018, zenodo 3371780)",CC-BY-4.0,acoustic_guitar,isolated_mic,data/raw/guitarset/mic/00_Funk3-98-A_solo_mic.wav,train,"steel-string acoustic, mono mic"
gs_00_Jazz1-130-D_comp_mic,"GuitarSet (Xi et al. 2018, zenodo 3371780)",CC-BY-4.0,acoustic_guitar,isolated_mic,data/raw/guitarset/mic/00_Jazz1-130-D_comp_mic.wav,train,"steel-string acoustic, mono mic"
gs_00_Jazz1-130-D_solo_mic,"GuitarSet (Xi et al. 2018, zenodo 3371780)",CC-BY-4.0,acoustic_guitar,isolated_mic,data/raw/guitarset/mic/00_Jazz1-130-D_solo_mic.wav,train,"steel-string acoustic, mono mic"
gs_00_Jazz1-200-B_comp_mic,"GuitarSet (Xi et al. 2018, zenodo 3371780)",CC-BY-4.0,acoustic_guitar,isolated_mic,data/raw/guitarset/mic/00_Jazz1-200-B_comp_mic.wav,train,"steel-string acoustic, mono mic"
gs_00_Jazz1-200-B_solo_mic,"GuitarSet (Xi et al. 2018, zenodo 3371780)",CC-BY-4.0,acoustic_guitar,isolated_mic,data/raw/guitarset/mic/00_Jazz1-200-B_solo_mic.wav,train,"steel-string acoustic, mono mic"
gs_00_Jazz2-110-Bb_comp_mic,"GuitarSet (Xi et al. 2018, zenodo 3371780)",CC-BY-4.0,acoustic_guitar,isolated_mic,data/raw/guitarset/mic/00_Jazz2-110-Bb_comp_mic.wav,train,"steel-string acoustic, mono mic"
gs_00_Jazz2-110-Bb_solo_mic,"GuitarSet (Xi et al. 2018, zenodo 3371780)",CC-BY-4.0,acoustic_guitar,isolated_mic,data/raw/guitarset/mic/00_Jazz2-110-Bb_solo_mic.wav,train,"steel-string acoustic, mono mic"
gs_00_Jazz2-187-F#_comp_mic,"GuitarSet (Xi et al. 2018, zenodo 3371780)",CC-BY-4.0,acoustic_guitar,isolated_mic,data/raw/guitarset/mic/00_Jazz2-187-F#_comp_mic.wav,train,"steel-string acoustic, mono mic"
gs_00_Jazz2-187-F#_solo_mic,"GuitarSet (Xi et al. 2018, zenodo 3371780)",CC-BY-4.0,acoustic_guitar,isolated_mic,data/raw/guitarset/mic/00_Jazz2-187-F#_solo_mic.wav,train,"steel-string acoustic, mono mic"
gs_00_Jazz3-137-Eb_comp_mic,"GuitarSet (Xi et al. 2018, zenodo 3371780)",CC-BY-4.0,acoustic_guitar,isolated_mic,data/raw/guitarset/mic/00_Jazz3-137-Eb_comp_mic.wav,train,"steel-string acoustic, mono mic"
gs_00_Jazz3-137-Eb_solo_mic,"GuitarSet (Xi et al. 2018, zenodo 3371780)",CC-BY-4.0,acoustic_guitar,isolated_mic,data/raw/guitarset/mic/00_Jazz3-137-Eb_solo_mic.wav,train,"steel-string acoustic, mono mic"
gs_00_Jazz3-150-C_comp_mic,"GuitarSet (Xi et al. 2018, zenodo 3371780)",CC-BY-4.0,acoustic_guitar,isolated_mic,data/raw/guitarset/mic/00_Jazz3-150-C_comp_mic.wav,train,"steel-string acoustic, mono mic"
gs_00_Jazz3-150-C_solo_mic,"GuitarSet (Xi et al. 2018, zenodo 3371780)",CC-BY-4.0,acoustic_guitar,isolated_mic,data/raw/guitarset/mic/00_Jazz3-150-C_solo_mic.wav,train,"steel-string acoustic, mono mic"
gs_00_Rock1-130-A_comp_mic,"GuitarSet (Xi et al. 2018, zenodo 3371780)",CC-BY-4.0,acoustic_guitar,isolated_mic,data/raw/guitarset/mic/00_Rock1-130-A_comp_mic.wav,train,"steel-string acoustic, mono mic"
gs_00_Rock1-130-A_solo_mic,"GuitarSet (Xi et al. 2018, zenodo 3371780)",CC-BY-4.0,acoustic_guitar,isolated_mic,data/raw/guitarset/mic/00_Rock1-130-A_solo_mic.wav,train,"steel-string acoustic, mono mic"
gs_00_Rock1-90-C#_comp_mic,"GuitarSet (Xi et al. 2018, zenodo 3371780)",CC-BY-4.0,acoustic_guitar,isolated_mic,data/raw/guitarset/mic/00_Rock1-90-C#_comp_mic.wav,train,"steel-string acoustic, mono mic"
gs_00_Rock1-90-C#_solo_mic,"GuitarSet (Xi et al. 2018, zenodo 3371780)",CC-BY-4.0,acoustic_guitar,isolated_mic,data/raw/guitarset/mic/00_Rock1-90-C#_solo_mic.wav,train,"steel-string acoustic, mono mic"
gs_00_Rock2-142-D_comp_mic,"GuitarSet (Xi et al. 2018, zenodo 3371780)",CC-BY-4.0,acoustic_guitar,isolated_mic,data/raw/guitarset/mic/00_Rock2-142-D_comp_mic.wav,train,"steel-string acoustic, mono mic"
gs_00_Rock2-142-D_solo_mic,"GuitarSet (Xi et al. 2018, zenodo 3371780)",CC-BY-4.0,acoustic_guitar,isolated_mic,data/raw/guitarset/mic/00_Rock2-142-D_solo_mic.wav,train,"steel-string acoustic, mono mic"
gs_00_Rock2-85-F_comp_mic,"GuitarSet (Xi et al. 2018, zenodo 3371780)",CC-BY-4.0,acoustic_guitar,isolated_mic,data/raw/guitarset/mic/00_Rock2-85-F_comp_mic.wav,train,"steel-string acoustic, mono mic"
gs_00_Rock2-85-F_solo_mic,"GuitarSet (Xi et al. 2018, zenodo 3371780)",CC-BY-4.0,acoustic_guitar,isolated_mic,data/raw/guitarset/mic/00_Rock2-85-F_solo_mic.wav,train,"steel-string acoustic, mono mic"
gs_00_Rock3-117-Bb_comp_mic,"GuitarSet (Xi et al. 2018, zenodo 3371780)",CC-BY-4.0,acoustic_guitar,isolated_mic,data/raw/guitarset/mic/00_Rock3-117-Bb_comp_mic.wav,train,"steel-string acoustic, mono mic"
gs_00_Rock3-117-Bb_solo_mic,"GuitarSet (Xi et al. 2018, zenodo 3371780)",CC-BY-4.0,acoustic_guitar,isolated_mic,data/raw/guitarset/mic/00_Rock3-117-Bb_solo_mic.wav,train,"steel-string acoustic, mono mic"
gs_00_Rock3-148-C_comp_mic,"GuitarSet (Xi et al. 2018, zenodo 3371780)",CC-BY-4.0,acoustic_guitar,isolated_mic,data/raw/guitarset/mic/00_Rock3-148-C_comp_mic.wav,train,"steel-string acoustic, mono mic"
gs_00_Rock3-148-C_solo_mic,"GuitarSet (Xi et al. 2018, zenodo 3371780)",CC-BY-4.0,acoustic_guitar,isolated_mic,data/raw/guitarset/mic/00_Rock3-148-C_solo_mic.wav,train,"steel-string acoustic, mono mic"
gs_00_SS1-100-C#_comp_mic,"GuitarSet (Xi et al. 2018, zenodo 3371780)",CC-BY-4.0,acoustic_guitar,isolated_mic,data/raw/guitarset/mic/00_SS1-100-C#_comp_mic.wav,train,"steel-string acoustic, mono mic"
gs_00_SS1-100-C#_solo_mic,"GuitarSet (Xi et al. 2018, zenodo 3371780)",CC-BY-4.0,acoustic_guitar,isolated_mic,data/raw/guitarset/mic/00_SS1-100-C#_solo_mic.wav,train,"steel-string acoustic, mono mic"
gs_00_SS1-68-E_comp_mic,"GuitarSet (Xi et al. 2018, zenodo 3371780)",CC-BY-4.0,acoustic_guitar,isolated_mic,data/raw/guitarset/mic/00_SS1-68-E_comp_mic.wav,train,"steel-string acoustic, mono mic"
gs_00_SS1-68-E_solo_mic,"GuitarSet (Xi et al. 2018, zenodo 3371780)",CC-BY-4.0,acoustic_guitar,isolated_mic,data/raw/guitarset/mic/00_SS1-68-E_solo_mic.wav,train,"steel-string acoustic, mono mic"
gs_00_SS2-107-Ab_comp_mic,"GuitarSet (Xi et al. 2018, zenodo 3371780)",CC-BY-4.0,acoustic_guitar,isolated_mic,data/raw/guitarset/mic/00_SS2-107-Ab_comp_mic.wav,train,"steel-string acoustic, mono mic"
gs_00_SS2-107-Ab_solo_mic,"GuitarSet (Xi et al. 2018, zenodo 3371780)",CC-BY-4.0,acoustic_guitar,isolated_mic,data/raw/guitarset/mic/00_SS2-107-Ab_solo_mic.wav,train,"steel-string acoustic, mono mic"
gs_00_SS2-88-F_comp_mic,"GuitarSet (Xi et al. 2018, zenodo 3371780)",CC-BY-4.0,acoustic_guitar,isolated_mic,data/raw/guitarset/mic/00_SS2-88-F_comp_mic.wav,train,"steel-string acoustic, mono mic"
gs_00_SS2-88-F_solo_mic,"GuitarSet (Xi et al. 2018, zenodo 3371780)",CC-BY-4.0,acoustic_guitar,isolated_mic,data/raw/guitarset/mic/00_SS2-88-F_solo_mic.wav,train,"steel-string acoustic, mono mic"
gs_00_SS3-84-Bb_comp_mic,"GuitarSet (Xi et al. 2018, zenodo 3371780)",CC-BY-4.0,acoustic_guitar,isolated_mic,data/raw/guitarset/mic/00_SS3-84-Bb_comp_mic.wav,train,"steel-string acoustic, mono mic"
gs_00_SS3-84-Bb_solo_mic,"GuitarSet (Xi et al. 2018, zenodo 3371780)",CC-BY-4.0,acoustic_guitar,isolated_mic,data/raw/guitarset/mic/00_SS3-84-Bb_solo_mic.wav,train,"steel-string acoustic, mono mic"
gs_00_SS3-98-C_comp_mic,"GuitarSet (Xi et al. 2018, zenodo 3371780)",CC-BY-4.0,acoustic_guitar,isolated_mic,data/raw/guitarset/mic/00_SS3-98-C_comp_mic.wav,train,"steel-string acoustic, mono mic"
gs_00_SS3-98-C_solo_mic,"GuitarSet (Xi et al. 2018, zenodo 3371780)",CC-BY-4.0,acoustic_guitar,isolated_mic,data/raw/guitarset/mic/00_SS3-98-C_solo_mic.wav,train,"steel-string acoustic, mono mic"
gs_01_BN1-129-Eb_comp_mic,"GuitarSet (Xi et al. 2018, zenodo 3371780)",CC-BY-4.0,acoustic_guitar,isolated_mic,data/raw/guitarset/mic/01_BN1-129-Eb_comp_mic.wav,train,"steel-string acoustic, mono mic"
gs_01_BN1-129-Eb_solo_mic,"GuitarSet (Xi et al. 2018, zenodo 3371780)",CC-BY-4.0,acoustic_guitar,isolated_mic,data/raw/guitarset/mic/01_BN1-129-Eb_solo_mic.wav,train,"steel-string acoustic, mono mic"
gs_01_BN1-147-Gb_comp_mic,"GuitarSet (Xi et al. 2018, zenodo 3371780)",CC-BY-4.0,acoustic_guitar,isolated_mic,data/raw/guitarset/mic/01_BN1-147-Gb_comp_mic.wav,train,"steel-string acoustic, mono mic"
gs_01_BN1-147-Gb_solo_mic,"GuitarSet (Xi et al. 2018, zenodo 3371780)",CC-BY-4.0,acoustic_guitar,isolated_mic,data/raw/guitarset/mic/01_BN1-147-Gb_solo_mic.wav,train,"steel-string acoustic, mono mic"
gs_01_BN2-131-B_comp_mic,"GuitarSet (Xi et al. 2018, zenodo 3371780)",CC-BY-4.0,acoustic_guitar,isolated_mic,data/raw/guitarset/mic/01_BN2-131-B_comp_mic.wav,train,"steel-string acoustic, mono mic"
gs_01_BN2-131-B_solo_mic,"GuitarSet (Xi et al. 2018, zenodo 3371780)",CC-BY-4.0,acoustic_guitar,isolated_mic,data/raw/guitarset/mic/01_BN2-131-B_solo_mic.wav,train,"steel-string acoustic, mono mic"
gs_01_BN2-166-Ab_comp_mic,"GuitarSet (Xi et al. 2018, zenodo 3371780)",CC-BY-4.0,acoustic_guitar,isolated_mic,data/raw/guitarset/mic/01_BN2-166-Ab_comp_mic.wav,train,"steel-string acoustic, mono mic"
gs_01_BN2-166-Ab_solo_mic,"GuitarSet (Xi et al. 2018, zenodo 3371780)",CC-BY-4.0,acoustic_guitar,isolated_mic,data/raw/guitarset/mic/01_BN2-166-Ab_solo_mic.wav,train,"steel-string acoustic, mono mic"
gs_01_BN3-119-G_comp_mic,"GuitarSet (Xi et al. 2018, zenodo 3371780)",CC-BY-4.0,acoustic_guitar,isolated_mic,data/raw/guitarset/mic/01_BN3-119-G_comp_mic.wav,train,"steel-string acoustic, mono mic"
gs_01_BN3-119-G_solo_mic,"GuitarSet (Xi et al. 2018, zenodo 3371780)",CC-BY-4.0,acoustic_guitar,isolated_mic,data/raw/guitarset/mic/01_BN3-119-G_solo_mic.wav,train,"steel-string acoustic, mono mic"
gs_01_BN3-154-E_comp_mic,"GuitarSet (Xi et al. 2018, zenodo 3371780)",CC-BY-4.0,acoustic_guitar,isolated_mic,data/raw/guitarset/mic/01_BN3-154-E_comp_mic.wav,train,"steel-string acoustic, mono mic"
gs_01_BN3-154-E_solo_mic,"GuitarSet (Xi et al. 2018, zenodo 3371780)",CC-BY-4.0,acoustic_guitar,isolated_mic,data/raw/guitarset/mic/01_BN3-154-E_solo_mic.wav,train,"steel-string acoustic, mono mic"
gs_01_Funk1-114-Ab_comp_mic,"GuitarSet (Xi et al. 2018, zenodo 3371780)",CC-BY-4.0,acoustic_guitar,isolated_mic,data/raw/guitarset/mic/01_Funk1-114-Ab_comp_mic.wav,train,"steel-string acoustic, mono mic"
gs_01_Funk1-114-Ab_solo_mic,"GuitarSet (Xi et al. 2018, zenodo 3371780)",CC-BY-4.0,acoustic_guitar,isolated_mic,data/raw/guitarset/mic/01_Funk1-114-Ab_solo_mic.wav,train,"steel-string acoustic, mono mic"
gs_01_Funk1-97-C_comp_mic,"GuitarSet (Xi et al. 2018, zenodo 3371780)",CC-BY-4.0,acoustic_guitar,isolated_mic,data/raw/guitarset/mic/01_Funk1-97-C_comp_mic.wav,train,"steel-string acoustic, mono mic"
gs_01_Funk1-97-C_solo_mic,"GuitarSet (Xi et al. 2018, zenodo 3371780)",CC-BY-4.0,acoustic_guitar,isolated_mic,data/raw/guitarset/mic/01_Funk1-97-C_solo_mic.wav,train,"steel-string acoustic, mono mic"
gs_01_Funk2-108-Eb_comp_mic,"GuitarSet (Xi et al. 2018, zenodo 3371780)",CC-BY-4.0,acoustic_guitar,isolated_mic,data/raw/guitarset/mic/01_Funk2-108-Eb_comp_mic.wav,train,"steel-string acoustic, mono mic"
gs_01_Funk2-108-Eb_solo_mic,"GuitarSet (Xi et al. 2018, zenodo 3371780)",CC-BY-4.0,acoustic_guitar,isolated_mic,data/raw/guitarset/mic/01_Funk2-108-Eb_solo_mic.wav,train,"steel-string acoustic, mono mic"
gs_01_Funk2-119-G_comp_mic,"GuitarSet (Xi et al. 2018, zenodo 3371780)",CC-BY-4.0,acoustic_guitar,isolated_mic,data/raw/guitarset/mic/01_Funk2-119-G_comp_mic.wav,train,"steel-string acoustic, mono mic"
gs_01_Funk2-119-G_solo_mic,"GuitarSet (Xi et al. 2018, zenodo 3371780)",CC-BY-4.0,acoustic_guitar,isolated_mic,data/raw/guitarset/mic/01_Funk2-119-G_solo_mic.wav,train,"steel-string acoustic, mono mic"
gs_01_Funk3-112-C#_comp_mic,"GuitarSet (Xi et al. 2018, zenodo 3371780)",CC-BY-4.0,acoustic_guitar,isolated_mic,data/raw/guitarset/mic/01_Funk3-112-C#_comp_mic.wav,train,"steel-string acoustic, mono mic"
gs_01_Funk3-112-C#_solo_mic,"GuitarSet (Xi et al. 2018, zenodo 3371780)",CC-BY-4.0,acoustic_guitar,isolated_mic,data/raw/guitarset/mic/01_Funk3-112-C#_solo_mic.wav,train,"steel-string acoustic, mono mic"
gs_01_Funk3-98-A_comp_mic,"GuitarSet (Xi et al. 2018, zenodo 3371780)",CC-BY-4.0,acoustic_guitar,isolated_mic,data/raw/guitarset/mic/01_Funk3-98-A_comp_mic.wav,train,"steel-string acoustic, mono mic"
gs_01_Funk3-98-A_solo_mic,"GuitarSet (Xi et al. 2018, zenodo 3371780)",CC-BY-4.0,acoustic_guitar,isolated_mic,data/raw/guitarset/mic/01_Funk3-98-A_solo_mic.wav,train,"steel-string acoustic, mono mic"
gs_01_Jazz1-130-D_comp_mic,"GuitarSet (Xi et al. 2018, zenodo 3371780)",CC-BY-4.0,acoustic_guitar,isolated_mic,data/raw/guitarset/mic/01_Jazz1-130-D_comp_mic.wav,train,"steel-string acoustic, mono mic"
gs_01_Jazz1-130-D_solo_mic,"GuitarSet (Xi et al. 2018, zenodo 3371780)",CC-BY-4.0,acoustic_guitar,isolated_mic,data/raw/guitarset/mic/01_Jazz1-130-D_solo_mic.wav,train,"steel-string acoustic, mono mic"
gs_01_Jazz1-200-B_comp_mic,"GuitarSet (Xi et al. 2018, zenodo 3371780)",CC-BY-4.0,acoustic_guitar,isolated_mic,data/raw/guitarset/mic/01_Jazz1-200-B_comp_mic.wav,train,"steel-string acoustic, mono mic"
gs_01_Jazz1-200-B_solo_mic,"GuitarSet (Xi et al. 2018, zenodo 3371780)",CC-BY-4.0,acoustic_guitar,isolated_mic,data/raw/guitarset/mic/01_Jazz1-200-B_solo_mic.wav,train,"steel-string acoustic, mono mic"
gs_01_Jazz2-110-Bb_comp_mic,"GuitarSet (Xi et al. 2018, zenodo 3371780)",CC-BY-4.0,acoustic_guitar,isolated_mic,data/raw/guitarset/mic/01_Jazz2-110-Bb_comp_mic.wav,train,"steel-string acoustic, mono mic"
gs_01_Jazz2-110-Bb_solo_mic,"GuitarSet (Xi et al. 2018, zenodo 3371780)",CC-BY-4.0,acoustic_guitar,isolated_mic,data/raw/guitarset/mic/01_Jazz2-110-Bb_solo_mic.wav,train,"steel-string acoustic, mono mic"
gs_01_Jazz2-187-F#_comp_mic,"GuitarSet (Xi et al. 2018, zenodo 3371780)",CC-BY-4.0,acoustic_guitar,isolated_mic,data/raw/guitarset/mic/01_Jazz2-187-F#_comp_mic.wav,train,"steel-string acoustic, mono mic"
gs_01_Jazz2-187-F#_solo_mic,"GuitarSet (Xi et al. 2018, zenodo 3371780)",CC-BY-4.0,acoustic_guitar,isolated_mic,data/raw/guitarset/mic/01_Jazz2-187-F#_solo_mic.wav,train,"steel-string acoustic, mono mic"
gs_01_Jazz3-137-Eb_comp_mic,"GuitarSet (Xi et al. 2018, zenodo 3371780)",CC-BY-4.0,acoustic_guitar,isolated_mic,data/raw/guitarset/mic/01_Jazz3-137-Eb_comp_mic.wav,train,"steel-string acoustic, mono mic"
gs_01_Jazz3-137-Eb_solo_mic,"GuitarSet (Xi et al. 2018, zenodo 3371780)",CC-BY-4.0,acoustic_guitar,isolated_mic,data/raw/guitarset/mic/01_Jazz3-137-Eb_solo_mic.wav,train,"steel-string acoustic, mono mic"
gs_01_Jazz3-150-C_comp_mic,"GuitarSet (Xi et al. 2018, zenodo 3371780)",CC-BY-4.0,acoustic_guitar,isolated_mic,data/raw/guitarset/mic/01_Jazz3-150-C_comp_mic.wav,train,"steel-string acoustic, mono mic"
gs_01_Jazz3-150-C_solo_mic,"GuitarSet (Xi et al. 2018, zenodo 3371780)",CC-BY-4.0,acoustic_guitar,isolated_mic,data/raw/guitarset/mic/01_Jazz3-150-C_solo_mic.wav,train,"steel-string acoustic, mono mic"
gs_01_Rock1-130-A_comp_mic,"GuitarSet (Xi et al. 2018, zenodo 3371780)",CC-BY-4.0,acoustic_guitar,isolated_mic,data/raw/guitarset/mic/01_Rock1-130-A_comp_mic.wav,train,"steel-string acoustic, mono mic"
gs_01_Rock1-130-A_solo_mic,"GuitarSet (Xi et al. 2018, zenodo 3371780)",CC-BY-4.0,acoustic_guitar,isolated_mic,data/raw/guitarset/mic/01_Rock1-130-A_solo_mic.wav,train,"steel-string acoustic, mono mic"
gs_01_Rock1-90-C#_comp_mic,"GuitarSet (Xi et al. 2018, zenodo 3371780)",CC-BY-4.0,acoustic_guitar,isolated_mic,data/raw/guitarset/mic/01_Rock1-90-C#_comp_mic.wav,train,"steel-string acoustic, mono mic"
gs_01_Rock1-90-C#_solo_mic,"GuitarSet (Xi et al. 2018, zenodo 3371780)",CC-BY-4.0,acoustic_guitar,isolated_mic,data/raw/guitarset/mic/01_Rock1-90-C#_solo_mic.wav,train,"steel-string acoustic, mono mic"
gs_01_Rock2-142-D_comp_mic,"GuitarSet (Xi et al. 2018, zenodo 3371780)",CC-BY-4.0,acoustic_guitar,isolated_mic,data/raw/guitarset/mic/01_Rock2-142-D_comp_mic.wav,train,"steel-string acoustic, mono mic"
gs_01_Rock2-142-D_solo_mic,"GuitarSet (Xi et al. 2018, zenodo 3371780)",CC-BY-4.0,acoustic_guitar,isolated_mic,data/raw/guitarset/mic/01_Rock2-142-D_solo_mic.wav,train,"steel-string acoustic, mono mic"
gs_01_Rock2-85-F_comp_mic,"GuitarSet (Xi et al. 2018, zenodo 3371780)",CC-BY-4.0,acoustic_guitar,isolated_mic,data/raw/guitarset/mic/01_Rock2-85-F_comp_mic.wav,train,"steel-string acoustic, mono mic"
gs_01_Rock2-85-F_solo_mic,"GuitarSet (Xi et al. 2018, zenodo 3371780)",CC-BY-4.0,acoustic_guitar,isolated_mic,data/raw/guitarset/mic/01_Rock2-85-F_solo_mic.wav,train,"steel-string acoustic, mono mic"
gs_01_Rock3-117-Bb_comp_mic,"GuitarSet (Xi et al. 2018, zenodo 3371780)",CC-BY-4.0,acoustic_guitar,isolated_mic,data/raw/guitarset/mic/01_Rock3-117-Bb_comp_mic.wav,train,"steel-string acoustic, mono mic"
gs_01_Rock3-117-Bb_solo_mic,"GuitarSet (Xi et al. 2018, zenodo 3371780)",CC-BY-4.0,acoustic_guitar,isolated_mic,data/raw/guitarset/mic/01_Rock3-117-Bb_solo_mic.wav,train,"steel-string acoustic, mono mic"
gs_01_Rock3-148-C_comp_mic,"GuitarSet (Xi et al. 2018, zenodo 3371780)",CC-BY-4.0,acoustic_guitar,isolated_mic,data/raw/guitarset/mic/01_Rock3-148-C_comp_mic.wav,train,"steel-string acoustic, mono mic"
gs_01_Rock3-148-C_solo_mic,"GuitarSet (Xi et al. 2018, zenodo 3371780)",CC-BY-4.0,acoustic_guitar,isolated_mic,data/raw/guitarset/mic/01_Rock3-148-C_solo_mic.wav,train,"steel-string acoustic, mono mic"
gs_01_SS1-100-C#_comp_mic,"GuitarSet (Xi et al. 2018, zenodo 3371780)",CC-BY-4.0,acoustic_guitar,isolated_mic,data/raw/guitarset/mic/01_SS1-100-C#_comp_mic.wav,train,"steel-string acoustic, mono mic"
gs_01_SS1-100-C#_solo_mic,"GuitarSet (Xi et al. 2018, zenodo 3371780)",CC-BY-4.0,acoustic_guitar,isolated_mic,data/raw/guitarset/mic/01_SS1-100-C#_solo_mic.wav,train,"steel-string acoustic, mono mic"
gs_01_SS1-68-E_comp_mic,"GuitarSet (Xi et al. 2018, zenodo 3371780)",CC-BY-4.0,acoustic_guitar,isolated_mic,data/raw/guitarset/mic/01_SS1-68-E_comp_mic.wav,train,"steel-string acoustic, mono mic"
gs_01_SS1-68-E_solo_mic,"GuitarSet (Xi et al. 2018, zenodo 3371780)",CC-BY-4.0,acoustic_guitar,isolated_mic,data/raw/guitarset/mic/01_SS1-68-E_solo_mic.wav,train,"steel-string acoustic, mono mic"
gs_01_SS2-107-Ab_comp_mic,"GuitarSet (Xi et al. 2018, zenodo 3371780)",CC-BY-4.0,acoustic_guitar,isolated_mic,data/raw/guitarset/mic/01_SS2-107-Ab_comp_mic.wav,train,"steel-string acoustic, mono mic"
gs_01_SS2-107-Ab_solo_mic,"GuitarSet (Xi et al. 2018, zenodo 3371780)",CC-BY-4.0,acoustic_guitar,isolated_mic,data/raw/guitarset/mic/01_SS2-107-Ab_solo_mic.wav,train,"steel-string acoustic, mono mic"
gs_01_SS2-88-F_comp_mic,"GuitarSet (Xi et al. 2018, zenodo 3371780)",CC-BY-4.0,acoustic_guitar,isolated_mic,data/raw/guitarset/mic/01_SS2-88-F_comp_mic.wav,train,"steel-string acoustic, mono mic"
gs_01_SS2-88-F_solo_mic,"GuitarSet (Xi et al. 2018, zenodo 3371780)",CC-BY-4.0,acoustic_guitar,isolated_mic,data/raw/guitarset/mic/01_SS2-88-F_solo_mic.wav,train,"steel-string acoustic, mono mic"
gs_01_SS3-84-Bb_comp_mic,"GuitarSet (Xi et al. 2018, zenodo 3371780)",CC-BY-4.0,acoustic_guitar,isolated_mic,data/raw/guitarset/mic/01_SS3-84-Bb_comp_mic.wav,train,"steel-string acoustic, mono mic"
gs_01_SS3-84-Bb_solo_mic,"GuitarSet (Xi et al. 2018, zenodo 3371780)",CC-BY-4.0,acoustic_guitar,isolated_mic,data/raw/guitarset/mic/01_SS3-84-Bb_solo_mic.wav,train,"steel-string acoustic, mono mic"
gs_01_SS3-98-C_comp_mic,"GuitarSet (Xi et al. 2018, zenodo 3371780)",CC-BY-4.0,acoustic_guitar,isolated_mic,data/raw/guitarset/mic/01_SS3-98-C_comp_mic.wav,train,"steel-string acoustic, mono mic"
gs_01_SS3-98-C_solo_mic,"GuitarSet (Xi et al. 2018, zenodo 3371780)",CC-BY-4.0,acoustic_guitar,isolated_mic,data/raw/guitarset/mic/01_SS3-98-C_solo_mic.wav,train,"steel-string acoustic, mono mic"
gs_02_BN1-129-Eb_comp_mic,"GuitarSet (Xi et al. 2018, zenodo 3371780)",CC-BY-4.0,acoustic_guitar,isolated_mic,data/raw/guitarset/mic/02_BN1-129-Eb_comp_mic.wav,train,"steel-string acoustic, mono mic"
gs_02_BN1-129-Eb_solo_mic,"GuitarSet (Xi et al. 2018, zenodo 3371780)",CC-BY-4.0,acoustic_guitar,isolated_mic,data/raw/guitarset/mic/02_BN1-129-Eb_solo_mic.wav,train,"steel-string acoustic, mono mic"
gs_02_BN1-147-Gb_comp_mic,"GuitarSet (Xi et al. 2018, zenodo 3371780)",CC-BY-4.0,acoustic_guitar,isolated_mic,data/raw/guitarset/mic/02_BN1-147-Gb_comp_mic.wav,train,"steel-string acoustic, mono mic"
gs_02_BN1-147-Gb_solo_mic,"GuitarSet (Xi et al. 2018, zenodo 3371780)",CC-BY-4.0,acoustic_guitar,isolated_mic,data/raw/guitarset/mic/02_BN1-147-Gb_solo_mic.wav,train,"steel-string acoustic, mono mic"
gs_02_BN2-131-B_comp_mic,"GuitarSet (Xi et al. 2018, zenodo 3371780)",CC-BY-4.0,acoustic_guitar,isolated_mic,data/raw/guitarset/mic/02_BN2-131-B_comp_mic.wav,train,"steel-string acoustic, mono mic"
gs_02_BN2-131-B_solo_mic,"GuitarSet (Xi et al. 2018, zenodo 3371780)",CC-BY-4.0,acoustic_guitar,isolated_mic,data/raw/guitarset/mic/02_BN2-131-B_solo_mic.wav,train,"steel-string acoustic, mono mic"
gs_02_BN2-166-Ab_comp_mic,"GuitarSet (Xi et al. 2018, zenodo 3371780)",CC-BY-4.0,acoustic_guitar,isolated_mic,data/raw/guitarset/mic/02_BN2-166-Ab_comp_mic.wav,train,"steel-string acoustic, mono mic"
gs_02_BN2-166-Ab_solo_mic,"GuitarSet (Xi et al. 2018, zenodo 3371780)",CC-BY-4.0,acoustic_guitar,isolated_mic,data/raw/guitarset/mic/02_BN2-166-Ab_solo_mic.wav,train,"steel-string acoustic, mono mic"
gs_02_BN3-119-G_comp_mic,"GuitarSet (Xi et al. 2018, zenodo 3371780)",CC-BY-4.0,acoustic_guitar,isolated_mic,data/raw/guitarset/mic/02_BN3-119-G_comp_mic.wav,train,"steel-string acoustic, mono mic"
gs_02_BN3-119-G_solo_mic,"GuitarSet (Xi et al. 2018, zenodo 3371780)",CC-BY-4.0,acoustic_guitar,isolated_mic,data/raw/guitarset/mic/02_BN3-119-G_solo_mic.wav,train,"steel-string acoustic, mono mic"
gs_02_BN3-154-E_comp_mic,"GuitarSet (Xi et al. 2018, zenodo 3371780)",CC-BY-4.0,acoustic_guitar,isolated_mic,data/raw/guitarset/mic/02_BN3-154-E_comp_mic.wav,train,"steel-string acoustic, mono mic"
gs_02_BN3-154-E_solo_mic,"GuitarSet (Xi et al. 2018, zenodo 3371780)",CC-BY-4.0,acoustic_guitar,isolated_mic,data/raw/guitarset/mic/02_BN3-154-E_solo_mic.wav,train,"steel-string acoustic, mono mic"
gs_02_Funk1-114-Ab_comp_mic,"GuitarSet (Xi et al. 2018, zenodo 3371780)",CC-BY-4.0,acoustic_guitar,isolated_mic,data/raw/guitarset/mic/02_Funk1-114-Ab_comp_mic.wav,train,"steel-string acoustic, mono mic"
gs_02_Funk1-114-Ab_solo_mic,"GuitarSet (Xi et al. 2018, zenodo 3371780)",CC-BY-4.0,acoustic_guitar,isolated_mic,data/raw/guitarset/mic/02_Funk1-114-Ab_solo_mic.wav,train,"steel-string acoustic, mono mic"
gs_02_Funk1-97-C_comp_mic,"GuitarSet (Xi et al. 2018, zenodo 3371780)",CC-BY-4.0,acoustic_guitar,isolated_mic,data/raw/guitarset/mic/02_Funk1-97-C_comp_mic.wav,train,"steel-string acoustic, mono mic"
gs_02_Funk1-97-C_solo_mic,"GuitarSet (Xi et al. 2018, zenodo 3371780)",CC-BY-4.0,acoustic_guitar,isolated_mic,data/raw/guitarset/mic/02_Funk1-97-C_solo_mic.wav,train,"steel-string acoustic, mono mic"
gs_02_Funk2-108-Eb_comp_mic,"GuitarSet (Xi et al. 2018, zenodo 3371780)",CC-BY-4.0,acoustic_guitar,isolated_mic,data/raw/guitarset/mic/02_Funk2-108-Eb_comp_mic.wav,train,"steel-string acoustic, mono mic"
gs_02_Funk2-108-Eb_solo_mic,"GuitarSet (Xi et al. 2018, zenodo 3371780)",CC-BY-4.0,acoustic_guitar,isolated_mic,data/raw/guitarset/mic/02_Funk2-108-Eb_solo_mic.wav,train,"steel-string acoustic, mono mic"
gs_02_Funk2-119-G_comp_mic,"GuitarSet (Xi et al. 2018, zenodo 3371780)",CC-BY-4.0,acoustic_guitar,isolated_mic,data/raw/guitarset/mic/02_Funk2-119-G_comp_mic.wav,train,"steel-string acoustic, mono mic"
gs_02_Funk2-119-G_solo_mic,"GuitarSet (Xi et al. 2018, zenodo 3371780)",CC-BY-4.0,acoustic_guitar,isolated_mic,data/raw/guitarset/mic/02_Funk2-119-G_solo_mic.wav,train,"steel-string acoustic, mono mic"
gs_02_Funk3-112-C#_comp_mic,"GuitarSet (Xi et al. 2018, zenodo 3371780)",CC-BY-4.0,acoustic_guitar,isolated_mic,data/raw/guitarset/mic/02_Funk3-112-C#_comp_mic.wav,train,"steel-string acoustic, mono mic"
gs_02_Funk3-112-C#_solo_mic,"GuitarSet (Xi et al. 2018, zenodo 3371780)",CC-BY-4.0,acoustic_guitar,isolated_mic,data/raw/guitarset/mic/02_Funk3-112-C#_solo_mic.wav,train,"steel-string acoustic, mono mic"
gs_02_Funk3-98-A_comp_mic,"GuitarSet (Xi et al. 2018, zenodo 3371780)",CC-BY-4.0,acoustic_guitar,isolated_mic,data/raw/guitarset/mic/02_Funk3-98-A_comp_mic.wav,train,"steel-string acoustic, mono mic"
gs_02_Funk3-98-A_solo_mic,"GuitarSet (Xi et al. 2018, zenodo 3371780)",CC-BY-4.0,acoustic_guitar,isolated_mic,data/raw/guitarset/mic/02_Funk3-98-A_solo_mic.wav,train,"steel-string acoustic, mono mic"
gs_02_Jazz1-130-D_comp_mic,"GuitarSet (Xi et al. 2018, zenodo 3371780)",CC-BY-4.0,acoustic_guitar,isolated_mic,data/raw/guitarset/mic/02_Jazz1-130-D_comp_mic.wav,train,"steel-string acoustic, mono mic"
gs_02_Jazz1-130-D_solo_mic,"GuitarSet (Xi et al. 2018, zenodo 3371780)",CC-BY-4.0,acoustic_guitar,isolated_mic,data/raw/guitarset/mic/02_Jazz1-130-D_solo_mic.wav,train,"steel-string acoustic, mono mic"
gs_02_Jazz1-200-B_comp_mic,"GuitarSet (Xi et al. 2018, zenodo 3371780)",CC-BY-4.0,acoustic_guitar,isolated_mic,data/raw/guitarset/mic/02_Jazz1-200-B_comp_mic.wav,train,"steel-string acoustic, mono mic"
gs_02_Jazz1-200-B_solo_mic,"GuitarSet (Xi et al. 2018, zenodo 3371780)",CC-BY-4.0,acoustic_guitar,isolated_mic,data/raw/guitarset/mic/02_Jazz1-200-B_solo_mic.wav,train,"steel-string acoustic, mono mic"
gs_02_Jazz2-110-Bb_comp_mic,"GuitarSet (Xi et al. 2018, zenodo 3371780)",CC-BY-4.0,acoustic_guitar,isolated_mic,data/raw/guitarset/mic/02_Jazz2-110-Bb_comp_mic.wav,train,"steel-string acoustic, mono mic"
gs_02_Jazz2-110-Bb_solo_mic,"GuitarSet (Xi et al. 2018, zenodo 3371780)",CC-BY-4.0,acoustic_guitar,isolated_mic,data/raw/guitarset/mic/02_Jazz2-110-Bb_solo_mic.wav,train,"steel-string acoustic, mono mic"
gs_02_Jazz2-187-F#_comp_mic,"GuitarSet (Xi et al. 2018, zenodo 3371780)",CC-BY-4.0,acoustic_guitar,isolated_mic,data/raw/guitarset/mic/02_Jazz2-187-F#_comp_mic.wav,train,"steel-string acoustic, mono mic"
gs_02_Jazz2-187-F#_solo_mic,"GuitarSet (Xi et al. 2018, zenodo 3371780)",CC-BY-4.0,acoustic_guitar,isolated_mic,data/raw/guitarset/mic/02_Jazz2-187-F#_solo_mic.wav,train,"steel-string acoustic, mono mic"
gs_02_Jazz3-137-Eb_comp_mic,"GuitarSet (Xi et al. 2018, zenodo 3371780)",CC-BY-4.0,acoustic_guitar,isolated_mic,data/raw/guitarset/mic/02_Jazz3-137-Eb_comp_mic.wav,train,"steel-string acoustic, mono mic"
gs_02_Jazz3-137-Eb_solo_mic,"GuitarSet (Xi et al. 2018, zenodo 3371780)",CC-BY-4.0,acoustic_guitar,isolated_mic,data/raw/guitarset/mic/02_Jazz3-137-Eb_solo_mic.wav,train,"steel-string acoustic, mono mic"
gs_02_Jazz3-150-C_comp_mic,"GuitarSet (Xi et al. 2018, zenodo 3371780)",CC-BY-4.0,acoustic_guitar,isolated_mic,data/raw/guitarset/mic/02_Jazz3-150-C_comp_mic.wav,train,"steel-string acoustic, mono mic"
gs_02_Jazz3-150-C_solo_mic,"GuitarSet (Xi et al. 2018, zenodo 3371780)",CC-BY-4.0,acoustic_guitar,isolated_mic,data/raw/guitarset/mic/02_Jazz3-150-C_solo_mic.wav,train,"steel-string acoustic, mono mic"
gs_02_Rock1-130-A_comp_mic,"GuitarSet (Xi et al. 2018, zenodo 3371780)",CC-BY-4.0,acoustic_guitar,isolated_mic,data/raw/guitarset/mic/02_Rock1-130-A_comp_mic.wav,train,"steel-string acoustic, mono mic"
gs_02_Rock1-130-A_solo_mic,"GuitarSet (Xi et al. 2018, zenodo 3371780)",CC-BY-4.0,acoustic_guitar,isolated_mic,data/raw/guitarset/mic/02_Rock1-130-A_solo_mic.wav,train,"steel-string acoustic, mono mic"
gs_02_Rock1-90-C#_comp_mic,"GuitarSet (Xi et al. 2018, zenodo 3371780)",CC-BY-4.0,acoustic_guitar,isolated_mic,data/raw/guitarset/mic/02_Rock1-90-C#_comp_mic.wav,train,"steel-string acoustic, mono mic"
gs_02_Rock1-90-C#_solo_mic,"GuitarSet (Xi et al. 2018, zenodo 3371780)",CC-BY-4.0,acoustic_guitar,isolated_mic,data/raw/guitarset/mic/02_Rock1-90-C#_solo_mic.wav,train,"steel-string acoustic, mono mic"
gs_02_Rock2-142-D_comp_mic,"GuitarSet (Xi et al. 2018, zenodo 3371780)",CC-BY-4.0,acoustic_guitar,isolated_mic,data/raw/guitarset/mic/02_Rock2-142-D_comp_mic.wav,train,"steel-string acoustic, mono mic"
gs_02_Rock2-142-D_solo_mic,"GuitarSet (Xi et al. 2018, zenodo 3371780)",CC-BY-4.0,acoustic_guitar,isolated_mic,data/raw/guitarset/mic/02_Rock2-142-D_solo_mic.wav,train,"steel-string acoustic, mono mic"
gs_02_Rock2-85-F_comp_mic,"GuitarSet (Xi et al. 2018, zenodo 3371780)",CC-BY-4.0,acoustic_guitar,isolated_mic,data/raw/guitarset/mic/02_Rock2-85-F_comp_mic.wav,train,"steel-string acoustic, mono mic"
gs_02_Rock2-85-F_solo_mic,"GuitarSet (Xi et al. 2018, zenodo 3371780)",CC-BY-4.0,acoustic_guitar,isolated_mic,data/raw/guitarset/mic/02_Rock2-85-F_solo_mic.wav,train,"steel-string acoustic, mono mic"
gs_02_Rock3-117-Bb_comp_mic,"GuitarSet (Xi et al. 2018, zenodo 3371780)",CC-BY-4.0,acoustic_guitar,isolated_mic,data/raw/guitarset/mic/02_Rock3-117-Bb_comp_mic.wav,train,"steel-string acoustic, mono mic"
gs_02_Rock3-117-Bb_solo_mic,"GuitarSet (Xi et al. 2018, zenodo 3371780)",CC-BY-4.0,acoustic_guitar,isolated_mic,data/raw/guitarset/mic/02_Rock3-117-Bb_solo_mic.wav,train,"steel-string acoustic, mono mic"
gs_02_Rock3-148-C_comp_mic,"GuitarSet (Xi et al. 2018, zenodo 3371780)",CC-BY-4.0,acoustic_guitar,isolated_mic,data/raw/guitarset/mic/02_Rock3-148-C_comp_mic.wav,train,"steel-string acoustic, mono mic"
gs_02_Rock3-148-C_solo_mic,"GuitarSet (Xi et al. 2018, zenodo 3371780)",CC-BY-4.0,acoustic_guitar,isolated_mic,data/raw/guitarset/mic/02_Rock3-148-C_solo_mic.wav,train,"steel-string acoustic, mono mic"
gs_02_SS1-100-C#_comp_mic,"GuitarSet (Xi et al. 2018, zenodo 3371780)",CC-BY-4.0,acoustic_guitar,isolated_mic,data/raw/guitarset/mic/02_SS1-100-C#_comp_mic.wav,train,"steel-string acoustic, mono mic"
gs_02_SS1-100-C#_solo_mic,"GuitarSet (Xi et al. 2018, zenodo 3371780)",CC-BY-4.0,acoustic_guitar,isolated_mic,data/raw/guitarset/mic/02_SS1-100-C#_solo_mic.wav,train,"steel-string acoustic, mono mic"
gs_02_SS1-68-E_comp_mic,"GuitarSet (Xi et al. 2018, zenodo 3371780)",CC-BY-4.0,acoustic_guitar,isolated_mic,data/raw/guitarset/mic/02_SS1-68-E_comp_mic.wav,train,"steel-string acoustic, mono mic"
gs_02_SS1-68-E_solo_mic,"GuitarSet (Xi et al. 2018, zenodo 3371780)",CC-BY-4.0,acoustic_guitar,isolated_mic,data/raw/guitarset/mic/02_SS1-68-E_solo_mic.wav,train,"steel-string acoustic, mono mic"
gs_02_SS2-107-Ab_comp_mic,"GuitarSet (Xi et al. 2018, zenodo 3371780)",CC-BY-4.0,acoustic_guitar,isolated_mic,data/raw/guitarset/mic/02_SS2-107-Ab_comp_mic.wav,train,"steel-string acoustic, mono mic"
gs_02_SS2-107-Ab_solo_mic,"GuitarSet (Xi et al. 2018, zenodo 3371780)",CC-BY-4.0,acoustic_guitar,isolated_mic,data/raw/guitarset/mic/02_SS2-107-Ab_solo_mic.wav,train,"steel-string acoustic, mono mic"
gs_02_SS2-88-F_comp_mic,"GuitarSet (Xi et al. 2018, zenodo 3371780)",CC-BY-4.0,acoustic_guitar,isolated_mic,data/raw/guitarset/mic/02_SS2-88-F_comp_mic.wav,train,"steel-string acoustic, mono mic"
gs_02_SS2-88-F_solo_mic,"GuitarSet (Xi et al. 2018, zenodo 3371780)",CC-BY-4.0,acoustic_guitar,isolated_mic,data/raw/guitarset/mic/02_SS2-88-F_solo_mic.wav,train,"steel-string acoustic, mono mic"
gs_02_SS3-84-Bb_comp_mic,"GuitarSet (Xi et al. 2018, zenodo 3371780)",CC-BY-4.0,acoustic_guitar,isolated_mic,data/raw/guitarset/mic/02_SS3-84-Bb_comp_mic.wav,train,"steel-string acoustic, mono mic"
gs_02_SS3-84-Bb_solo_mic,"GuitarSet (Xi et al. 2018, zenodo 3371780)",CC-BY-4.0,acoustic_guitar,isolated_mic,data/raw/guitarset/mic/02_SS3-84-Bb_solo_mic.wav,train,"steel-string acoustic, mono mic"
gs_02_SS3-98-C_comp_mic,"GuitarSet (Xi et al. 2018, zenodo 3371780)",CC-BY-4.0,acoustic_guitar,isolated_mic,data/raw/guitarset/mic/02_SS3-98-C_comp_mic.wav,train,"steel-string acoustic, mono mic"
gs_02_SS3-98-C_solo_mic,"GuitarSet (Xi et al. 2018, zenodo 3371780)",CC-BY-4.0,acoustic_guitar,isolated_mic,data/raw/guitarset/mic/02_SS3-98-C_solo_mic.wav,train,"steel-string acoustic, mono mic"
gs_03_BN1-129-Eb_comp_mic,"GuitarSet (Xi et al. 2018, zenodo 3371780)",CC-BY-4.0,acoustic_guitar,isolated_mic,data/raw/guitarset/mic/03_BN1-129-Eb_comp_mic.wav,train,"steel-string acoustic, mono mic"
gs_03_BN1-129-Eb_solo_mic,"GuitarSet (Xi et al. 2018, zenodo 3371780)",CC-BY-4.0,acoustic_guitar,isolated_mic,data/raw/guitarset/mic/03_BN1-129-Eb_solo_mic.wav,train,"steel-string acoustic, mono mic"
gs_03_BN1-147-Gb_comp_mic,"GuitarSet (Xi et al. 2018, zenodo 3371780)",CC-BY-4.0,acoustic_guitar,isolated_mic,data/raw/guitarset/mic/03_BN1-147-Gb_comp_mic.wav,train,"steel-string acoustic, mono mic"
gs_03_BN1-147-Gb_solo_mic,"GuitarSet (Xi et al. 2018, zenodo 3371780)",CC-BY-4.0,acoustic_guitar,isolated_mic,data/raw/guitarset/mic/03_BN1-147-Gb_solo_mic.wav,train,"steel-string acoustic, mono mic"
gs_03_BN2-131-B_comp_mic,"GuitarSet (Xi et al. 2018, zenodo 3371780)",CC-BY-4.0,acoustic_guitar,isolated_mic,data/raw/guitarset/mic/03_BN2-131-B_comp_mic.wav,train,"steel-string acoustic, mono mic"
gs_03_BN2-131-B_solo_mic,"GuitarSet (Xi et al. 2018, zenodo 3371780)",CC-BY-4.0,acoustic_guitar,isolated_mic,data/raw/guitarset/mic/03_BN2-131-B_solo_mic.wav,train,"steel-string acoustic, mono mic"
gs_03_BN2-166-Ab_comp_mic,"GuitarSet (Xi et al. 2018, zenodo 3371780)",CC-BY-4.0,acoustic_guitar,isolated_mic,data/raw/guitarset/mic/03_BN2-166-Ab_comp_mic.wav,train,"steel-string acoustic, mono mic"
gs_03_BN2-166-Ab_solo_mic,"GuitarSet (Xi et al. 2018, zenodo 3371780)",CC-BY-4.0,acoustic_guitar,isolated_mic,data/raw/guitarset/mic/03_BN2-166-Ab_solo_mic.wav,train,"steel-string acoustic, mono mic"
gs_03_BN3-119-G_comp_mic,"GuitarSet (Xi et al. 2018, zenodo 3371780)",CC-BY-4.0,acoustic_guitar,isolated_mic,data/raw/guitarset/mic/03_BN3-119-G_comp_mic.wav,train,"steel-string acoustic, mono mic"
gs_03_BN3-119-G_solo_mic,"GuitarSet (Xi et al. 2018, zenodo 3371780)",CC-BY-4.0,acoustic_guitar,isolated_mic,data/raw/guitarset/mic/03_BN3-119-G_solo_mic.wav,train,"steel-string acoustic, mono mic"
gs_03_BN3-154-E_comp_mic,"GuitarSet (Xi et al. 2018, zenodo 3371780)",CC-BY-4.0,acoustic_guitar,isolated_mic,data/raw/guitarset/mic/03_BN3-154-E_comp_mic.wav,train,"steel-string acoustic, mono mic"
gs_03_BN3-154-E_solo_mic,"GuitarSet (Xi et al. 2018, zenodo 3371780)",CC-BY-4.0,acoustic_guitar,isolated_mic,data/raw/guitarset/mic/03_BN3-154-E_solo_mic.wav,train,"steel-string acoustic, mono mic"
gs_03_Funk1-114-Ab_comp_mic,"GuitarSet (Xi et al. 2018, zenodo 3371780)",CC-BY-4.0,acoustic_guitar,isolated_mic,data/raw/guitarset/mic/03_Funk1-114-Ab_comp_mic.wav,train,"steel-string acoustic, mono mic"
gs_03_Funk1-114-Ab_solo_mic,"GuitarSet (Xi et al. 2018, zenodo 3371780)",CC-BY-4.0,acoustic_guitar,isolated_mic,data/raw/guitarset/mic/03_Funk1-114-Ab_solo_mic.wav,train,"steel-string acoustic, mono mic"
gs_03_Funk1-97-C_comp_mic,"GuitarSet (Xi et al. 2018, zenodo 3371780)",CC-BY-4.0,acoustic_guitar,isolated_mic,data/raw/guitarset/mic/03_Funk1-97-C_comp_mic.wav,train,"steel-string acoustic, mono mic"
gs_03_Funk1-97-C_solo_mic,"GuitarSet (Xi et al. 2018, zenodo 3371780)",CC-BY-4.0,acoustic_guitar,isolated_mic,data/raw/guitarset/mic/03_Funk1-97-C_solo_mic.wav,train,"steel-string acoustic, mono mic"
gs_03_Funk2-108-Eb_comp_mic,"GuitarSet (Xi et al. 2018, zenodo 3371780)",CC-BY-4.0,acoustic_guitar,isolated_mic,data/raw/guitarset/mic/03_Funk2-108-Eb_comp_mic.wav,train,"steel-string acoustic, mono mic"
gs_03_Funk2-108-Eb_solo_mic,"GuitarSet (Xi et al. 2018, zenodo 3371780)",CC-BY-4.0,acoustic_guitar,isolated_mic,data/raw/guitarset/mic/03_Funk2-108-Eb_solo_mic.wav,train,"steel-string acoustic, mono mic"
gs_03_Funk2-119-G_comp_mic,"GuitarSet (Xi et al. 2018, zenodo 3371780)",CC-BY-4.0,acoustic_guitar,isolated_mic,data/raw/guitarset/mic/03_Funk2-119-G_comp_mic.wav,train,"steel-string acoustic, mono mic"
gs_03_Funk2-119-G_solo_mic,"GuitarSet (Xi et al. 2018, zenodo 3371780)",CC-BY-4.0,acoustic_guitar,isolated_mic,data/raw/guitarset/mic/03_Funk2-119-G_solo_mic.wav,train,"steel-string acoustic, mono mic"
gs_03_Funk3-112-C#_comp_mic,"GuitarSet (Xi et al. 2018, zenodo 3371780)",CC-BY-4.0,acoustic_guitar,isolated_mic,data/raw/guitarset/mic/03_Funk3-112-C#_comp_mic.wav,train,"steel-string acoustic, mono mic"
gs_03_Funk3-112-C#_solo_mic,"GuitarSet (Xi et al. 2018, zenodo 3371780)",CC-BY-4.0,acoustic_guitar,isolated_mic,data/raw/guitarset/mic/03_Funk3-112-C#_solo_mic.wav,train,"steel-string acoustic, mono mic"
gs_03_Funk3-98-A_comp_mic,"GuitarSet (Xi et al. 2018, zenodo 3371780)",CC-BY-4.0,acoustic_guitar,isolated_mic,data/raw/guitarset/mic/03_Funk3-98-A_comp_mic.wav,train,"steel-string acoustic, mono mic"
gs_03_Funk3-98-A_solo_mic,"GuitarSet (Xi et al. 2018, zenodo 3371780)",CC-BY-4.0,acoustic_guitar,isolated_mic,data/raw/guitarset/mic/03_Funk3-98-A_solo_mic.wav,train,"steel-string acoustic, mono mic"
gs_03_Jazz1-130-D_comp_mic,"GuitarSet (Xi et al. 2018, zenodo 3371780)",CC-BY-4.0,acoustic_guitar,isolated_mic,data/raw/guitarset/mic/03_Jazz1-130-D_comp_mic.wav,train,"steel-string acoustic, mono mic"
gs_03_Jazz1-130-D_solo_mic,"GuitarSet (Xi et al. 2018, zenodo 3371780)",CC-BY-4.0,acoustic_guitar,isolated_mic,data/raw/guitarset/mic/03_Jazz1-130-D_solo_mic.wav,train,"steel-string acoustic, mono mic"
gs_03_Jazz1-200-B_comp_mic,"GuitarSet (Xi et al. 2018, zenodo 3371780)",CC-BY-4.0,acoustic_guitar,isolated_mic,data/raw/guitarset/mic/03_Jazz1-200-B_comp_mic.wav,train,"steel-string acoustic, mono mic"
gs_03_Jazz1-200-B_solo_mic,"GuitarSet (Xi et al. 2018, zenodo 3371780)",CC-BY-4.0,acoustic_guitar,isolated_mic,data/raw/guitarset/mic/03_Jazz1-200-B_solo_mic.wav,train,"steel-string acoustic, mono mic"
gs_03_Jazz2-110-Bb_comp_mic,"GuitarSet (Xi et al. 2018, zenodo 3371780)",CC-BY-4.0,acoustic_guitar,isolated_mic,data/raw/guitarset/mic/03_Jazz2-110-Bb_comp_mic.wav,train,"steel-string acoustic, mono mic"
gs_03_Jazz2-110-Bb_solo_mic,"GuitarSet (Xi et al. 2018, zenodo 3371780)",CC-BY-4.0,acoustic_guitar,isolated_mic,data/raw/guitarset/mic/03_Jazz2-110-Bb_solo_mic.wav,train,"steel-string acoustic, mono mic"
gs_03_Jazz2-187-F#_comp_mic,"GuitarSet (Xi et al. 2018, zenodo 3371780)",CC-BY-4.0,acoustic_guitar,isolated_mic,data/raw/guitarset/mic/03_Jazz2-187-F#_comp_mic.wav,train,"steel-string acoustic, mono mic"
gs_03_Jazz2-187-F#_solo_mic,"GuitarSet (Xi et al. 2018, zenodo 3371780)",CC-BY-4.0,acoustic_guitar,isolated_mic,data/raw/guitarset/mic/03_Jazz2-187-F#_solo_mic.wav,train,"steel-string acoustic, mono mic"
gs_03_Jazz3-137-Eb_comp_mic,"GuitarSet (Xi et al. 2018, zenodo 3371780)",CC-BY-4.0,acoustic_guitar,isolated_mic,data/raw/guitarset/mic/03_Jazz3-137-Eb_comp_mic.wav,train,"steel-string acoustic, mono mic"
gs_03_Jazz3-137-Eb_solo_mic,"GuitarSet (Xi et al. 2018, zenodo 3371780)",CC-BY-4.0,acoustic_guitar,isolated_mic,data/raw/guitarset/mic/03_Jazz3-137-Eb_solo_mic.wav,train,"steel-string acoustic, mono mic"
gs_03_Jazz3-150-C_comp_mic,"GuitarSet (Xi et al. 2018, zenodo 3371780)",CC-BY-4.0,acoustic_guitar,isolated_mic,data/raw/guitarset/mic/03_Jazz3-150-C_comp_mic.wav,train,"steel-string acoustic, mono mic"
gs_03_Jazz3-150-C_solo_mic,"GuitarSet (Xi et al. 2018, zenodo 3371780)",CC-BY-4.0,acoustic_guitar,isolated_mic,data/raw/guitarset/mic/03_Jazz3-150-C_solo_mic.wav,train,"steel-string acoustic, mono mic"
gs_03_Rock1-130-A_comp_mic,"GuitarSet (Xi et al. 2018, zenodo 3371780)",CC-BY-4.0,acoustic_guitar,isolated_mic,data/raw/guitarset/mic/03_Rock1-130-A_comp_mic.wav,train,"steel-string acoustic, mono mic"
gs_03_Rock1-130-A_solo_mic,"GuitarSet (Xi et al. 2018, zenodo 3371780)",CC-BY-4.0,acoustic_guitar,isolated_mic,data/raw/guitarset/mic/03_Rock1-130-A_solo_mic.wav,train,"steel-string acoustic, mono mic"
gs_03_Rock1-90-C#_comp_mic,"GuitarSet (Xi et al. 2018, zenodo 3371780)",CC-BY-4.0,acoustic_guitar,isolated_mic,data/raw/guitarset/mic/03_Rock1-90-C#_comp_mic.wav,train,"steel-string acoustic, mono mic"
gs_03_Rock1-90-C#_solo_mic,"GuitarSet (Xi et al. 2018, zenodo 3371780)",CC-BY-4.0,acoustic_guitar,isolated_mic,data/raw/guitarset/mic/03_Rock1-90-C#_solo_mic.wav,train,"steel-string acoustic, mono mic"
gs_03_Rock2-142-D_comp_mic,"GuitarSet (Xi et al. 2018, zenodo 3371780)",CC-BY-4.0,acoustic_guitar,isolated_mic,data/raw/guitarset/mic/03_Rock2-142-D_comp_mic.wav,train,"steel-string acoustic, mono mic"
gs_03_Rock2-142-D_solo_mic,"GuitarSet (Xi et al. 2018, zenodo 3371780)",CC-BY-4.0,acoustic_guitar,isolated_mic,data/raw/guitarset/mic/03_Rock2-142-D_solo_mic.wav,train,"steel-string acoustic, mono mic"
gs_03_Rock2-85-F_comp_mic,"GuitarSet (Xi et al. 2018, zenodo 3371780)",CC-BY-4.0,acoustic_guitar,isolated_mic,data/raw/guitarset/mic/03_Rock2-85-F_comp_mic.wav,train,"steel-string acoustic, mono mic"
gs_03_Rock2-85-F_solo_mic,"GuitarSet (Xi et al. 2018, zenodo 3371780)",CC-BY-4.0,acoustic_guitar,isolated_mic,data/raw/guitarset/mic/03_Rock2-85-F_solo_mic.wav,train,"steel-string acoustic, mono mic"
gs_03_Rock3-117-Bb_comp_mic,"GuitarSet (Xi et al. 2018, zenodo 3371780)",CC-BY-4.0,acoustic_guitar,isolated_mic,data/raw/guitarset/mic/03_Rock3-117-Bb_comp_mic.wav,train,"steel-string acoustic, mono mic"
gs_03_Rock3-117-Bb_solo_mic,"GuitarSet (Xi et al. 2018, zenodo 3371780)",CC-BY-4.0,acoustic_guitar,isolated_mic,data/raw/guitarset/mic/03_Rock3-117-Bb_solo_mic.wav,train,"steel-string acoustic, mono mic"
gs_03_Rock3-148-C_comp_mic,"GuitarSet (Xi et al. 2018, zenodo 3371780)",CC-BY-4.0,acoustic_guitar,isolated_mic,data/raw/guitarset/mic/03_Rock3-148-C_comp_mic.wav,train,"steel-string acoustic, mono mic"
gs_03_Rock3-148-C_solo_mic,"GuitarSet (Xi et al. 2018, zenodo 3371780)",CC-BY-4.0,acoustic_guitar,isolated_mic,data/raw/guitarset/mic/03_Rock3-148-C_solo_mic.wav,train,"steel-string acoustic, mono mic"
gs_03_SS1-100-C#_comp_mic,"GuitarSet (Xi et al. 2018, zenodo 3371780)",CC-BY-4.0,acoustic_guitar,isolated_mic,data/raw/guitarset/mic/03_SS1-100-C#_comp_mic.wav,train,"steel-string acoustic, mono mic"
gs_03_SS1-100-C#_solo_mic,"GuitarSet (Xi et al. 2018, zenodo 3371780)",CC-BY-4.0,acoustic_guitar,isolated_mic,data/raw/guitarset/mic/03_SS1-100-C#_solo_mic.wav,train,"steel-string acoustic, mono mic"
gs_03_SS1-68-E_comp_mic,"GuitarSet (Xi et al. 2018, zenodo 3371780)",CC-BY-4.0,acoustic_guitar,isolated_mic,data/raw/guitarset/mic/03_SS1-68-E_comp_mic.wav,train,"steel-string acoustic, mono mic"
gs_03_SS1-68-E_solo_mic,"GuitarSet (Xi et al. 2018, zenodo 3371780)",CC-BY-4.0,acoustic_guitar,isolated_mic,data/raw/guitarset/mic/03_SS1-68-E_solo_mic.wav,train,"steel-string acoustic, mono mic"
gs_03_SS2-107-Ab_comp_mic,"GuitarSet (Xi et al. 2018, zenodo 3371780)",CC-BY-4.0,acoustic_guitar,isolated_mic,data/raw/guitarset/mic/03_SS2-107-Ab_comp_mic.wav,train,"steel-string acoustic, mono mic"
gs_03_SS2-107-Ab_solo_mic,"GuitarSet (Xi et al. 2018, zenodo 3371780)",CC-BY-4.0,acoustic_guitar,isolated_mic,data/raw/guitarset/mic/03_SS2-107-Ab_solo_mic.wav,train,"steel-string acoustic, mono mic"
gs_03_SS2-88-F_comp_mic,"GuitarSet (Xi et al. 2018, zenodo 3371780)",CC-BY-4.0,acoustic_guitar,isolated_mic,data/raw/guitarset/mic/03_SS2-88-F_comp_mic.wav,train,"steel-string acoustic, mono mic"
gs_03_SS2-88-F_solo_mic,"GuitarSet (Xi et al. 2018, zenodo 3371780)",CC-BY-4.0,acoustic_guitar,isolated_mic,data/raw/guitarset/mic/03_SS2-88-F_solo_mic.wav,train,"steel-string acoustic, mono mic"
gs_03_SS3-84-Bb_comp_mic,"GuitarSet (Xi et al. 2018, zenodo 3371780)",CC-BY-4.0,acoustic_guitar,isolated_mic,data/raw/guitarset/mic/03_SS3-84-Bb_comp_mic.wav,train,"steel-string acoustic, mono mic"
gs_03_SS3-84-Bb_solo_mic,"GuitarSet (Xi et al. 2018, zenodo 3371780)",CC-BY-4.0,acoustic_guitar,isolated_mic,data/raw/guitarset/mic/03_SS3-84-Bb_solo_mic.wav,train,"steel-string acoustic, mono mic"
gs_03_SS3-98-C_comp_mic,"GuitarSet (Xi et al. 2018, zenodo 3371780)",CC-BY-4.0,acoustic_guitar,isolated_mic,data/raw/guitarset/mic/03_SS3-98-C_comp_mic.wav,train,"steel-string acoustic, mono mic"
gs_03_SS3-98-C_solo_mic,"GuitarSet (Xi et al. 2018, zenodo 3371780)",CC-BY-4.0,acoustic_guitar,isolated_mic,data/raw/guitarset/mic/03_SS3-98-C_solo_mic.wav,train,"steel-string acoustic, mono mic"
gs_04_BN1-129-Eb_comp_mic,"GuitarSet (Xi et al. 2018, zenodo 3371780)",CC-BY-4.0,acoustic_guitar,isolated_mic,data/raw/guitarset/mic/04_BN1-129-Eb_comp_mic.wav,train,"steel-string acoustic, mono mic"
gs_04_BN1-129-Eb_solo_mic,"GuitarSet (Xi et al. 2018, zenodo 3371780)",CC-BY-4.0,acoustic_guitar,isolated_mic,data/raw/guitarset/mic/04_BN1-129-Eb_solo_mic.wav,train,"steel-string acoustic, mono mic"
gs_04_BN1-147-Gb_comp_mic,"GuitarSet (Xi et al. 2018, zenodo 3371780)",CC-BY-4.0,acoustic_guitar,isolated_mic,data/raw/guitarset/mic/04_BN1-147-Gb_comp_mic.wav,train,"steel-string acoustic, mono mic"
gs_04_BN1-147-Gb_solo_mic,"GuitarSet (Xi et al. 2018, zenodo 3371780)",CC-BY-4.0,acoustic_guitar,isolated_mic,data/raw/guitarset/mic/04_BN1-147-Gb_solo_mic.wav,train,"steel-string acoustic, mono mic"
gs_04_BN2-131-B_comp_mic,"GuitarSet (Xi et al. 2018, zenodo 3371780)",CC-BY-4.0,acoustic_guitar,isolated_mic,data/raw/guitarset/mic/04_BN2-131-B_comp_mic.wav,train,"steel-string acoustic, mono mic"
gs_04_BN2-131-B_solo_mic,"GuitarSet (Xi et al. 2018, zenodo 3371780)",CC-BY-4.0,acoustic_guitar,isolated_mic,data/raw/guitarset/mic/04_BN2-131-B_solo_mic.wav,train,"steel-string acoustic, mono mic"
gs_04_BN2-166-Ab_comp_mic,"GuitarSet (Xi et al. 2018, zenodo 3371780)",CC-BY-4.0,acoustic_guitar,isolated_mic,data/raw/guitarset/mic/04_BN2-166-Ab_comp_mic.wav,train,"steel-string acoustic, mono mic"
gs_04_BN2-166-Ab_solo_mic,"GuitarSet (Xi et al. 2018, zenodo 3371780)",CC-BY-4.0,acoustic_guitar,isolated_mic,data/raw/guitarset/mic/04_BN2-166-Ab_solo_mic.wav,train,"steel-string acoustic, mono mic"
gs_04_BN3-119-G_comp_mic,"GuitarSet (Xi et al. 2018, zenodo 3371780)",CC-BY-4.0,acoustic_guitar,isolated_mic,data/raw/guitarset/mic/04_BN3-119-G_comp_mic.wav,train,"steel-string acoustic, mono mic"
gs_04_BN3-119-G_solo_mic,"GuitarSet (Xi et al. 2018, zenodo 3371780)",CC-BY-4.0,acoustic_guitar,isolated_mic,data/raw/guitarset/mic/04_BN3-119-G_solo_mic.wav,train,"steel-string acoustic, mono mic"
gs_04_BN3-154-E_comp_mic,"GuitarSet (Xi et al. 2018, zenodo 3371780)",CC-BY-4.0,acoustic_guitar,isolated_mic,data/raw/guitarset/mic/04_BN3-154-E_comp_mic.wav,train,"steel-string acoustic, mono mic"
gs_04_BN3-154-E_solo_mic,"GuitarSet (Xi et al. 2018, zenodo 3371780)",CC-BY-4.0,acoustic_guitar,isolated_mic,data/raw/guitarset/mic/04_BN3-154-E_solo_mic.wav,train,"steel-string acoustic, mono mic"
gs_04_Funk1-114-Ab_comp_mic,"GuitarSet (Xi et al. 2018, zenodo 3371780)",CC-BY-4.0,acoustic_guitar,isolated_mic,data/raw/guitarset/mic/04_Funk1-114-Ab_comp_mic.wav,train,"steel-string acoustic, mono mic"
gs_04_Funk1-114-Ab_solo_mic,"GuitarSet (Xi et al. 2018, zenodo 3371780)",CC-BY-4.0,acoustic_guitar,isolated_mic,data/raw/guitarset/mic/04_Funk1-114-Ab_solo_mic.wav,train,"steel-string acoustic, mono mic"
gs_04_Funk1-97-C_comp_mic,"GuitarSet (Xi et al. 2018, zenodo 3371780)",CC-BY-4.0,acoustic_guitar,isolated_mic,data/raw/guitarset/mic/04_Funk1-97-C_comp_mic.wav,train,"steel-string acoustic, mono mic"
gs_04_Funk1-97-C_solo_mic,"GuitarSet (Xi et al. 2018, zenodo 3371780)",CC-BY-4.0,acoustic_guitar,isolated_mic,data/raw/guitarset/mic/04_Funk1-97-C_solo_mic.wav,train,"steel-string acoustic, mono mic"
gs_04_Funk2-108-Eb_comp_mic,"GuitarSet (Xi et al. 2018, zenodo 3371780)",CC-BY-4.0,acoustic_guitar,isolated_mic,data/raw/guitarset/mic/04_Funk2-108-Eb_comp_mic.wav,train,"steel-string acoustic, mono mic"
gs_04_Funk2-108-Eb_solo_mic,"GuitarSet (Xi et al. 2018, zenodo 3371780)",CC-BY-4.0,acoustic_guitar,isolated_mic,data/raw/guitarset/mic/04_Funk2-108-Eb_solo_mic.wav,train,"steel-string acoustic, mono mic"
gs_04_Funk2-119-G_comp_mic,"GuitarSet (Xi et al. 2018, zenodo 3371780)",CC-BY-4.0,acoustic_guitar,isolated_mic,data/raw/guitarset/mic/04_Funk2-119-G_comp_mic.wav,train,"steel-string acoustic, mono mic"
gs_04_Funk2-119-G_solo_mic,"GuitarSet (Xi et al. 2018, zenodo 3371780)",CC-BY-4.0,acoustic_guitar,isolated_mic,data/raw/guitarset/mic/04_Funk2-119-G_solo_mic.wav,train,"steel-string acoustic, mono mic"
gs_04_Funk3-112-C#_comp_mic,"GuitarSet (Xi et al. 2018, zenodo 3371780)",CC-BY-4.0,acoustic_guitar,isolated_mic,data/raw/guitarset/mic/04_Funk3-112-C#_comp_mic.wav,train,"steel-string acoustic, mono mic"
gs_04_Funk3-112-C#_solo_mic,"GuitarSet (Xi et al. 2018, zenodo 3371780)",CC-BY-4.0,acoustic_guitar,isolated_mic,data/raw/guitarset/mic/04_Funk3-112-C#_solo_mic.wav,train,"steel-string acoustic, mono mic"
gs_04_Funk3-98-A_comp_mic,"GuitarSet (Xi et al. 2018, zenodo 3371780)",CC-BY-4.0,acoustic_guitar,isolated_mic,data/raw/guitarset/mic/04_Funk3-98-A_comp_mic.wav,train,"steel-string acoustic, mono mic"
gs_04_Funk3-98-A_solo_mic,"GuitarSet (Xi et al. 2018, zenodo 3371780)",CC-BY-4.0,acoustic_guitar,isolated_mic,data/raw/guitarset/mic/04_Funk3-98-A_solo_mic.wav,train,"steel-string acoustic, mono mic"
gs_04_Jazz1-130-D_comp_mic,"GuitarSet (Xi et al. 2018, zenodo 3371780)",CC-BY-4.0,acoustic_guitar,isolated_mic,data/raw/guitarset/mic/04_Jazz1-130-D_comp_mic.wav,train,"steel-string acoustic, mono mic"
gs_04_Jazz1-130-D_solo_mic,"GuitarSet (Xi et al. 2018, zenodo 3371780)",CC-BY-4.0,acoustic_guitar,isolated_mic,data/raw/guitarset/mic/04_Jazz1-130-D_solo_mic.wav,train,"steel-string acoustic, mono mic"
gs_04_Jazz1-200-B_comp_mic,"GuitarSet (Xi et al. 2018, zenodo 3371780)",CC-BY-4.0,acoustic_guitar,isolated_mic,data/raw/guitarset/mic/04_Jazz1-200-B_comp_mic.wav,train,"steel-string acoustic, mono mic"
gs_04_Jazz1-200-B_solo_mic,"GuitarSet (Xi et al. 2018, zenodo 3371780)",CC-BY-4.0,acoustic_guitar,isolated_mic,data/raw/guitarset/mic/04_Jazz1-200-B_solo_mic.wav,train,"steel-string acoustic, mono mic"
gs_04_Jazz2-110-Bb_comp_mic,"GuitarSet (Xi et al. 2018, zenodo 3371780)",CC-BY-4.0,acoustic_guitar,isolated_mic,data/raw/guitarset/mic/04_Jazz2-110-Bb_comp_mic.wav,train,"steel-string acoustic, mono mic"
gs_04_Jazz2-110-Bb_solo_mic,"GuitarSet (Xi et al. 2018, zenodo 3371780)",CC-BY-4.0,acoustic_guitar,isolated_mic,data/raw/guitarset/mic/04_Jazz2-110-Bb_solo_mic.wav,train,"steel-string acoustic, mono mic"
gs_04_Jazz2-187-F#_comp_mic,"GuitarSet (Xi et al. 2018, zenodo 3371780)",CC-BY-4.0,acoustic_guitar,isolated_mic,data/raw/guitarset/mic/04_Jazz2-187-F#_comp_mic.wav,train,"steel-string acoustic, mono mic"
gs_04_Jazz2-187-F#_solo_mic,"GuitarSet (Xi et al. 2018, zenodo 3371780)",CC-BY-4.0,acoustic_guitar,isolated_mic,data/raw/guitarset/mic/04_Jazz2-187-F#_solo_mic.wav,train,"steel-string acoustic, mono mic"
gs_04_Jazz3-137-Eb_comp_mic,"GuitarSet (Xi et al. 2018, zenodo 3371780)",CC-BY-4.0,acoustic_guitar,isolated_mic,data/raw/guitarset/mic/04_Jazz3-137-Eb_comp_mic.wav,train,"steel-string acoustic, mono mic"
gs_04_Jazz3-137-Eb_solo_mic,"GuitarSet (Xi et al. 2018, zenodo 3371780)",CC-BY-4.0,acoustic_guitar,isolated_mic,data/raw/guitarset/mic/04_Jazz3-137-Eb_solo_mic.wav,train,"steel-string acoustic, mono mic"
gs_04_Jazz3-150-C_comp_mic,"GuitarSet (Xi et al. 2018, zenodo 3371780)",CC-BY-4.0,acoustic_guitar,isolated_mic,data/raw/guitarset/mic/04_Jazz3-150-C_comp_mic.wav,train,"steel-string acoustic, mono mic"
gs_04_Jazz3-150-C_solo_mic,"GuitarSet (Xi et al. 2018, zenodo 3371780)",CC-BY-4.0,acoustic_guitar,isolated_mic,data/raw/guitarset/mic/04_Jazz3-150-C_solo_mic.wav,train,"steel-string acoustic, mono mic"
gs_04_Rock1-130-A_comp_mic,"GuitarSet (Xi et al. 2018, zenodo 3371780)",CC-BY-4.0,acoustic_guitar,isolated_mic,data/raw/guitarset/mic/04_Rock1-130-A_comp_mic.wav,train,"steel-string acoustic, mono mic"
gs_04_Rock1-130-A_solo_mic,"GuitarSet (Xi et al. 2018, zenodo 3371780)",CC-BY-4.0,acoustic_guitar,isolated_mic,data/raw/guitarset/mic/04_Rock1-130-A_solo_mic.wav,train,"steel-string acoustic, mono mic"
gs_04_Rock1-90-C#_comp_mic,"GuitarSet (Xi et al. 2018, zenodo 3371780)",CC-BY-4.0,acoustic_guitar,isolated_mic,data/raw/guitarset/mic/04_Rock1-90-C#_comp_mic.wav,train,"steel-string acoustic, mono mic"
gs_04_Rock1-90-C#_solo_mic,"GuitarSet (Xi et al. 2018, zenodo 3371780)",CC-BY-4.0,acoustic_guitar,isolated_mic,data/raw/guitarset/mic/04_Rock1-90-C#_solo_mic.wav,train,"steel-string acoustic, mono mic"
gs_04_Rock2-142-D_comp_mic,"GuitarSet (Xi et al. 2018, zenodo 3371780)",CC-BY-4.0,acoustic_guitar,isolated_mic,data/raw/guitarset/mic/04_Rock2-142-D_comp_mic.wav,train,"steel-string acoustic, mono mic"
gs_04_Rock2-142-D_solo_mic,"GuitarSet (Xi et al. 2018, zenodo 3371780)",CC-BY-4.0,acoustic_guitar,isolated_mic,data/raw/guitarset/mic/04_Rock2-142-D_solo_mic.wav,train,"steel-string acoustic, mono mic"
gs_04_Rock2-85-F_comp_mic,"GuitarSet (Xi et al. 2018, zenodo 3371780)",CC-BY-4.0,acoustic_guitar,isolated_mic,data/raw/guitarset/mic/04_Rock2-85-F_comp_mic.wav,train,"steel-string acoustic, mono mic"
gs_04_Rock2-85-F_solo_mic,"GuitarSet (Xi et al. 2018, zenodo 3371780)",CC-BY-4.0,acoustic_guitar,isolated_mic,data/raw/guitarset/mic/04_Rock2-85-F_solo_mic.wav,train,"steel-string acoustic, mono mic"
gs_04_Rock3-117-Bb_comp_mic,"GuitarSet (Xi et al. 2018, zenodo 3371780)",CC-BY-4.0,acoustic_guitar,isolated_mic,data/raw/guitarset/mic/04_Rock3-117-Bb_comp_mic.wav,train,"steel-string acoustic, mono mic"
gs_04_Rock3-117-Bb_solo_mic,"GuitarSet (Xi et al. 2018, zenodo 3371780)",CC-BY-4.0,acoustic_guitar,isolated_mic,data/raw/guitarset/mic/04_Rock3-117-Bb_solo_mic.wav,train,"steel-string acoustic, mono mic"
gs_04_Rock3-148-C_comp_mic,"GuitarSet (Xi et al. 2018, zenodo 3371780)",CC-BY-4.0,acoustic_guitar,isolated_mic,data/raw/guitarset/mic/04_Rock3-148-C_comp_mic.wav,train,"steel-string acoustic, mono mic"
gs_04_Rock3-148-C_solo_mic,"GuitarSet (Xi et al. 2018, zenodo 3371780)",CC-BY-4.0,acoustic_guitar,isolated_mic,data/raw/guitarset/mic/04_Rock3-148-C_solo_mic.wav,train,"steel-string acoustic, mono mic"
gs_04_SS1-100-C#_comp_mic,"GuitarSet (Xi et al. 2018, zenodo 3371780)",CC-BY-4.0,acoustic_guitar,isolated_mic,data/raw/guitarset/mic/04_SS1-100-C#_comp_mic.wav,train,"steel-string acoustic, mono mic"
gs_04_SS1-100-C#_solo_mic,"GuitarSet (Xi et al. 2018, zenodo 3371780)",CC-BY-4.0,acoustic_guitar,isolated_mic,data/raw/guitarset/mic/04_SS1-100-C#_solo_mic.wav,train,"steel-string acoustic, mono mic"
gs_04_SS1-68-E_comp_mic,"GuitarSet (Xi et al. 2018, zenodo 3371780)",CC-BY-4.0,acoustic_guitar,isolated_mic,data/raw/guitarset/mic/04_SS1-68-E_comp_mic.wav,train,"steel-string acoustic, mono mic"
gs_04_SS1-68-E_solo_mic,"GuitarSet (Xi et al. 2018, zenodo 3371780)",CC-BY-4.0,acoustic_guitar,isolated_mic,data/raw/guitarset/mic/04_SS1-68-E_solo_mic.wav,train,"steel-string acoustic, mono mic"
gs_04_SS2-107-Ab_comp_mic,"GuitarSet (Xi et al. 2018, zenodo 3371780)",CC-BY-4.0,acoustic_guitar,isolated_mic,data/raw/guitarset/mic/04_SS2-107-Ab_comp_mic.wav,train,"steel-string acoustic, mono mic"
gs_04_SS2-107-Ab_solo_mic,"GuitarSet (Xi et al. 2018, zenodo 3371780)",CC-BY-4.0,acoustic_guitar,isolated_mic,data/raw/guitarset/mic/04_SS2-107-Ab_solo_mic.wav,train,"steel-string acoustic, mono mic"
gs_04_SS2-88-F_comp_mic,"GuitarSet (Xi et al. 2018, zenodo 3371780)",CC-BY-4.0,acoustic_guitar,isolated_mic,data/raw/guitarset/mic/04_SS2-88-F_comp_mic.wav,train,"steel-string acoustic, mono mic"
gs_04_SS2-88-F_solo_mic,"GuitarSet (Xi et al. 2018, zenodo 3371780)",CC-BY-4.0,acoustic_guitar,isolated_mic,data/raw/guitarset/mic/04_SS2-88-F_solo_mic.wav,train,"steel-string acoustic, mono mic"
gs_04_SS3-84-Bb_comp_mic,"GuitarSet (Xi et al. 2018, zenodo 3371780)",CC-BY-4.0,acoustic_guitar,isolated_mic,data/raw/guitarset/mic/04_SS3-84-Bb_comp_mic.wav,train,"steel-string acoustic, mono mic"
gs_04_SS3-84-Bb_solo_mic,"GuitarSet (Xi et al. 2018, zenodo 3371780)",CC-BY-4.0,acoustic_guitar,isolated_mic,data/raw/guitarset/mic/04_SS3-84-Bb_solo_mic.wav,train,"steel-string acoustic, mono mic"
gs_04_SS3-98-C_comp_mic,"GuitarSet (Xi et al. 2018, zenodo 3371780)",CC-BY-4.0,acoustic_guitar,isolated_mic,data/raw/guitarset/mic/04_SS3-98-C_comp_mic.wav,train,"steel-string acoustic, mono mic"
gs_04_SS3-98-C_solo_mic,"GuitarSet (Xi et al. 2018, zenodo 3371780)",CC-BY-4.0,acoustic_guitar,isolated_mic,data/raw/guitarset/mic/04_SS3-98-C_solo_mic.wav,train,"steel-string acoustic, mono mic"
gs_05_BN1-129-Eb_comp_mic,"GuitarSet (Xi et al. 2018, zenodo 3371780)",CC-BY-4.0,acoustic_guitar,isolated_mic,data/raw/guitarset/mic/05_BN1-129-Eb_comp_mic.wav,val,"steel-string acoustic, mono mic"
gs_05_BN1-129-Eb_solo_mic,"GuitarSet (Xi et al. 2018, zenodo 3371780)",CC-BY-4.0,acoustic_guitar,isolated_mic,data/raw/guitarset/mic/05_BN1-129-Eb_solo_mic.wav,val,"steel-string acoustic, mono mic"
gs_05_BN1-147-Gb_comp_mic,"GuitarSet (Xi et al. 2018, zenodo 3371780)",CC-BY-4.0,acoustic_guitar,isolated_mic,data/raw/guitarset/mic/05_BN1-147-Gb_comp_mic.wav,val,"steel-string acoustic, mono mic"
gs_05_BN1-147-Gb_solo_mic,"GuitarSet (Xi et al. 2018, zenodo 3371780)",CC-BY-4.0,acoustic_guitar,isolated_mic,data/raw/guitarset/mic/05_BN1-147-Gb_solo_mic.wav,val,"steel-string acoustic, mono mic"
gs_05_BN2-131-B_comp_mic,"GuitarSet (Xi et al. 2018, zenodo 3371780)",CC-BY-4.0,acoustic_guitar,isolated_mic,data/raw/guitarset/mic/05_BN2-131-B_comp_mic.wav,val,"steel-string acoustic, mono mic"
gs_05_BN2-131-B_solo_mic,"GuitarSet (Xi et al. 2018, zenodo 3371780)",CC-BY-4.0,acoustic_guitar,isolated_mic,data/raw/guitarset/mic/05_BN2-131-B_solo_mic.wav,val,"steel-string acoustic, mono mic"
gs_05_BN2-166-Ab_comp_mic,"GuitarSet (Xi et al. 2018, zenodo 3371780)",CC-BY-4.0,acoustic_guitar,isolated_mic,data/raw/guitarset/mic/05_BN2-166-Ab_comp_mic.wav,val,"steel-string acoustic, mono mic"
gs_05_BN2-166-Ab_solo_mic,"GuitarSet (Xi et al. 2018, zenodo 3371780)",CC-BY-4.0,acoustic_guitar,isolated_mic,data/raw/guitarset/mic/05_BN2-166-Ab_solo_mic.wav,val,"steel-string acoustic, mono mic"
gs_05_BN3-119-G_comp_mic,"GuitarSet (Xi et al. 2018, zenodo 3371780)",CC-BY-4.0,acoustic_guitar,isolated_mic,data/raw/guitarset/mic/05_BN3-119-G_comp_mic.wav,val,"steel-string acoustic, mono mic"
gs_05_BN3-119-G_solo_mic,"GuitarSet (Xi et al. 2018, zenodo 3371780)",CC-BY-4.0,acoustic_guitar,isolated_mic,data/raw/guitarset/mic/05_BN3-119-G_solo_mic.wav,val,"steel-string acoustic, mono mic"
gs_05_BN3-154-E_comp_mic,"GuitarSet (Xi et al. 2018, zenodo 3371780)",CC-BY-4.0,acoustic_guitar,isolated_mic,data/raw/guitarset/mic/05_BN3-154-E_comp_mic.wav,val,"steel-string acoustic, mono mic"
gs_05_BN3-154-E_solo_mic,"GuitarSet (Xi et al. 2018, zenodo 3371780)",CC-BY-4.0,acoustic_guitar,isolated_mic,data/raw/guitarset/mic/05_BN3-154-E_solo_mic.wav,val,"steel-string acoustic, mono mic"
gs_05_Funk1-114-Ab_comp_mic,"GuitarSet (Xi et al. 2018, zenodo 3371780)",CC-BY-4.0,acoustic_guitar,isolated_mic,data/raw/guitarset/mic/05_Funk1-114-Ab_comp_mic.wav,val,"steel-string acoustic, mono mic"
gs_05_Funk1-114-Ab_solo_mic,"GuitarSet (Xi et al. 2018, zenodo 3371780)",CC-BY-4.0,acoustic_guitar,isolated_mic,data/raw/guitarset/mic/05_Funk1-114-Ab_solo_mic.wav,val,"steel-string acoustic, mono mic"
gs_05_Funk1-97-C_comp_mic,"GuitarSet (Xi et al. 2018, zenodo 3371780)",CC-BY-4.0,acoustic_guitar,isolated_mic,data/raw/guitarset/mic/05_Funk1-97-C_comp_mic.wav,val,"steel-string acoustic, mono mic"
gs_05_Funk1-97-C_solo_mic,"GuitarSet (Xi et al. 2018, zenodo 3371780)",CC-BY-4.0,acoustic_guitar,isolated_mic,data/raw/guitarset/mic/05_Funk1-97-C_solo_mic.wav,val,"steel-string acoustic, mono mic"
gs_05_Funk2-108-Eb_comp_mic,"GuitarSet (Xi et al. 2018, zenodo 3371780)",CC-BY-4.0,acoustic_guitar,isolated_mic,data/raw/guitarset/mic/05_Funk2-108-Eb_comp_mic.wav,val,"steel-string acoustic, mono mic"
gs_05_Funk2-108-Eb_solo_mic,"GuitarSet (Xi et al. 2018, zenodo 3371780)",CC-BY-4.0,acoustic_guitar,isolated_mic,data/raw/guitarset/mic/05_Funk2-108-Eb_solo_mic.wav,val,"steel-string acoustic, mono mic"
gs_05_Funk2-119-G_comp_mic,"GuitarSet (Xi et al. 2018, zenodo 3371780)",CC-BY-4.0,acoustic_guitar,isolated_mic,data/raw/guitarset/mic/05_Funk2-119-G_comp_mic.wav,val,"steel-string acoustic, mono mic"
gs_05_Funk2-119-G_solo_mic,"GuitarSet (Xi et al. 2018, zenodo 3371780)",CC-BY-4.0,acoustic_guitar,isolated_mic,data/raw/guitarset/mic/05_Funk2-119-G_solo_mic.wav,val,"steel-string acoustic, mono mic"
gs_05_Funk3-112-C#_comp_mic,"GuitarSet (Xi et al. 2018, zenodo 3371780)",CC-BY-4.0,acoustic_guitar,isolated_mic,data/raw/guitarset/mic/05_Funk3-112-C#_comp_mic.wav,val,"steel-string acoustic, mono mic"
gs_05_Funk3-112-C#_solo_mic,"GuitarSet (Xi et al. 2018, zenodo 3371780)",CC-BY-4.0,acoustic_guitar,isolated_mic,data/raw/guitarset/mic/05_Funk3-112-C#_solo_mic.wav,val,"steel-string acoustic, mono mic"
gs_05_Funk3-98-A_comp_mic,"GuitarSet (Xi et al. 2018, zenodo 3371780)",CC-BY-4.0,acoustic_guitar,isolated_mic,data/raw/guitarset/mic/05_Funk3-98-A_comp_mic.wav,val,"steel-string acoustic, mono mic"
gs_05_Funk3-98-A_solo_mic,"GuitarSet (Xi et al. 2018, zenodo 3371780)",CC-BY-4.0,acoustic_guitar,isolated_mic,data/raw/guitarset/mic/05_Funk3-98-A_solo_mic.wav,val,"steel-string acoustic, mono mic"
gs_05_Jazz1-130-D_comp_mic,"GuitarSet (Xi et al. 2018, zenodo 3371780)",CC-BY-4.0,acoustic_guitar,isolated_mic,data/raw/guitarset/mic/05_Jazz1-130-D_comp_mic.wav,val,"steel-string acoustic, mono mic"
gs_05_Jazz1-130-D_solo_mic,"GuitarSet (Xi et al. 2018, zenodo 3371780)",CC-BY-4.0,acoustic_guitar,isolated_mic,data/raw/guitarset/mic/05_Jazz1-130-D_solo_mic.wav,val,"steel-string acoustic, mono mic"
gs_05_Jazz1-200-B_comp_mic,"GuitarSet (Xi et al. 2018, zenodo 3371780)",CC-BY-4.0,acoustic_guitar,isolated_mic,data/raw/guitarset/mic/05_Jazz1-200-B_comp_mic.wav,val,"steel-string acoustic, mono mic"
gs_05_Jazz1-200-B_solo_mic,"GuitarSet (Xi et al. 2018, zenodo 3371780)",CC-BY-4.0,acoustic_guitar,isolated_mic,data/raw/guitarset/mic/05_Jazz1-200-B_solo_mic.wav,val,"steel-string acoustic, mono mic"
gs_05_Jazz2-110-Bb_comp_mic,"GuitarSet (Xi et al. 2018, zenodo 3371780)",CC-BY-4.0,acoustic_guitar,isolated_mic,data/raw/guitarset/mic/05_Jazz2-110-Bb_comp_mic.wav,val,"steel-string acoustic, mono mic"
gs_05_Jazz2-110-Bb_solo_mic,"GuitarSet (Xi et al. 2018, zenodo 3371780)",CC-BY-4.0,acoustic_guitar,isolated_mic,data/raw/guitarset/mic/05_Jazz2-110-Bb_solo_mic.wav,val,"steel-string acoustic, mono mic"
gs_05_Jazz2-187-F#_comp_mic,"GuitarSet (Xi et al. 2018, zenodo 3371780)",CC-BY-4.0,acoustic_guitar,isolated_mic,data/raw/guitarset/mic/05_Jazz2-187-F#_comp_mic.wav,val,"steel-string acoustic, mono mic"
gs_05_Jazz2-187-F#_solo_mic,"GuitarSet (Xi et al. 2018, zenodo 3371780)",CC-BY-4.0,acoustic_guitar,isolated_mic,data/raw/guitarset/mic/05_Jazz2-187-F#_solo_mic.wav,val,"steel-string acoustic, mono mic"
gs_05_Jazz3-137-Eb_comp_mic,"GuitarSet (Xi et al. 2018, zenodo 3371780)",CC-BY-4.0,acoustic_guitar,isolated_mic,data/raw/guitarset/mic/05_Jazz3-137-Eb_comp_mic.wav,val,"steel-string acoustic, mono mic"
gs_05_Jazz3-137-Eb_solo_mic,"GuitarSet (Xi et al. 2018, zenodo 3371780)",CC-BY-4.0,acoustic_guitar,isolated_mic,data/raw/guitarset/mic/05_Jazz3-137-Eb_solo_mic.wav,val,"steel-string acoustic, mono mic"
gs_05_Jazz3-150-C_comp_mic,"GuitarSet (Xi et al. 2018, zenodo 3371780)",CC-BY-4.0,acoustic_guitar,isolated_mic,data/raw/guitarset/mic/05_Jazz3-150-C_comp_mic.wav,val,"steel-string acoustic, mono mic"
gs_05_Jazz3-150-C_solo_mic,"GuitarSet (Xi et al. 2018, zenodo 3371780)",CC-BY-4.0,acoustic_guitar,isolated_mic,data/raw/guitarset/mic/05_Jazz3-150-C_solo_mic.wav,val,"steel-string acoustic, mono mic"
gs_05_Rock1-130-A_comp_mic,"GuitarSet (Xi et al. 2018, zenodo 3371780)",CC-BY-4.0,acoustic_guitar,isolated_mic,data/raw/guitarset/mic/05_Rock1-130-A_comp_mic.wav,val,"steel-string acoustic, mono mic"
gs_05_Rock1-130-A_solo_mic,"GuitarSet (Xi et al. 2018, zenodo 3371780)",CC-BY-4.0,acoustic_guitar,isolated_mic,data/raw/guitarset/mic/05_Rock1-130-A_solo_mic.wav,val,"steel-string acoustic, mono mic"
gs_05_Rock1-90-C#_comp_mic,"GuitarSet (Xi et al. 2018, zenodo 3371780)",CC-BY-4.0,acoustic_guitar,isolated_mic,data/raw/guitarset/mic/05_Rock1-90-C#_comp_mic.wav,val,"steel-string acoustic, mono mic"
gs_05_Rock1-90-C#_solo_mic,"GuitarSet (Xi et al. 2018, zenodo 3371780)",CC-BY-4.0,acoustic_guitar,isolated_mic,data/raw/guitarset/mic/05_Rock1-90-C#_solo_mic.wav,val,"steel-string acoustic, mono mic"
gs_05_Rock2-142-D_comp_mic,"GuitarSet (Xi et al. 2018, zenodo 3371780)",CC-BY-4.0,acoustic_guitar,isolated_mic,data/raw/guitarset/mic/05_Rock2-142-D_comp_mic.wav,val,"steel-string acoustic, mono mic"
gs_05_Rock2-142-D_solo_mic,"GuitarSet (Xi et al. 2018, zenodo 3371780)",CC-BY-4.0,acoustic_guitar,isolated_mic,data/raw/guitarset/mic/05_Rock2-142-D_solo_mic.wav,val,"steel-string acoustic, mono mic"
gs_05_Rock2-85-F_comp_mic,"GuitarSet (Xi et al. 2018, zenodo 3371780)",CC-BY-4.0,acoustic_guitar,isolated_mic,data/raw/guitarset/mic/05_Rock2-85-F_comp_mic.wav,val,"steel-string acoustic, mono mic"
gs_05_Rock2-85-F_solo_mic,"GuitarSet (Xi et al. 2018, zenodo 3371780)",CC-BY-4.0,acoustic_guitar,isolated_mic,data/raw/guitarset/mic/05_Rock2-85-F_solo_mic.wav,val,"steel-string acoustic, mono mic"
gs_05_Rock3-117-Bb_comp_mic,"GuitarSet (Xi et al. 2018, zenodo 3371780)",CC-BY-4.0,acoustic_guitar,isolated_mic,data/raw/guitarset/mic/05_Rock3-117-Bb_comp_mic.wav,val,"steel-string acoustic, mono mic"
gs_05_Rock3-117-Bb_solo_mic,"GuitarSet (Xi et al. 2018, zenodo 3371780)",CC-BY-4.0,acoustic_guitar,isolated_mic,data/raw/guitarset/mic/05_Rock3-117-Bb_solo_mic.wav,val,"steel-string acoustic, mono mic"
gs_05_Rock3-148-C_comp_mic,"GuitarSet (Xi et al. 2018, zenodo 3371780)",CC-BY-4.0,acoustic_guitar,isolated_mic,data/raw/guitarset/mic/05_Rock3-148-C_comp_mic.wav,val,"steel-string acoustic, mono mic"
gs_05_Rock3-148-C_solo_mic,"GuitarSet (Xi et al. 2018, zenodo 3371780)",CC-BY-4.0,acoustic_guitar,isolated_mic,data/raw/guitarset/mic/05_Rock3-148-C_solo_mic.wav,val,"steel-string acoustic, mono mic"
gs_05_SS1-100-C#_comp_mic,"GuitarSet (Xi et al. 2018, zenodo 3371780)",CC-BY-4.0,acoustic_guitar,isolated_mic,data/raw/guitarset/mic/05_SS1-100-C#_comp_mic.wav,val,"steel-string acoustic, mono mic"
gs_05_SS1-100-C#_solo_mic,"GuitarSet (Xi et al. 2018, zenodo 3371780)",CC-BY-4.0,acoustic_guitar,isolated_mic,data/raw/guitarset/mic/05_SS1-100-C#_solo_mic.wav,val,"steel-string acoustic, mono mic"
gs_05_SS1-68-E_comp_mic,"GuitarSet (Xi et al. 2018, zenodo 3371780)",CC-BY-4.0,acoustic_guitar,isolated_mic,data/raw/guitarset/mic/05_SS1-68-E_comp_mic.wav,val,"steel-string acoustic, mono mic"
gs_05_SS1-68-E_solo_mic,"GuitarSet (Xi et al. 2018, zenodo 3371780)",CC-BY-4.0,acoustic_guitar,isolated_mic,data/raw/guitarset/mic/05_SS1-68-E_solo_mic.wav,val,"steel-string acoustic, mono mic"
gs_05_SS2-107-Ab_comp_mic,"GuitarSet (Xi et al. 2018, zenodo 3371780)",CC-BY-4.0,acoustic_guitar,isolated_mic,data/raw/guitarset/mic/05_SS2-107-Ab_comp_mic.wav,val,"steel-string acoustic, mono mic"
gs_05_SS2-107-Ab_solo_mic,"GuitarSet (Xi et al. 2018, zenodo 3371780)",CC-BY-4.0,acoustic_guitar,isolated_mic,data/raw/guitarset/mic/05_SS2-107-Ab_solo_mic.wav,val,"steel-string acoustic, mono mic"
gs_05_SS2-88-F_comp_mic,"GuitarSet (Xi et al. 2018, zenodo 3371780)",CC-BY-4.0,acoustic_guitar,isolated_mic,data/raw/guitarset/mic/05_SS2-88-F_comp_mic.wav,val,"steel-string acoustic, mono mic"
gs_05_SS2-88-F_solo_mic,"GuitarSet (Xi et al. 2018, zenodo 3371780)",CC-BY-4.0,acoustic_guitar,isolated_mic,data/raw/guitarset/mic/05_SS2-88-F_solo_mic.wav,val,"steel-string acoustic, mono mic"
gs_05_SS3-84-Bb_comp_mic,"GuitarSet (Xi et al. 2018, zenodo 3371780)",CC-BY-4.0,acoustic_guitar,isolated_mic,data/raw/guitarset/mic/05_SS3-84-Bb_comp_mic.wav,val,"steel-string acoustic, mono mic"
gs_05_SS3-84-Bb_solo_mic,"GuitarSet (Xi et al. 2018, zenodo 3371780)",CC-BY-4.0,acoustic_guitar,isolated_mic,data/raw/guitarset/mic/05_SS3-84-Bb_solo_mic.wav,val,"steel-string acoustic, mono mic"
gs_05_SS3-98-C_comp_mic,"GuitarSet (Xi et al. 2018, zenodo 3371780)",CC-BY-4.0,acoustic_guitar,isolated_mic,data/raw/guitarset/mic/05_SS3-98-C_comp_mic.wav,val,"steel-string acoustic, mono mic"
gs_05_SS3-98-C_solo_mic,"GuitarSet (Xi et al. 2018, zenodo 3371780)",CC-BY-4.0,acoustic_guitar,isolated_mic,data/raw/guitarset/mic/05_SS3-98-C_solo_mic.wav,val,"steel-string acoustic, mono mic"
ms_Swing_Bazar_Fleche_DOr,RawStems (HF kwatcharasupat/mixing-secrets-rawstems),"Mixing Secrets / RawStems: non-commercial research & education only, no redistribution",multitrack,multitrack_song,data/raw/mixing-secrets-rawstems/dev/Swing_Bazar - Fleche_DOr,val,coherent song; GT = sum of acoustic guitar stems
ms_Catfolkin_Sant_Jordi_v2_0,RawStems (HF kwatcharasupat/mixing-secrets-rawstems),"Mixing Secrets / RawStems: non-commercial research & education only, no redistribution",multitrack,multitrack_song,data/raw/mixing-secrets-rawstems/dev/Catfolkin - Sant_Jordi_v2.0,val,coherent song; GT = sum of acoustic guitar stems
ms_Spektakulatius_What_Child_Is_This,RawStems (HF kwatcharasupat/mixing-secrets-rawstems),"Mixing Secrets / RawStems: non-commercial research & education only, no redistribution",multitrack,multitrack_song,data/raw/mixing-secrets-rawstems/dev/Spektakulatius - What_Child_Is_This,val,coherent song; GT = sum of acoustic guitar stems
ms_Bolz_Knecht_Summertime,RawStems (HF kwatcharasupat/mixing-secrets-rawstems),"Mixing Secrets / RawStems: non-commercial research & education only, no redistribution",multitrack,multitrack_song,data/raw/mixing-secrets-rawstems/dev/Bolz__Knecht - Summertime,val,coherent song; GT = sum of acoustic guitar stems
ms_Rod_Alexander_Tears_In_The_Rain,RawStems (HF kwatcharasupat/mixing-secrets-rawstems),"Mixing Secrets / RawStems: non-commercial research & education only, no redistribution",multitrack,multitrack_song,data/raw/mixing-secrets-rawstems/dev/Rod_Alexander - Tears_In_The_Rain,val,coherent song; GT = sum of acoustic guitar stems
ms_Perdidos_Na_Zona_Sul_Meu_Bem,RawStems (HF kwatcharasupat/mixing-secrets-rawstems),"Mixing Secrets / RawStems: non-commercial research & education only, no redistribution",multitrack,multitrack_song,data/raw/mixing-secrets-rawstems/dev/Perdidos_Na_Zona_Sul - Meu_Bem,val,coherent song; GT = sum of acoustic guitar stems
ms_Egda_Carolyn_Saudade_Do_Teu_Beijo,RawStems (HF kwatcharasupat/mixing-secrets-rawstems),"Mixing Secrets / RawStems: non-commercial research & education only, no redistribution",multitrack,multitrack_song,data/raw/mixing-secrets-rawstems/dev/Egda_Carolyn - Saudade_Do_Teu_Beijo,val,coherent song; GT = sum of acoustic guitar stems
ms_Enda_Reilly_An_Nasc_Nua,RawStems (HF kwatcharasupat/mixing-secrets-rawstems),"Mixing Secrets / RawStems: non-commercial research & education only, no redistribution",multitrack,multitrack_song,data/raw/mixing-secrets-rawstems/dev/Enda_Reilly - An_Nasc_Nua,val,coherent song; GT = sum of acoustic guitar stems
ms_Wolfs_Head_Vixen_Morris_Band_Lament,RawStems (HF kwatcharasupat/mixing-secrets-rawstems),"Mixing Secrets / RawStems: non-commercial research & education only, no redistribution",multitrack,multitrack_song,data/raw/mixing-secrets-rawstems/dev/Wolfs_Head__Vixen_Morris_Band - Lament,val,coherent song; GT = sum of acoustic guitar stems
ms_Adam_Buckley_Drag_me_Down,RawStems (HF kwatcharasupat/mixing-secrets-rawstems),"Mixing Secrets / RawStems: non-commercial research & education only, no redistribution",multitrack,multitrack_song,data/raw/mixing-secrets-rawstems/dev/Adam_Buckley - Drag_me_Down,val,coherent song; GT = sum of acoustic guitar stems
ms_Andres_Guazzelli_Attention,RawStems (HF kwatcharasupat/mixing-secrets-rawstems),"Mixing Secrets / RawStems: non-commercial research & education only, no redistribution",multitrack,multitrack_song,data/raw/mixing-secrets-rawstems/dev/Andres_Guazzelli - Attention,val,coherent song; GT = sum of acoustic guitar stems
ms_Leslie_Mendelson_The_Hardest_Part,RawStems (HF kwatcharasupat/mixing-secrets-rawstems),"Mixing Secrets / RawStems: non-commercial research & education only, no redistribution",multitrack,multitrack_song,data/raw/mixing-secrets-rawstems/dev/Leslie_Mendelson - The_Hardest_Part,val,coherent song; GT = sum of acoustic guitar stems
ms_Nikola_Stajic_feat_Vlasis_Kostas_Nalim,RawStems (HF kwatcharasupat/mixing-secrets-rawstems),"Mixing Secrets / RawStems: non-commercial research & education only, no redistribution",multitrack,multitrack_song,data/raw/mixing-secrets-rawstems/dev/Nikola_Stajic_feat._Vlasis_Kostas - Nalim,val,coherent song; GT = sum of acoustic guitar stems
msneg_Paul_Smith_8_Days_A_Week_Studio_NEW_The_Weight_Orch_STR_Violin_flac,RawStems,"Mixing Secrets / RawStems: non-commercial research & education only, no redistribution",violin,isolated_stem,data/raw/mixing-secrets-rawstems/dev/Paul_Smith__8_Days_A_Week_Studio - NEW_The_Weight/Orch/STR/Violin.flac,val,Paul_Smith__8_Days_A_Week_Studio - NEW_The_Weight
msneg_Ben_Flowers_NEW_The_Calling_Orch_STR_07_Violin1_flac,RawStems,"Mixing Secrets / RawStems: non-commercial research & education only, no redistribution",violin,isolated_stem,data/raw/mixing-secrets-rawstems/dev/Ben_Flowers - NEW_The_Calling/Orch/STR/07_Violin1.flac,val,Ben_Flowers - NEW_The_Calling
msneg_Domestic_Research_Partners_NEW_Old_Empty_Nest_Orch_STR_19_ViolinDT2_fl,RawStems,"Mixing Secrets / RawStems: non-commercial research & education only, no redistribution",violin,isolated_stem,data/raw/mixing-secrets-rawstems/dev/Domestic_Research_Partners - NEW_Old_Empty_Nest/Orch/STR/19_ViolinDT2.flac,val,Domestic_Research_Partners - NEW_Old_Empty_Nest
msneg_Barnstar_You_Dont_Know_Orch_STR_Violin_C12_flac,RawStems,"Mixing Secrets / RawStems: non-commercial research & education only, no redistribution",violin,isolated_stem,data/raw/mixing-secrets-rawstems/dev/Barnstar - You_Dont_Know/Orch/STR/Violin-C12.flac,val,Barnstar - You_Dont_Know
msneg_Jack_Hutcheson_The_Narcissist_Orch_STR_20_Violins1_flac,RawStems,"Mixing Secrets / RawStems: non-commercial research & education only, no redistribution",violin,isolated_stem,data/raw/mixing-secrets-rawstems/dev/Jack_Hutcheson - The_Narcissist/Orch/STR/20_Violins1.flac,val,Jack_Hutcheson - The_Narcissist
msneg_Uncle_Dad_Who_I_Am_Orch_STR_FIDDLE_260_NEVE_1073LB_CL1B_flac,RawStems,"Mixing Secrets / RawStems: non-commercial research & education only, no redistribution",violin,isolated_stem,data/raw/mixing-secrets-rawstems/dev/Uncle_Dad - Who_I_Am/Orch/STR/FIDDLE-260-NEVE 1073LB-CL1B.flac,val,Uncle_Dad - Who_I_Am
msneg_Imp_Act_Dying_Light_Orch_STR_25_Violins1_flac,RawStems,"Mixing Secrets / RawStems: non-commercial research & education only, no redistribution",violin,isolated_stem,data/raw/mixing-secrets-rawstems/dev/Imp_Act - Dying_Light/Orch/STR/25_Violins1.flac,val,Imp_Act - Dying_Light
msneg_Prusinski_Magdalena_Orch_STR_27_Violins1_flac,RawStems,"Mixing Secrets / RawStems: non-commercial research & education only, no redistribution",violin,isolated_stem,data/raw/mixing-secrets-rawstems/dev/Prusinski - Magdalena/Orch/STR/27_Violins1.flac,val,Prusinski - Magdalena
msneg_Pretty_Saro_Carolina_In_The_Pines_Orch_STR_Violin_C12_flac,RawStems,"Mixing Secrets / RawStems: non-commercial research & education only, no redistribution",violin,isolated_stem,data/raw/mixing-secrets-rawstems/dev/Pretty_Saro - Carolina_In_The_Pines/Orch/STR/Violin-C12.flac,val,Pretty_Saro - Carolina_In_The_Pines
msneg_Mipso_Wallpaper_Baby_Orch_STR_Violin_TDP_1_flac,RawStems,"Mixing Secrets / RawStems: non-commercial research & education only, no redistribution",violin,isolated_stem,data/raw/mixing-secrets-rawstems/dev/Mipso - Wallpaper_Baby/Orch/STR/Violin TDP-1.flac,val,Mipso - Wallpaper_Baby
msneg_Whitten_And_Williams_How_To_Make_A_Mirror_Orch_WW_02_Flutes_flac,RawStems,"Mixing Secrets / RawStems: non-commercial research & education only, no redistribution",winds,isolated_stem,data/raw/mixing-secrets-rawstems/dev/Whitten_And._Williams - How_To_Make_A_Mirror/Orch/WW/02_Flutes.flac,val,Whitten_And._Williams - How_To_Make_A_Mirror
msneg_Kangoro_King_Rascal_Orch_WW_29_FluteLoop_flac,RawStems,"Mixing Secrets / RawStems: non-commercial research & education only, no redistribution",winds,isolated_stem,data/raw/mixing-secrets-rawstems/dev/Kangoro - King_Rascal/Orch/WW/29_FluteLoop.flac,val,Kangoro - King_Rascal
msneg_Lindy_Hip_Big_Band_Makin_Whoopee_Orch_WW_12_SaxAlto2_flac,RawStems,"Mixing Secrets / RawStems: non-commercial research & education only, no redistribution",winds,isolated_stem,data/raw/mixing-secrets-rawstems/dev/Lindy_Hip_Big_Band - Makin_Whoopee/Orch/WW/12_SaxAlto2.flac,val,Lindy_Hip_Big_Band - Makin_Whoopee
msneg_Maurizio_Pagnutti_Sextet_Bess_Orch_WW_14_Clarinet_flac,RawStems,"Mixing Secrets / RawStems: non-commercial research & education only, no redistribution",winds,isolated_stem,data/raw/mixing-secrets-rawstems/dev/Maurizio_Pagnutti_Sextet - Bess/Orch/WW/14_Clarinet.flac,val,Maurizio_Pagnutti_Sextet - Bess
msneg_Imp_Act_Dying_Light_Orch_WW_29_Flute1_flac,RawStems,"Mixing Secrets / RawStems: non-commercial research & education only, no redistribution",winds,isolated_stem,data/raw/mixing-secrets-rawstems/dev/Imp_Act - Dying_Light/Orch/WW/29_Flute1.flac,val,Imp_Act - Dying_Light
msneg_Chad_Hollister_Band_Eyes_Orch_WW_Horns_Sax2_M82_flac,RawStems,"Mixing Secrets / RawStems: non-commercial research & education only, no redistribution",winds,isolated_stem,data/raw/mixing-secrets-rawstems/dev/Chad_Hollister_Band - Eyes/Orch/WW/Horns-Sax2-M82.flac,val,Chad_Hollister_Band - Eyes
msneg_Lindy_Hip_Big_Band_The_Opener_Orch_WW_13_SaxTenor01_flac,RawStems,"Mixing Secrets / RawStems: non-commercial research & education only, no redistribution",winds,isolated_stem,data/raw/mixing-secrets-rawstems/dev/Lindy_Hip_Big_Band - The_Opener/Orch/WW/13_SaxTenor01.flac,val,Lindy_Hip_Big_Band - The_Opener
msneg_Ghost_Note_Ja_Make_Ya_Dance_Orch_WW_Horns_Sax_Flute_M81_flac,RawStems,"Mixing Secrets / RawStems: non-commercial research & education only, no redistribution",winds,isolated_stem,data/raw/mixing-secrets-rawstems/dev/Ghost_Note - Ja_Make_Ya_Dance/Orch/WW/Horns-Sax_Flute-M81.flac,val,Ghost_Note - Ja_Make_Ya_Dance
msneg_ShortWave_RadioBand_SomeDay_Orch_WW_29_Saxophones_flac,RawStems,"Mixing Secrets / RawStems: non-commercial research & education only, no redistribution",winds,isolated_stem,data/raw/mixing-secrets-rawstems/dev/ShortWave_RadioBand - SomeDay/Orch/WW/29_Saxophones.flac,val,ShortWave_RadioBand - SomeDay
msneg_Zwiepack_Air_Orch_WW_05_SaxMic2_PeerArray_flac,RawStems,"Mixing Secrets / RawStems: non-commercial research & education only, no redistribution",winds,isolated_stem,data/raw/mixing-secrets-rawstems/dev/Zwiepack - Air/Orch/WW/05_SaxMic2_PeerArray.flac,val,Zwiepack - Air
msneg_Strobe_Maya_Rhy_PERC_06_PercLoop_flac,RawStems,"Mixing Secrets / RawStems: non-commercial research & education only, no redistribution",percussion,isolated_stem,data/raw/mixing-secrets-rawstems/dev/Strobe - Maya/Rhy/PERC/06_PercLoop.flac,val,Strobe - Maya
msneg_Timo_Carlier_The_Road_Ahead_Rhy_PERC_03_Tambourine_flac,RawStems,"Mixing Secrets / RawStems: non-commercial research & education only, no redistribution",percussion,isolated_stem,data/raw/mixing-secrets-rawstems/dev/Timo_Carlier - The_Road_Ahead/Rhy/PERC/03_Tambourine.flac,val,Timo_Carlier - The_Road_Ahead
msneg_J_P_Lantieri_Chardonnay_Mystik_Vibe_Remix_Rhy_PERC_04_Percussion2_flac,RawStems,"Mixing Secrets / RawStems: non-commercial research & education only, no redistribution",percussion,isolated_stem,data/raw/mixing-secrets-rawstems/dev/J_P_Lantieri - Chardonnay_Mystik_Vibe_Remix/Rhy/PERC/04_Percussion2.flac,val,J_P_Lantieri - Chardonnay_Mystik_Vibe_Remix
msneg_Angelo_Boltini_Fragments_Rhy_PERC_19_Shaker_flac,RawStems,"Mixing Secrets / RawStems: non-commercial research & education only, no redistribution",percussion,isolated_stem,data/raw/mixing-secrets-rawstems/dev/Angelo_Boltini - Fragments/Rhy/PERC/19_Shaker.flac,val,Angelo_Boltini - Fragments
msneg_The_Travelling_Band_Quicksand_Rhy_PERC_12_Tambourine_flac,RawStems,"Mixing Secrets / RawStems: non-commercial research & education only, no redistribution",percussion,isolated_stem,data/raw/mixing-secrets-rawstems/dev/The_Travelling_Band - Quicksand/Rhy/PERC/12_Tambourine.flac,val,The_Travelling_Band - Quicksand
msneg_Fytakyte_Bitter_Rhy_PERC_15_Tambourine_flac,RawStems,"Mixing Secrets / RawStems: non-commercial research & education only, no redistribution",percussion,isolated_stem,data/raw/mixing-secrets-rawstems/dev/Fytakyte - Bitter/Rhy/PERC/15_Tambourine.flac,val,Fytakyte - Bitter
msneg_Eddie_Garrido_A_Cry_For_Normalcy_Rhy_PERC_02_Percussion_flac,RawStems,"Mixing Secrets / RawStems: non-commercial research & education only, no redistribution",percussion,isolated_stem,data/raw/mixing-secrets-rawstems/dev/Eddie_Garrido - A_Cry_For_Normalcy/Rhy/PERC/02_Percussion.flac,val,Eddie_Garrido - A_Cry_For_Normalcy
msneg_Ghost_Note_Ja_Make_Ya_Dance_Rhy_PERC_Percussion_Overhead_AR51_flac,RawStems,"Mixing Secrets / RawStems: non-commercial research & education only, no redistribution",percussion,isolated_stem,data/raw/mixing-secrets-rawstems/dev/Ghost_Note - Ja_Make_Ya_Dance/Rhy/PERC/Percussion-Overhead-AR51.flac,val,Ghost_Note - Ja_Make_Ya_Dance
msneg_Uncle_Dad_Who_I_Am_Gtr_AG_BANJO_CU29_VINTECH_573_flac,RawStems,"Mixing Secrets / RawStems: non-commercial research & education only, no redistribution",plucked_other,isolated_stem,data/raw/mixing-secrets-rawstems/dev/Uncle_Dad - Who_I_Am/Gtr/AG/BANJO-CU29-VINTECH 573.flac,val,Uncle_Dad - Who_I_Am
msneg_Diesel13_Colour_Me_Red_Gtr_AG_28_Banjo_flac,RawStems,"Mixing Secrets / RawStems: non-commercial research & education only, no redistribution",plucked_other,isolated_stem,data/raw/mixing-secrets-rawstems/dev/Diesel13 - Colour_Me_Red/Gtr/AG/28_Banjo.flac,val,Diesel13 - Colour_Me_Red
msneg_Banned_From_The_Zoo_Fish_Tacos_Gtr_AG_15_Ukelele_flac,RawStems,"Mixing Secrets / RawStems: non-commercial research & education only, no redistribution",plucked_other,isolated_stem,data/raw/mixing-secrets-rawstems/dev/Banned_From_The_Zoo - Fish_Tacos/Gtr/AG/15_Ukelele.flac,val,Banned_From_The_Zoo - Fish_Tacos
msneg_Bronze_Radio_Return_Mister_Mister_Gtr_AG_BANJO_DI_flac,RawStems,"Mixing Secrets / RawStems: non-commercial research & education only, no redistribution",plucked_other,isolated_stem,data/raw/mixing-secrets-rawstems/dev/Bronze_Radio_Return - Mister_Mister/Gtr/AG/BANJO_DI.flac,val,Bronze_Radio_Return - Mister_Mister
msneg_Ricardo_Santiago_Dream_No_12_Gtr_AG_09_Ukelele3_flac,RawStems,"Mixing Secrets / RawStems: non-commercial research & education only, no redistribution",plucked_other,isolated_stem,data/raw/mixing-secrets-rawstems/dev/Ricardo_Santiago - Dream_No._12/Gtr/AG/09_Ukelele3.flac,val,Ricardo_Santiago - Dream_No._12
msneg_James_May_Eliza_Jane_Gtr_AG_10_Mandolin1_flac,RawStems,"Mixing Secrets / RawStems: non-commercial research & education only, no redistribution",plucked_other,isolated_stem,data/raw/mixing-secrets-rawstems/dev/James_May - Eliza_Jane/Gtr/AG/10_Mandolin1.flac,val,James_May - Eliza_Jane
msneg_Anna_Blanton_Rachel_Gtr_AG_05_UkeleleDI_flac,RawStems,"Mixing Secrets / RawStems: non-commercial research & education only, no redistribution",plucked_other,isolated_stem,data/raw/mixing-secrets-rawstems/dev/Anna_Blanton - Rachel/Gtr/AG/05_UkeleleDI.flac,val,Anna_Blanton - Rachel
msneg_Pretty_Saro_Carolina_In_The_Pines_Gtr_AG_Mandolin_Ela_M_251_flac,RawStems,"Mixing Secrets / RawStems: non-commercial research & education only, no redistribution",plucked_other,isolated_stem,data/raw/mixing-secrets-rawstems/dev/Pretty_Saro - Carolina_In_The_Pines/Gtr/AG/Mandolin-Ela M 251.flac,val,Pretty_Saro - Carolina_In_The_Pines
msneg_The_Bright_Star_Alliance_Error_404_Voc_LV_34_LeadVox_flac,RawStems,"Mixing Secrets / RawStems: non-commercial research & education only, no redistribution",vocals,isolated_stem,data/raw/mixing-secrets-rawstems/dev/The_Bright_Star_Alliance - Error_404/Voc/LV/34_LeadVox.flac,val,The_Bright_Star_Alliance - Error_404
msneg_Banned_From_The_Zoo_Black_Out_Betty_Voc_LV_20_LeadVox2_flac,RawStems,"Mixing Secrets / RawStems: non-commercial research & education only, no redistribution",vocals,isolated_stem,data/raw/mixing-secrets-rawstems/dev/Banned_From_The_Zoo - Black_Out_Betty/Voc/LV/20_LeadVox2.flac,val,Banned_From_The_Zoo - Black_Out_Betty
msneg_Fytakyte_Life_Gets_In_The_Way_Voc_LV_27_LeadVoxDT2_flac,RawStems,"Mixing Secrets / RawStems: non-commercial research & education only, no redistribution",vocals,isolated_stem,data/raw/mixing-secrets-rawstems/dev/Fytakyte - Life_Gets_In_The_Way/Voc/LV/27_LeadVoxDT2.flac,val,Fytakyte - Life_Gets_In_The_Way
msneg_Marc_Ellason_Upside_Down_Voc_LV_22_LeadVox_flac,RawStems,"Mixing Secrets / RawStems: non-commercial research & education only, no redistribution",vocals,isolated_stem,data/raw/mixing-secrets-rawstems/dev/Marc_Ellason - Upside_Down/Voc/LV/22_LeadVox.flac,val,Marc_Ellason - Upside_Down
msneg_Violent_Bliss_Voiceless_Siren_Voc_LV_15_LeadVox_flac,RawStems,"Mixing Secrets / RawStems: non-commercial research & education only, no redistribution",vocals,isolated_stem,data/raw/mixing-secrets-rawstems/dev/Violent_Bliss - Voiceless_Siren/Voc/LV/15_LeadVox.flac,val,Violent_Bliss - Voiceless_Siren
msneg_Guarna_Parole_Vuote_Voc_LV_26_LeadVox2DT2_flac,RawStems,"Mixing Secrets / RawStems: non-commercial research & education only, no redistribution",vocals,isolated_stem,data/raw/mixing-secrets-rawstems/dev/Guarna - Parole_Vuote/Voc/LV/26_LeadVox2DT2.flac,val,Guarna - Parole_Vuote
msneg_Nicki_Bluhm_The_Gramblers_Go_Go_Go_Voc_LV_NBATG_Lead_Vox_M80_flac,RawStems,"Mixing Secrets / RawStems: non-commercial research & education only, no redistribution",vocals,isolated_stem,data/raw/mixing-secrets-rawstems/dev/Nicki_Bluhm__The_Gramblers - Go_Go_Go/Voc/LV/NBATG - Lead Vox - M80.flac,val,Nicki_Bluhm__The_Gramblers - Go_Go_Go
msneg_Iron_Point_NEW_Expired_Voc_LV_032_Anthony_87_Lead_Vocals_flac,RawStems,"Mixing Secrets / RawStems: non-commercial research & education only, no redistribution",vocals,isolated_stem,data/raw/mixing-secrets-rawstems/dev/Iron_Point - NEW_Expired/Voc/LV/032 Anthony 87 Lead Vocals.flac,val,Iron_Point - NEW_Expired
msneg_Fytakyte_Fade_Gtr_EG_26_ElecGtr5_flac,RawStems,"Mixing Secrets / RawStems: non-commercial research & education only, no redistribution",electric_dist,isolated_stem,data/raw/mixing-secrets-rawstems/dev/Fytakyte - Fade/Gtr/EG/26_ElecGtr5.flac,val,Fytakyte - Fade
msneg_The_MudPuddles_Dark_Space_Gtr_EG_23_ElecGtr1_flac,RawStems,"Mixing Secrets / RawStems: non-commercial research & education only, no redistribution",electric_dist,isolated_stem,data/raw/mixing-secrets-rawstems/dev/The_MudPuddles - Dark_Space/Gtr/EG/23_ElecGtr1.flac,val,The_MudPuddles - Dark_Space
msneg_Street_Noise_Revelations_Gtr_EG_08_ElecGtr2_flac,RawStems,"Mixing Secrets / RawStems: non-commercial research & education only, no redistribution",electric_dist,isolated_stem,data/raw/mixing-secrets-rawstems/dev/Street_Noise - Revelations/Gtr/EG/08_ElecGtr2.flac,val,Street_Noise - Revelations
msneg_Kangoro_Animal_Gtr_EG_24_ElecGtr3_flac,RawStems,"Mixing Secrets / RawStems: non-commercial research & education only, no redistribution",electric_dist,isolated_stem,data/raw/mixing-secrets-rawstems/dev/Kangoro - Animal/Gtr/EG/24_ElecGtr3.flac,val,Kangoro - Animal
msneg_V_M_GY_The_Crown_Gtr_EG_22_ElecGtr_flac,RawStems,"Mixing Secrets / RawStems: non-commercial research & education only, no redistribution",electric_dist,isolated_stem,data/raw/mixing-secrets-rawstems/dev/V.M.GY - The_Crown/Gtr/EG/22_ElecGtr.flac,val,V.M.GY - The_Crown
msneg_W_I_N_D_Temporary_Happiness_Gtr_EG_20_ElecGtr1Mic3_flac,RawStems,"Mixing Secrets / RawStems: non-commercial research & education only, no redistribution",electric_dist,isolated_stem,data/raw/mixing-secrets-rawstems/dev/W.I.N.D. - Temporary_Happiness/Gtr/EG/20_ElecGtr1Mic3.flac,val,W.I.N.D. - Temporary_Happiness
msneg_V_M_GY_Aureus_Necrosis_Kbs_PN_29_Piano_flac,RawStems,"Mixing Secrets / RawStems: non-commercial research & education only, no redistribution",piano,isolated_stem,data/raw/mixing-secrets-rawstems/dev/V.M.GY - Aureus_Necrosis/Kbs/PN/29_Piano.flac,val,V.M.GY - Aureus_Necrosis
msneg_David_Tyo_Its_So_Easy_To_Love_You_Kbs_PN_21_Piano_flac,RawStems,"Mixing Secrets / RawStems: non-commercial research & education only, no redistribution",piano,isolated_stem,data/raw/mixing-secrets-rawstems/dev/David_Tyo - Its_So_Easy_To_Love_You/Kbs/PN/21_Piano.flac,val,David_Tyo - Its_So_Easy_To_Love_You
msneg_oxeye_Reflection_Kbs_PN_28_Piano1_flac,RawStems,"Mixing Secrets / RawStems: non-commercial research & education only, no redistribution",piano,isolated_stem,data/raw/mixing-secrets-rawstems/dev/oxeye - Reflection/Kbs/PN/28_Piano1.flac,val,oxeye - Reflection
msneg_Keystone_Angel_Afterglow_Kbs_PN_11_PianoMid_flac,RawStems,"Mixing Secrets / RawStems: non-commercial research & education only, no redistribution",piano,isolated_stem,data/raw/mixing-secrets-rawstems/dev/Keystone_Angel - Afterglow/Kbs/PN/11_PianoMid.flac,val,Keystone_Angel - Afterglow
msneg_Wesley_Morgan_Backroom_In_Tulsa_Kbs_PN_14_Piano_flac,RawStems,"Mixing Secrets / RawStems: non-commercial research & education only, no redistribution",piano,isolated_stem,data/raw/mixing-secrets-rawstems/dev/Wesley_Morgan - Backroom_In_Tulsa/Kbs/PN/14_Piano.flac,val,Wesley_Morgan - Backroom_In_Tulsa
msneg_Szymon_Skiba_Death_Metal_Sucks_Kbs_PN_21_Piano_flac,RawStems,"Mixing Secrets / RawStems: non-commercial research & education only, no redistribution",piano,isolated_stem,data/raw/mixing-secrets-rawstems/dev/Szymon_Skiba - Death_Metal_Sucks/Kbs/PN/21_Piano.flac,val,Szymon_Skiba - Death_Metal_Sucks
msneg_Benjamin_John_Better_Way_Kbs_PN_28_Piano_flac,RawStems,"Mixing Secrets / RawStems: non-commercial research & education only, no redistribution",piano,isolated_stem,data/raw/mixing-secrets-rawstems/dev/Benjamin_John - Better_Way/Kbs/PN/28_Piano.flac,val,Benjamin_John - Better_Way
msneg_Spektakulatius_Our_Love_Is_Here_To_Stay_Kbs_PN_07_Piano_flac,RawStems,"Mixing Secrets / RawStems: non-commercial research & education only, no redistribution",piano,isolated_stem,data/raw/mixing-secrets-rawstems/dev/Spektakulatius - Our_Love_Is_Here_To_Stay/Kbs/PN/07_Piano.flac,val,Spektakulatius - Our_Love_Is_Here_To_Stay
msneg_Nicki_Bluhm_The_Gramblers_Go_Go_Go_Rhy_DK_NBATG_OH_Ride_ELA_M_260_flac,RawStems,"Mixing Secrets / RawStems: non-commercial research & education only, no redistribution",drums,isolated_stem,data/raw/mixing-secrets-rawstems/dev/Nicki_Bluhm__The_Gramblers - Go_Go_Go/Rhy/DK/NBATG - OH Ride - ELA M 260.flac,val,Nicki_Bluhm__The_Gramblers - Go_Go_Go
msneg_Andrew_Cole_Dead_Roses_Rhy_DK_DRUM_OH_AK47_SSL_DUALITY_L_flac,RawStems,"Mixing Secrets / RawStems: non-commercial research & education only, no redistribution",drums,isolated_stem,data/raw/mixing-secrets-rawstems/dev/Andrew_Cole - Dead_Roses/Rhy/DK/DRUM OH-AK47-SSL DUALITY.L.flac,val,Andrew_Cole - Dead_Roses
msneg_Human_Radio_You_Me_The_Radio_Rhy_DK_DRUMS_OH_L_AR_01_flac,RawStems,"Mixing Secrets / RawStems: non-commercial research & education only, no redistribution",drums,isolated_stem,data/raw/mixing-secrets-rawstems/dev/Human_Radio - You__Me__The_Radio/Rhy/DK/DRUMS -OH L AR_01.flac,val,Human_Radio - You__Me__The_Radio
msneg_Don_Camillo_Choir_The_Marsh_Marigolds_Song_Bass_11_BassCloseMic5_flac,RawStems,"Mixing Secrets / RawStems: non-commercial research & education only, no redistribution",bass,isolated_stem,data/raw/mixing-secrets-rawstems/dev/Don_Camillo_Choir - The_Marsh_Marigolds_Song/Bass/11_BassCloseMic5.flac,val,Don_Camillo_Choir - The_Marsh_Marigolds_Song
msneg_Ryan_Cali_Crazy_Bass_08_Bass_flac,RawStems,"Mixing Secrets / RawStems: non-commercial research & education only, no redistribution",bass,isolated_stem,data/raw/mixing-secrets-rawstems/dev/Ryan_Cali - Crazy/Bass/08_Bass.flac,val,Ryan_Cali - Crazy
msneg_Guarna_Parole_Vuote_Bass_11_Bass_flac,RawStems,"Mixing Secrets / RawStems: non-commercial research & education only, no redistribution",bass,isolated_stem,data/raw/mixing-secrets-rawstems/dev/Guarna - Parole_Vuote/Bass/11_Bass.flac,val,Guarna - Parole_Vuote
msneg_Fytakyte_Outa_Control_Bass_18_BassDist_flac,RawStems,"Mixing Secrets / RawStems: non-commercial research & education only, no redistribution",bass,isolated_stem,data/raw/mixing-secrets-rawstems/dev/Fytakyte - Outa_Control/Bass/18_BassDist.flac,val,Fytakyte - Outa_Control
msneg_Our_Good_Wolf_Tourism_Bass_15_BassDI_flac,RawStems,"Mixing Secrets / RawStems: non-commercial research & education only, no redistribution",bass,isolated_stem,data/raw/mixing-secrets-rawstems/dev/Our_Good_Wolf - Tourism/Bass/15_BassDI.flac,val,Our_Good_Wolf - Tourism
msneg_Imp_Act_Back_In_Time_Bass_09_BassDI_flac,RawStems,"Mixing Secrets / RawStems: non-commercial research & education only, no redistribution",bass,isolated_stem,data/raw/mixing-secrets-rawstems/dev/Imp_Act - Back_In_Time/Bass/09_BassDI.flac,val,Imp_Act - Back_In_Time
gaps_019_Vpswc,"GAPS (xavriley/GAPS, test split)",research use (MIT card; audio from YouTube performances),acoustic_guitar,isolated_solo,data/raw/GAPS/audio/019_Vpswc.wav,val,"nylon-string classical guitar, 48 kHz stereo"
gaps_063_bV1wc,"GAPS (xavriley/GAPS, test split)",research use (MIT card; audio from YouTube performances),acoustic_guitar,isolated_solo,data/raw/GAPS/audio/063_bV1wc.wav,val,"nylon-string classical guitar, 48 kHz stereo"
gaps_104_xf1wc,"GAPS (xavriley/GAPS, test split)",research use (MIT card; audio from YouTube performances),acoustic_guitar,isolated_solo,data/raw/GAPS/audio/104_xf1wc.wav,val,"nylon-string classical guitar, 48 kHz stereo"
gaps_111_hf1wc,"GAPS (xavriley/GAPS, test split)",research use (MIT card; audio from YouTube performances),acoustic_guitar,isolated_solo,data/raw/GAPS/audio/111_hf1wc.wav,val,"nylon-string classical guitar, 48 kHz stereo"
gaps_112_mf1wc,"GAPS (xavriley/GAPS, test split)",research use (MIT card; audio from YouTube performances),acoustic_guitar,isolated_solo,data/raw/GAPS/audio/112_mf1wc.wav,val,"nylon-string classical guitar, 48 kHz stereo"
gaps_179_pM1wc,"GAPS (xavriley/GAPS, test split)",research use (MIT card; audio from YouTube performances),acoustic_guitar,isolated_solo,data/raw/GAPS/audio/179_pM1wc.wav,val,"nylon-string classical guitar, 48 kHz stereo"
gaps_208_c41wc,"GAPS (xavriley/GAPS, test split)",research use (MIT card; audio from YouTube performances),acoustic_guitar,isolated_solo,data/raw/GAPS/audio/208_c41wc.wav,val,"nylon-string classical guitar, 48 kHz stereo"
gaps_270_Jw1wc,"GAPS (xavriley/GAPS, test split)",research use (MIT card; audio from YouTube performances),acoustic_guitar,isolated_solo,data/raw/GAPS/audio/270_Jw1wc.wav,val,"nylon-string classical guitar, 48 kHz stereo"
gaps_291_3Sswc,"GAPS (xavriley/GAPS, test split)",research use (MIT card; audio from YouTube performances),acoustic_guitar,isolated_solo,data/raw/GAPS/audio/291_3Sswc.wav,val,"nylon-string classical guitar, 48 kHz stereo"
gaps_358_441wc,"GAPS (xavriley/GAPS, test split)",research use (MIT card; audio from YouTube performances),acoustic_guitar,isolated_solo,data/raw/GAPS/audio/358_441wc.wav,val,"nylon-string classical guitar, 48 kHz stereo"
gaps_373_4w1wc,"GAPS (xavriley/GAPS, test split)",research use (MIT card; audio from YouTube performances),acoustic_guitar,isolated_solo,data/raw/GAPS/audio/373_4w1wc.wav,val,"nylon-string classical guitar, 48 kHz stereo"
gaps_375_1w1wc,"GAPS (xavriley/GAPS, test split)",research use (MIT card; audio from YouTube performances),acoustic_guitar,isolated_solo,data/raw/GAPS/audio/375_1w1wc.wav,val,"nylon-string classical guitar, 48 kHz stereo"
urmp_AuSep_1_vn_01_Jupiter,URMP (HF Eredis02/URMP),research use only (no explicit licence),violin,isolated_stem,data/raw/URMP/01_Jupiter_vn_vc/AuSep_1_vn_01_Jupiter.wav,val,vn
urmp_AuSep_1_vn_02_Sonata,URMP (HF Eredis02/URMP),research use only (no explicit licence),violin,isolated_stem,data/raw/URMP/02_Sonata_vn_vn/AuSep_1_vn_02_Sonata.wav,val,vn
urmp_AuSep_2_cl_03_Dance,URMP (HF Eredis02/URMP),research use only (no explicit licence),winds,isolated_stem,data/raw/URMP/03_Dance_fl_cl/AuSep_2_cl_03_Dance.wav,val,cl
urmp_AuSep_1_fl_08_Spring,URMP (HF Eredis02/URMP),research use only (no explicit licence),winds,isolated_stem,data/raw/URMP/08_Spring_fl_vn/AuSep_1_fl_08_Spring.wav,val,fl
urmp_AuSep_2_vn_09_Jesus,URMP (HF Eredis02/URMP),research use only (no explicit licence),violin,isolated_stem,data/raw/URMP/09_Jesus_tpt_vn/AuSep_2_vn_09_Jesus.wav,val,vn
urmp_AuSep_1_vn_12_Spring,URMP (HF Eredis02/URMP),research use only (no explicit licence),violin,isolated_stem,data/raw/URMP/12_Spring_vn_vn_vc/AuSep_1_vn_12_Spring.wav,val,vn
urmp_AuSep_1_vn_13_Hark,URMP (HF Eredis02/URMP),research use only (no explicit licence),violin,isolated_stem,data/raw/URMP/13_Hark_vn_vn_va/AuSep_1_vn_13_Hark.wav,val,vn
urmp_AuSep_1_fl_14_Waltz,URMP (HF Eredis02/URMP),research use only (no explicit licence),winds,isolated_stem,data/raw/URMP/14_Waltz_fl_fl_cl/AuSep_1_fl_14_Waltz.wav,val,fl
urmp_AuSep_3_cl_14_Waltz,URMP (HF Eredis02/URMP),research use only (no explicit licence),winds,isolated_stem,data/raw/URMP/14_Waltz_fl_fl_cl/AuSep_3_cl_14_Waltz.wav,val,cl
urmp_AuSep_1_vn_17_Nocturne,URMP (HF Eredis02/URMP),research use only (no explicit licence),violin,isolated_stem,data/raw/URMP/17_Nocturne_vn_fl_cl/AuSep_1_vn_17_Nocturne.wav,val,vn
urmp_AuSep_3_cl_17_Nocturne,URMP (HF Eredis02/URMP),research use only (no explicit licence),winds,isolated_stem,data/raw/URMP/17_Nocturne_vn_fl_cl/AuSep_3_cl_17_Nocturne.wav,val,cl
urmp_AuSep_1_vn_18_Nocturne,URMP (HF Eredis02/URMP),research use only (no explicit licence),violin,isolated_stem,data/raw/URMP/18_Nocturne_vn_fl_tpt/AuSep_1_vn_18_Nocturne.wav,val,vn
urmp_AuSep_1_cl_19_Pavane,URMP (HF Eredis02/URMP),research use only (no explicit licence),winds,isolated_stem,data/raw/URMP/19_Pavane_cl_vn_vc/AuSep_1_cl_19_Pavane.wav,val,cl
urmp_AuSep_1_cl_21_Rejouissance,URMP (HF Eredis02/URMP),research use only (no explicit licence),winds,isolated_stem,data/raw/URMP/21_Rejouissance_cl_tbn_tba/AuSep_1_cl_21_Rejouissance.wav,val,cl
urmp_AuSep_1_cl_23_Rejouissance,URMP (HF Eredis02/URMP),research use only (no explicit licence),winds,isolated_stem,data/raw/URMP/23_Rejouissance_cl_sax_tba/AuSep_1_cl_23_Rejouissance.wav,val,cl
urmp_AuSep_1_vn_25_Pirates,URMP (HF Eredis02/URMP),research use only (no explicit licence),violin,isolated_stem,data/raw/URMP/25_Pirates_vn_vn_va_sax/AuSep_1_vn_25_Pirates.wav,val,vn
urmp_AuSep_1_vn_27_King,URMP (HF Eredis02/URMP),research use only (no explicit licence),violin,isolated_stem,data/raw/URMP/27_King_vn_vn_va_sax/AuSep_1_vn_27_King.wav,val,vn
urmp_AuSep_1_fl_28_Fugue,URMP (HF Eredis02/URMP),research use only (no explicit licence),winds,isolated_stem,data/raw/URMP/28_Fugue_fl_ob_cl_bn/AuSep_1_fl_28_Fugue.wav,val,fl
urmp_AuSep_1_fl_29_Fugue,URMP (HF Eredis02/URMP),research use only (no explicit licence),winds,isolated_stem,data/raw/URMP/29_Fugue_fl_fl_ob_cl/AuSep_1_fl_29_Fugue.wav,val,fl
urmp_AuSep_4_cl_29_Fugue,URMP (HF Eredis02/URMP),research use only (no explicit licence),winds,isolated_stem,data/raw/URMP/29_Fugue_fl_fl_ob_cl/AuSep_4_cl_29_Fugue.wav,val,cl
urmp_AuSep_1_vn_35_Rondeau,URMP (HF Eredis02/URMP),research use only (no explicit licence),violin,isolated_stem,data/raw/URMP/35_Rondeau_vn_vn_va_db/AuSep_1_vn_35_Rondeau.wav,val,vn
urmp_AuSep_4_cl_37_Rondeau,URMP (HF Eredis02/URMP),research use only (no explicit licence),winds,isolated_stem,data/raw/URMP/37_Rondeau_fl_vn_va_cl/AuSep_4_cl_37_Rondeau.wav,val,cl
urmp_AuSep_1_fl_40_Miserere,URMP (HF Eredis02/URMP),research use only (no explicit licence),winds,isolated_stem,data/raw/URMP/40_Miserere_fl_fl_ob_cl_bn/AuSep_1_fl_40_Miserere.wav,val,fl
urmp_AuSep_1_fl_41_Miserere,URMP (HF Eredis02/URMP),research use only (no explicit licence),winds,isolated_stem,data/raw/URMP/41_Miserere_fl_fl_ob_sax_bn/AuSep_1_fl_41_Miserere.wav,val,fl
gjam_050,GuitarJam (HF Julian-br/GuitarJam),CC0-1.0,electric_clean,isolated_di,data/raw/GuitarJam/guitar_jam/test/050.wav,val,clean Stratocaster DI
gjam_083,GuitarJam (HF Julian-br/GuitarJam),CC0-1.0,electric_clean,isolated_di,data/raw/GuitarJam/guitar_jam/test/083.wav,train,clean Stratocaster DI
gjam_147,GuitarJam (HF Julian-br/GuitarJam),CC0-1.0,electric_clean,isolated_di,data/raw/GuitarJam/guitar_jam/test/147.wav,val,clean Stratocaster DI
gjam_292,GuitarJam (HF Julian-br/GuitarJam),CC0-1.0,electric_clean,isolated_di,data/raw/GuitarJam/guitar_jam/test/292.wav,train,clean Stratocaster DI
gjam_545,GuitarJam (HF Julian-br/GuitarJam),CC0-1.0,electric_clean,isolated_di,data/raw/GuitarJam/guitar_jam/test/545.wav,val,clean Stratocaster DI
gjam_022,GuitarJam (HF Julian-br/GuitarJam),CC0-1.0,electric_clean,isolated_di,data/raw/GuitarJam/guitar_jam/train/022.wav,train,clean Stratocaster DI
gjam_060,GuitarJam (HF Julian-br/GuitarJam),CC0-1.0,electric_clean,isolated_di,data/raw/GuitarJam/guitar_jam/train/060.wav,val,clean Stratocaster DI
gjam_072,GuitarJam (HF Julian-br/GuitarJam),CC0-1.0,electric_clean,isolated_di,data/raw/GuitarJam/guitar_jam/train/072.wav,train,clean Stratocaster DI
gjam_091,GuitarJam (HF Julian-br/GuitarJam),CC0-1.0,electric_clean,isolated_di,data/raw/GuitarJam/guitar_jam/train/091.wav,val,clean Stratocaster DI
gjam_099,GuitarJam (HF Julian-br/GuitarJam),CC0-1.0,electric_clean,isolated_di,data/raw/GuitarJam/guitar_jam/train/099.wav,train,clean Stratocaster DI
gjam_110,GuitarJam (HF Julian-br/GuitarJam),CC0-1.0,electric_clean,isolated_di,data/raw/GuitarJam/guitar_jam/train/110.wav,val,clean Stratocaster DI
gjam_132,GuitarJam (HF Julian-br/GuitarJam),CC0-1.0,electric_clean,isolated_di,data/raw/GuitarJam/guitar_jam/train/132.wav,train,clean Stratocaster DI
gjam_136,GuitarJam (HF Julian-br/GuitarJam),CC0-1.0,electric_clean,isolated_di,data/raw/GuitarJam/guitar_jam/train/136.wav,val,clean Stratocaster DI
gjam_168,GuitarJam (HF Julian-br/GuitarJam),CC0-1.0,electric_clean,isolated_di,data/raw/GuitarJam/guitar_jam/train/168.wav,train,clean Stratocaster DI
gjam_207,GuitarJam (HF Julian-br/GuitarJam),CC0-1.0,electric_clean,isolated_di,data/raw/GuitarJam/guitar_jam/train/207.wav,val,clean Stratocaster DI
gjam_217,GuitarJam (HF Julian-br/GuitarJam),CC0-1.0,electric_clean,isolated_di,data/raw/GuitarJam/guitar_jam/train/217.wav,train,clean Stratocaster DI
gjam_255,GuitarJam (HF Julian-br/GuitarJam),CC0-1.0,electric_clean,isolated_di,data/raw/GuitarJam/guitar_jam/train/255.wav,val,clean Stratocaster DI
gjam_259,GuitarJam (HF Julian-br/GuitarJam),CC0-1.0,electric_clean,isolated_di,data/raw/GuitarJam/guitar_jam/train/259.wav,train,clean Stratocaster DI
gjam_266,GuitarJam (HF Julian-br/GuitarJam),CC0-1.0,electric_clean,isolated_di,data/raw/GuitarJam/guitar_jam/train/266.wav,val,clean Stratocaster DI
gjam_294,GuitarJam (HF Julian-br/GuitarJam),CC0-1.0,electric_clean,isolated_di,data/raw/GuitarJam/guitar_jam/train/294.wav,train,clean Stratocaster DI
gjam_387,GuitarJam (HF Julian-br/GuitarJam),CC0-1.0,electric_clean,isolated_di,data/raw/GuitarJam/guitar_jam/train/387.wav,val,clean Stratocaster DI
gjam_401,GuitarJam (HF Julian-br/GuitarJam),CC0-1.0,electric_clean,isolated_di,data/raw/GuitarJam/guitar_jam/train/401.wav,train,clean Stratocaster DI
gjam_411,GuitarJam (HF Julian-br/GuitarJam),CC0-1.0,electric_clean,isolated_di,data/raw/GuitarJam/guitar_jam/train/411.wav,val,clean Stratocaster DI
gjam_426,GuitarJam (HF Julian-br/GuitarJam),CC0-1.0,electric_clean,isolated_di,data/raw/GuitarJam/guitar_jam/train/426.wav,train,clean Stratocaster DI
gjam_450,GuitarJam (HF Julian-br/GuitarJam),CC0-1.0,electric_clean,isolated_di,data/raw/GuitarJam/guitar_jam/train/450.wav,val,clean Stratocaster DI
gjam_501,GuitarJam (HF Julian-br/GuitarJam),CC0-1.0,electric_clean,isolated_di,data/raw/GuitarJam/guitar_jam/train/501.wav,train,clean Stratocaster DI
gjam_526,GuitarJam (HF Julian-br/GuitarJam),CC0-1.0,electric_clean,isolated_di,data/raw/GuitarJam/guitar_jam/train/526.wav,val,clean Stratocaster DI
gjam_530,GuitarJam (HF Julian-br/GuitarJam),CC0-1.0,electric_clean,isolated_di,data/raw/GuitarJam/guitar_jam/train/530.wav,train,clean Stratocaster DI
gjam_185,GuitarJam (HF Julian-br/GuitarJam),CC0-1.0,electric_clean,isolated_di,data/raw/GuitarJam/guitar_jam/val/185.wav,val,clean Stratocaster DI
gjam_407,GuitarJam (HF Julian-br/GuitarJam),CC0-1.0,electric_clean,isolated_di,data/raw/GuitarJam/guitar_jam/val/407.wav,train,clean Stratocaster DI
