i,bar,onset_s,offset_s,pitch,string,fret,votes,post_ens,bp,flux_s,flux_r,flux_gap,lvl_s,lvl_gap,resid,rt_heard,rt_post,dt_render_ms,dt_bp_ms,dt_rise_ms,alt_octave,overtone,reattack,dur,n_chord,is_lowest,is_top,q,grid_dev,p_wrong
0,1,3.283,3.492,62,2,3,3,0.636,0,60.072,77.197,17.125,-12.826,4.976,-8.427,1,0.776,-4.2,,-11.6,-0.632,0,0,0.209,4,0,1,0,0.06,0.129
1,1,3.28,3.492,58,3,3,3,0.721,1,59.802,77.507,17.705,-0.734,0.734,-8.252,1,0.868,-1.5,-4.7,-11.6,-0.712,0,0,0.212,4,0,0,0,0.03,0.038
2,1,3.278,3.412,53,4,3,2,0.437,0,57.998,61.159,3.161,-6.387,0.147,-12.433,1,0.84,0.4,,0.0,-0.429,0,0,0.134,4,0,0,0,0.02,0.41
3,1,3.277,3.531,43,6,3,3,0.59,0,54.494,53.565,-0.929,-1.373,-13.038,-5.227,1,0.822,0.8,,0.0,-0.559,0,0,0.254,4,1,0,0,0.01,0.169
4,1,3.556,3.82,62,2,3,3,0.836,1,31.924,4.144,-27.78,-6.237,-1.567,-13.701,1,0.858,-0.0,-36.9,0.0,-0.835,1,0,0.264,2,0,1,3,0.17,0.017
5,1,3.556,3.811,58,3,3,3,0.823,0,12.229,-0.286,-12.515,0.0,0.0,-17.322,1,0.85,0.7,,0.0,-0.822,0,0,0.255,2,1,0,3,0.17,0.039
6,1,3.653,3.809,43,6,3,3,0.831,1,23.664,12.094,-11.57,0.0,-11.091,-8.166,1,0.838,3.0,5.4,0.0,-0.828,0,0,0.156,1,1,1,4,0.04,0.018
7,1,3.826,4.019,62,2,3,3,0.85,1,5.657,-4.289,-9.946,-11.051,2.78,-10.646,1,0.875,-0.4,6.6,0.0,-0.849,1,1,0.193,2,0,1,6,-0.13,0.016
8,1,3.826,4.009,58,3,3,3,0.778,1,10.528,3.447,-7.081,-0.976,0.976,-14.94,1,0.881,0.3,6.6,-11.6,-0.651,0,1,0.183,2,1,0,6,-0.13,0.026
9,2,4.015,4.186,48,5,3,3,0.837,1,9.403,24.711,15.307,0.0,-0.54,-15.124,1,0.806,8.9,-7.0,11.6,-0.833,0,0,0.171,1,1,1,8,-0.04,0.017
10,2,4.202,4.383,62,2,3,3,0.828,1,15.589,11.075,-4.514,-8.41,1.158,-15.179,1,0.894,1.4,-8.2,11.6,-0.828,0,0,0.181,3,0,1,10,-0.07,0.018
11,2,4.203,4.383,58,3,3,3,0.775,0,9.702,23.414,13.712,0.0,0.0,-3.978,1,0.881,0.7,,0.0,-0.699,0,0,0.18,3,0,0,10,-0.05,0.053
12,2,4.199,4.377,52,4,2,2,0.376,1,20.448,34.127,13.68,-9.247,2.052,-6.738,1,0.825,5.1,-5.2,46.4,-0.341,0,0,0.178,3,1,0,10,-0.13,0.338
13,2,4.39,4.542,43,6,3,3,0.807,1,19.49,34.0,14.51,0.0,-8.508,-9.633,1,0.86,4.4,-33.7,23.2,-0.802,0,0,0.152,1,1,1,12,-0.03,0.021
14,2,4.566,4.73,62,2,3,3,0.715,1,5.191,-2.767,-7.958,-11.406,2.93,-28.505,1,0.87,5.6,-0.7,0.0,-0.714,1,0,0.164,2,0,1,14,-0.27,0.04
15,2,4.571,4.726,55,3,0,3,0.602,1,7.68,3.208,-4.472,-1.464,1.464,-27.717,1,0.867,1.3,-5.7,0.0,-0.588,1,0,0.155,2,1,0,14,-0.17,0.083
16,3,4.763,4.901,65,1,1,3,0.847,1,22.489,25.73,3.242,-14.629,6.411,1.472,1,0.858,4.5,-0.3,-11.6,-0.843,0,0,0.138,3,0,1,16,-0.05,0.016
17,3,4.762,4.879,62,2,3,3,0.863,0,11.971,6.735,-5.237,-6.051,6.033,-18.414,1,0.894,4.7,,-11.6,-0.861,0,1,0.117,3,0,0,16,-0.06,0.03
18,3,4.761,4.974,41,6,1,1,0.436,0,9.028,29.096,20.069,0.0,-9.336,-6.457,1,0.794,7.2,,11.6,-0.433,0,0,0.213,3,1,0,16,-0.07,0.454
19,3,5.05,5.362,65,1,1,3,0.817,1,15.076,9.349,-5.727,-11.282,-0.891,-4.827,1,0.847,3.6,2.9,23.2,-0.811,0,0,0.312,3,0,1,19,0.14,0.02
20,3,5.051,5.352,62,2,3,3,0.886,1,24.72,13.658,-11.061,-5.327,-0.088,-15.632,1,0.922,3.0,13.5,46.4,-0.885,0,0,0.301,3,0,0,19,0.15,0.012
21,3,5.053,5.352,57,3,2,3,0.867,1,23.741,32.92,9.179,-1.531,1.531,-2.309,1,0.894,3.1,11.5,-23.2,-0.866,0,0,0.299,3,1,0,19,0.17,0.014
22,3,5.159,5.382,41,6,1,3,0.746,1,11.289,22.451,11.163,0.0,-11.141,-3.637,1,0.817,7.9,10.0,46.4,-0.744,0,0,0.223,1,1,1,20,0.1,0.032
23,3,5.366,5.499,55,3,0,3,0.498,1,3.307,11.65,8.344,-7.318,2.685,-8.413,1,0.777,8.8,0.4,0.0,-0.493,0,0,0.133,1,1,1,22,0.42,0.157
24,4,5.518,5.687,50,4,0,3,0.842,1,26.626,33.235,6.609,0.0,0.0,-18.961,1,0.875,7.2,-12.3,0.0,-0.832,0,0,0.169,1,1,1,24,-0.04,0.017
25,4,5.704,6.068,65,1,1,3,0.812,1,18.919,34.931,16.012,-9.847,0.556,-10.688,1,0.858,3.0,-0.9,0.0,-0.778,0,0,0.364,3,0,1,26,-0.12,0.021
26,4,5.705,6.237,60,2,1,3,0.805,1,32.352,28.208,-4.144,-3.106,-2.043,-16.482,1,0.901,2.1,9.7,-34.8,-0.737,0,0,0.532,3,0,0,26,-0.1,0.022
27,4,5.706,5.919,54,4,4,3,0.758,0,26.269,33.55,7.281,0.0,0.0,-22.142,1,0.88,1.2,,11.6,-0.734,0,0,0.213,3,1,0,26,-0.08,0.059
28,4,5.893,6.088,45,5,0,3,0.788,1,15.969,25.751,9.782,0.0,-2.097,-6.15,1,0.84,13.2,-4.2,11.6,-0.784,0,0,0.195,1,1,1,28,-0.07,0.024
29,4,6.081,6.232,50,4,0,2,0.535,0,7.876,21.685,13.809,-12.517,7.523,-10.247,1,0.824,6.4,,-23.2,-0.529,0,0,0.151,1,1,1,30,-0.16,0.26
30,5,6.272,6.486,62,2,3,3,0.704,0,18.66,8.389,-10.27,-10.735,2.508,-8.263,1,0.873,2.2,,-11.6,-0.7,0,0,0.214,4,0,1,32,-0.08,0.085
31,5,6.273,6.555,58,3,3,3,0.789,1,24.238,24.458,0.219,-1.892,1.892,-6.297,1,0.895,3.1,0.2,-11.6,-0.786,0,0,0.282,4,0,0,32,-0.07,0.024
32,5,6.275,6.396,53,4,3,2,0.391,0,21.688,23.206,1.518,-6.915,1.187,-8.405,1,0.876,3.0,,-11.6,-0.342,0,0,0.121,4,0,0,32,-0.05,0.488
33,5,6.271,6.565,43,6,3,3,0.734,1,18.825,16.929,-1.895,0.0,-12.532,-10.142,1,0.825,6.9,-9.4,11.6,-0.726,0,0,0.294,4,1,0,32,-0.09,0.035
34,5,6.568,6.854,62,2,3,3,0.828,1,27.604,-0.63,-28.234,-8.249,2.832,-12.893,1,0.877,-2.4,7.1,-34.8,-0.826,1,0,0.286,3,0,1,35,0.15,0.018
35,5,6.566,6.854,58,3,3,3,0.852,1,29.814,0.204,-29.61,0.0,0.0,-19.479,1,0.89,-1.0,9.1,-23.2,-0.85,0,1,0.288,3,0,0,35,0.13,0.016
36,5,6.564,6.814,53,4,3,3,0.773,0,22.528,18.914,-3.613,-2.531,-2.382,-30.879,1,0.863,4.0,,46.4,-0.768,0,0,0.25,3,1,0,35,0.12,0.054
37,5,6.669,7.003,43,6,3,3,0.696,0,14.917,14.92,0.002,0.0,-10.917,-10.342,1,0.882,4.2,,11.6,-0.689,0,0,0.334,1,1,1,36,0.04,0.089
38,5,6.868,7.049,62,2,3,3,0.839,1,5.161,-1.495,-6.656,-12.81,5.392,-6.281,1,0.891,-0.2,-2.7,-23.2,-0.837,1,1,0.181,2,0,1,38,0.18,0.017
39,5,6.868,7.073,58,3,3,3,0.825,1,10.363,1.877,-8.486,-3.82,3.82,-16.06,1,0.878,0.2,9.0,-11.6,-0.823,0,1,0.205,2,1,0,38,0.18,0.019
40,6,7.059,7.224,48,5,3,3,0.82,1,14.235,23.829,9.594,0.0,-0.955,-14.612,1,0.788,10.3,3.7,11.6,-0.818,0,0,0.165,1,1,1,40,0.09,0.02
41,6,7.243,7.416,62,2,3,3,0.865,1,17.009,12.837,-4.171,-8.626,-0.383,-12.012,1,0.908,1.7,5.5,-23.2,-0.862,0,0,0.173,4,0,1,42,0.08,0.014
42,6,7.242,7.416,58,3,3,3,0.849,1,24.235,25.02,0.785,0.0,-1.201,-2.964,1,0.885,2.8,6.5,23.2,-0.844,0,0,0.174,4,0,0,42,0.07,0.016
43,6,7.237,7.401,52,4,2,2,0.423,0,18.78,26.274,7.494,-12.619,1.737,-3.163,1,0.841,7.0,,34.8,-0.302,0,0,0.164,4,0,0,42,0.01,0.433
44,6,7.241,7.415,48,5,3,2,0.381,1,2.86,1.051,-1.809,-3.193,-1.46,-4.357,1,0.818,3.2,19.1,-34.8,-0.363,0,1,0.174,4,1,0,42,0.06,0.331
45,6,7.427,7.799,48,5,3,3,0.785,1,1.11,-0.403,-1.513,-2.316,1.091,-0.375,1,0.641,-3.4,7.2,-23.2,-0.78,0,1,0.372,1,1,1,44,-0.01,0.025
46,6,7.605,7.809,62,2,3,3,0.828,1,9.769,11.874,2.105,-2.842,-2.702,-10.341,1,0.913,1.6,3.4,11.6,-0.827,0,0,0.204,2,0,1,46,-0.27,0.018
47,6,7.606,7.809,58,3,3,3,0.769,1,2.315,19.301,16.986,0.0,-1.552,0.921,1,0.896,1.9,14.0,46.4,-0.689,0,0,0.203,2,1,0,46,-0.25,0.027
48,7,8.01,8.163,53,4,3,3,0.768,1,42.764,49.539,6.775,0.0,0.0,-21.24,1,0.886,2.9,-5.6,0.0,-0.644,0,0,0.153,1,1,1,50,0.09,0.028
49,7,8.174,8.386,69,1,5,3,0.823,0,29.125,23.69,-5.435,-17.187,2.2,-17.118,1,0.849,6.4,,0.0,-0.82,0,0,0.212,3,0,1,52,-0.19,0.039
50,7,8.174,8.366,63,2,4,3,0.85,0,27.371,15.323,-12.048,-7.317,-4.105,-27.723,1,0.888,5.9,,11.6,-0.85,0,0,0.192,3,0,0,52,-0.19,0.032
51,7,8.175,8.331,60,3,5,3,0.835,0,18.774,23.201,4.427,-8.983,3.273,-23.881,1,0.878,5.9,,0.0,-0.832,0,0,0.156,3,1,0,52,-0.18,0.036
52,7,8.384,8.744,52,4,2,3,0.799,1,16.474,22.517,6.043,0.0,0.0,-11.468,1,0.856,6.5,3.5,0.0,-0.796,0,0,0.36,1,1,1,54,-0.05,0.022
53,8,8.575,8.764,68,1,4,3,0.854,0,33.526,26.487,-7.039,-13.412,-0.822,-28.233,1,0.886,5.4,,11.6,-0.854,0,0,0.189,3,0,1,56,-0.04,0.032
54,8,8.578,8.728,62,2,3,3,0.847,1,25.962,23.404,-2.558,-3.623,-3.98,-28.583,1,0.891,3.1,-39.5,11.6,-0.846,0,0,0.15,3,0,0,56,-0.02,0.016
55,8,8.578,8.744,59,3,4,3,0.78,0,18.487,28.66,10.174,-8.604,1.793,-27.329,1,0.851,3.9,,-23.2,-0.779,0,0,0.166,3,1,0,56,-0.02,0.052
56,8,8.775,9.122,51,4,1,3,0.785,1,9.561,4.279,-5.283,0.0,0.0,-10.468,1,0.845,5.7,-4.3,-11.6,-0.522,0,0,0.347,1,1,1,58,0.04,0.025
57,8,8.958,9.152,67,1,3,3,0.816,1,13.28,22.511,9.23,-8.516,-4.601,-18.626,1,0.886,2.0,-1.6,0.0,-0.815,0,0,0.194,3,0,1,60,-0.06,0.02
58,8,8.959,9.122,61,2,2,3,0.828,1,14.598,24.649,10.051,-4.14,-3.468,-29.32,1,0.884,5.4,9.0,0.0,-0.827,0,0,0.163,3,0,0,60,-0.05,0.018
59,8,8.958,9.142,58,3,3,3,0.783,0,3.292,25.775,22.483,-8.651,1.88,-21.561,1,0.861,6.7,,11.6,-0.782,0,0,0.184,3,1,0,60,-0.06,0.05
60,8,9.152,9.311,59,2,0,1,0.345,0,3.314,-1.18,-4.495,-11.084,1.227,-6.585,1,0.779,10.9,,0.0,-0.343,0,0,0.159,2,0,1,62,-0.09,0.61
61,8,9.157,9.316,55,3,0,3,0.686,1,27.97,37.442,9.472,0.0,0.0,-6.965,1,0.821,5.9,-3.2,0.0,-0.644,0,0,0.159,2,1,0,62,0.0,0.048
62,9,9.345,9.629,66,1,2,3,0.817,1,5.76,3.441,-2.319,-12.646,0.227,-0.788,1,0.837,0.9,6.2,0.0,-0.815,0,0,0.284,3,0,1,64,-0.05,0.02
63,9,9.344,9.629,60,2,1,3,0.853,1,17.337,11.675,-5.662,0.0,-1.601,-9.732,1,0.89,2.9,-4.4,0.0,-0.851,0,0,0.285,3,0,0,64,-0.05,0.016
64,9,9.341,9.622,50,4,0,3,0.828,1,11.558,20.628,9.069,-2.616,2.616,-8.974,1,0.859,4.5,21.8,0.0,-0.812,0,0,0.281,3,1,0,64,-0.08,0.018
65,9,9.64,9.769,60,2,1,3,0.773,0,2.411,2.272,-0.138,-4.951,0.439,-4.887,1,0.839,4.5,,0.0,-0.772,0,1,0.129,3,0,1,67,0.17,0.054
66,9,9.643,9.769,57,3,2,3,0.75,1,15.701,36.817,21.116,0.0,0.0,-10.697,1,0.87,1.8,-1.6,46.4,-0.739,0,0,0.126,3,0,0,67,0.19,0.031
67,9,9.635,9.778,50,4,0,3,0.486,1,2.161,-3.743,-5.904,-8.384,3.94,-4.279,1,0.751,8.3,6.4,-23.2,-0.476,0,1,0.143,3,1,0,67,0.12,0.168
68,9,9.757,10.117,45,5,0,3,0.747,1,19.754,17.377,-2.377,-3.692,1.553,-4.625,1,0.488,16.0,12.1,-11.6,-0.697,0,0,0.36,1,1,1,68,0.17,0.032
69,9,9.947,10.101,60,2,1,3,0.847,1,27.577,26.695,-0.882,-5.632,-3.729,-9.732,1,0.897,3.9,-2.4,-11.6,-0.845,0,0,0.154,2,0,1,70,0.29,0.016
70,9,9.947,10.117,57,3,2,3,0.819,1,2.644,7.468,4.823,0.0,0.0,-23.43,1,0.881,4.1,-2.4,11.6,-0.817,1,0,0.17,2,1,0,70,0.29,0.02
71,10,10.117,10.465,42,6,2,3,0.743,1,16.918,27.076,10.157,0.0,-13.255,-19.562,1,0.86,7.7,1.7,0.0,-0.715,0,0,0.348,1,1,1,72,0.0,0.033
72,10,10.304,10.485,60,2,1,3,0.748,1,23.86,5.613,-18.247,-10.359,5.781,-13.644,1,0.883,2.7,-11.1,-46.4,-0.729,0,0,0.181,2,0,1,74,-0.02,0.032
73,10,10.302,10.495,57,3,2,3,0.762,1,8.14,20.427,12.286,-4.234,3.862,-21.529,1,0.889,4.5,2.5,34.8,-0.755,0,0,0.193,2,1,0,74,-0.05,0.029
74,10,10.482,10.649,45,5,0,3,0.691,1,10.383,25.0,14.617,-6.282,2.845,-3.099,1,0.681,12.9,8.2,23.2,-0.675,0,0,0.167,1,1,1,76,-0.12,0.046
75,10,10.668,10.842,59,2,0,3,0.797,1,9.84,9.592,-0.248,-11.315,1.12,-21.95,1,0.886,3.6,-3.6,0.0,-0.796,0,0,0.174,2,0,1,78,-0.34,0.023
76,10,10.668,10.863,55,3,0,3,0.742,1,23.026,24.737,1.711,0.0,0.0,-33.053,1,0.864,3.1,-3.6,11.6,-0.74,0,0,0.195,2,1,0,78,-0.34,0.033
77,11,10.868,11.092,43,6,3,3,0.804,1,26.934,27.034,0.101,0.0,-10.039,-13.232,1,0.87,6.0,-6.3,23.2,-0.79,0,0,0.224,1,1,1,80,-0.09,0.022
78,11,11.018,11.161,50,4,0,3,0.611,0,2.534,14.265,11.732,-23.107,16.292,-6.693,1,0.772,7.5,,0.0,-0.576,0,0,0.143,1,1,1,81,0.04,0.149
79,11,11.127,11.251,59,2,0,3,0.536,0,26.214,16.711,-9.503,-18.4,6.132,-16.197,1,0.858,2.8,,0.0,-0.535,0,0,0.124,2,0,1,83,-0.28,0.229
80,11,11.124,11.237,55,3,0,3,0.639,0,8.458,3.415,-5.043,-2.142,2.142,-18.128,1,0.843,4.3,,0.0,-0.628,0,0,0.113,2,1,0,83,-0.32,0.126
81,11,11.259,11.559,44,6,4,3,0.614,1,3.191,27.367,24.176,-1.622,0.579,-9.003,1,0.758,16.9,43.9,0.0,-0.58,0,0,0.3,1,1,1,84,-0.03,0.077
82,11,11.405,11.629,53,4,3,3,0.779,1,8.096,17.659,9.562,-8.554,0.005,-16.645,1,0.898,4.5,-9.2,11.6,-0.778,0,0,0.224,1,1,1,85,0.08,0.026
83,11,11.526,11.645,62,2,3,3,0.725,0,23.229,15.612,-7.617,-10.891,2.818,-10.677,1,0.874,7.6,,0.0,-0.72,0,0,0.119,2,0,1,87,-0.11,0.074
84,11,11.533,11.659,59,3,4,2,0.356,0,28.127,22.158,-5.969,-2.539,-0.724,-15.534,1,0.862,1.7,,-11.6,-0.356,0,0,0.126,2,1,0,87,-0.02,0.55
85,12,11.669,11.788,45,5,0,3,0.771,1,11.472,13.577,2.105,-0.862,-0.245,-13.853,1,0.747,16.2,-6.2,-11.6,-0.752,0,0,0.119,1,1,1,88,0.15,0.027
86,12,11.79,11.957,53,4,3,3,0.794,1,19.217,19.371,0.154,-4.142,-0.453,-23.151,1,0.865,5.0,-34.3,0.0,-0.792,0,0,0.167,1,1,1,89,0.07,0.023
87,12,12.036,12.166,57,3,2,3,0.383,1,14.77,28.667,13.898,-3.95,3.95,-17.433,1,0.823,5.4,-12.0,-34.8,0.276,0,0,0.13,2,0,1,92,0.02,0.291
88,12,12.036,12.305,45,5,0,3,0.66,1,8.778,22.634,13.856,-7.547,2.977,-5.214,1,0.824,7.4,-23.6,23.2,-0.276,0,0,0.269,2,1,0,92,0.02,0.057
89,12,12.174,12.305,52,4,2,3,0.686,0,14.75,22.639,7.889,-8.427,-2.785,-8.72,1,0.801,5.2,,-11.6,-0.683,0,0,0.131,1,1,1,93,0.04,0.095
90,12,12.287,12.415,55,3,0,3,0.605,1,22.091,22.798,0.707,0.0,0.0,-23.817,1,0.865,5.4,-42.4,-11.6,-0.602,0,0,0.128,1,1,1,95,-0.23,0.081
91,13,12.428,12.773,46,5,1,3,0.808,1,11.398,11.283,-0.115,-1.862,0.792,-13.553,1,0.789,12.4,2.4,-46.4,-0.644,0,0,0.345,1,1,1,96,0.07,0.021
92,13,12.555,12.773,53,4,3,3,0.789,1,14.259,17.038,2.779,-2.158,-3.478,-29.482,1,0.869,4.4,-8.5,0.0,-0.788,0,0,0.218,1,1,1,97,-0.01,0.024
93,13,12.659,12.812,62,2,3,3,0.749,0,11.501,25.42,13.919,-11.847,1.232,-35.213,1,0.896,3.6,,11.6,-0.748,0,0,0.153,2,0,1,99,-0.39,0.063
94,13,12.662,12.803,56,3,1,3,0.71,0,21.604,25.861,4.256,0.0,0.0,-35.669,1,0.882,3.3,,0.0,-0.71,0,0,0.141,2,1,0,99,-0.35,0.081
95,13,12.809,12.962,47,5,2,3,0.745,0,5.956,7.683,1.727,0.0,-0.643,-2.31,1,0.705,11.7,,-23.2,-0.732,0,0,0.153,1,1,1,100,0.04,0.065
96,13,12.931,13.101,54,4,4,3,0.757,1,14.969,24.147,9.178,0.0,0.0,-29.67,1,0.877,5.1,-1.4,11.6,-0.748,0,0,0.17,1,1,1,101,-0.08,0.03
97,14,13.19,13.598,64,1,0,3,0.847,1,30.361,20.104,-10.257,-11.525,-8.238,-6.131,1,0.886,4.2,6.6,0.0,-0.823,0,0,0.408,4,0,1,104,0.0,0.016
98,14,13.192,13.509,60,2,1,2,0.421,1,19.361,29.594,10.233,-0.489,-0.074,-17.552,0,0.277,,4.6,-11.6,0.379,0,0,0.317,4,0,0,104,0.02,0.272
99,14,13.19,13.588,58,3,3,3,0.86,1,17.193,26.073,8.88,-0.796,-0.878,-12.009,1,0.897,4.8,6.6,0.0,-0.86,0,0,0.398,4,0,0,104,0.0,0.015
100,14,13.188,13.578,48,5,3,3,0.8,1,15.599,28.052,12.453,-5.645,-1.833,0.191,1,0.832,7.5,20.2,0.0,-0.379,0,0,0.39,4,1,0,104,-0.01,0.022
101,14,13.46,13.598,52,4,2,3,0.481,1,18.602,37.444,18.842,-1.297,-2.236,-19.638,1,0.831,4.1,-19.6,11.6,-0.474,0,0,0.138,1,1,1,107,-0.01,0.172
102,14,13.761,13.917,62,2,3,3,0.68,1,13.069,33.697,20.629,-6.376,-0.123,-12.826,1,0.9,2.3,-30.3,0.0,-0.669,0,0,0.156,2,0,1,110,-0.11,0.05
103,14,13.762,13.887,57,3,2,1,0.423,0,13.616,33.278,19.662,-0.653,0.653,-7.902,1,0.878,1.3,,0.0,-0.408,0,0,0.125,2,1,0,110,-0.09,0.476
104,15,14.156,14.374,67,1,3,3,0.851,1,37.587,42.216,4.629,-8.884,-0.677,-9.526,1,0.895,3.9,-6.1,0.0,-0.847,0,0,0.218,3,0,1,114,0.05,0.016
105,15,14.156,14.277,62,2,3,3,0.836,1,20.99,19.893,-1.097,-6.917,1.503,-13.34,1,0.892,3.0,-6.1,0.0,-0.824,0,0,0.121,3,0,0,114,0.05,0.018
106,15,14.156,14.354,57,3,2,3,0.806,0,29.204,24.835,-4.369,-4.04,4.04,-9.598,1,0.883,2.3,,0.0,-0.788,0,0,0.198,3,1,0,114,0.05,0.043
107,15,14.539,14.712,67,1,3,3,0.738,0,29.911,26.94,-2.971,-10.334,-1.874,-8.08,1,0.896,1.9,,-11.6,-0.72,0,0,0.173,3,0,1,118,0.03,0.068
108,15,14.539,14.645,62,2,3,3,0.762,1,20.414,19.395,-1.019,-7.369,-0.295,-13.406,1,0.892,1.3,-5.9,0.0,-0.752,0,0,0.106,3,0,0,118,0.03,0.029
109,15,14.538,14.693,57,3,2,3,0.651,0,33.081,25.94,-7.141,0.0,0.0,-11.957,1,0.88,1.2,,11.6,-0.633,0,0,0.155,3,1,0,118,0.02,0.118
110,16,14.947,15.279,65,1,1,3,0.801,1,36.309,47.31,11.001,-9.887,0.736,-0.259,1,0.761,2.5,4.0,0.0,-0.747,0,0,0.332,4,0,1,122,0.34,0.022
111,16,14.946,15.279,60,2,1,3,0.837,0,38.184,34.72,-3.464,-1.057,-3.023,-8.547,1,0.89,2.1,,0.0,-0.837,0,0,0.333,4,0,0,122,0.33,0.035
112,16,14.945,15.27,54,4,4,3,0.795,1,30.231,54.281,24.05,0.0,0.0,-7.956,1,0.874,1.8,17.6,-11.6,-0.766,0,0,0.325,4,0,0,122,0.31,0.023
113,16,14.943,15.289,50,5,5,3,0.856,1,27.076,39.105,12.029,-5.149,2.739,4.729,1,0.903,2.7,8.0,-11.6,-0.833,0,0,0.346,4,1,0,122,0.29,0.015
114,16,15.299,15.435,50,4,0,2,0.405,0,3.879,-4.376,-8.255,-0.264,0.264,-7.831,1,0.501,1.4,,-23.2,-0.37,0,1,0.136,1,1,1,126,-0.06,0.465
115,17,15.473,15.687,62,2,3,3,0.78,0,7.482,9.894,2.412,-10.563,5.566,-19.84,1,0.859,3.5,,0.0,-0.776,0,0,0.214,4,0,1,128,-0.18,0.052
116,17,15.474,15.707,58,3,3,3,0.804,1,28.652,43.833,15.181,-0.988,0.988,-8.843,1,0.89,4.4,-35.4,11.6,-0.801,0,0,0.233,4,0,0,128,-0.18,0.022
117,17,15.476,15.677,53,4,3,3,0.539,0,20.189,13.621,-6.567,-4.647,-1.223,-10.887,1,0.87,4.7,,23.2,-0.537,0,0,0.201,4,0,0,128,-0.16,0.225
118,17,15.475,15.767,43,6,3,3,0.788,1,23.36,27.777,4.417,0.0,-13.087,-19.282,1,0.861,5.7,-24.7,11.6,-0.772,0,0,0.292,4,1,0,128,-0.17,0.024
119,17,15.763,15.986,62,2,3,3,0.806,1,19.227,-3.596,-22.824,-11.471,3.821,-23.178,1,0.855,0.7,-22.5,34.8,-0.805,1,0,0.223,3,0,1,131,-0.01,0.021
120,17,15.763,16.055,58,3,3,3,0.808,1,25.222,1.26,-23.961,0.0,0.0,-16.025,1,0.89,0.3,-34.1,0.0,-0.806,0,0,0.292,3,0,0,131,-0.01,0.021
121,17,15.766,15.906,53,4,3,3,0.761,0,18.887,5.913,-12.974,-1.263,-2.541,-29.723,1,0.878,-0.8,,0.0,-0.758,0,0,0.14,3,1,0,131,0.02,0.058
122,17,15.882,16.205,43,6,3,3,0.844,1,18.605,13.118,-5.487,0.0,-10.421,-13.159,1,0.888,6.2,-2.2,23.2,-0.841,0,0,0.323,1,1,1,132,0.05,0.017
123,17,16.07,16.244,58,3,3,3,0.698,1,8.02,0.026,-7.994,-7.902,6.904,-11.532,1,0.873,2.4,-14.7,-11.6,-0.695,0,1,0.174,1,1,1,134,0.05,0.044
124,18,16.253,16.438,48,5,3,3,0.83,1,13.715,24.627,10.912,-1.573,1.224,-13.387,1,0.807,8.4,-0.4,-11.6,-0.826,0,0,0.185,1,1,1,136,-0.04,0.018
125,18,16.449,16.801,62,2,3,3,0.819,1,15.574,12.251,-3.323,-13.192,2.365,-15.904,1,0.909,1.3,1.0,0.0,-0.817,0,0,0.352,3,0,1,138,0.02,0.02
126,18,16.449,16.644,58,3,3,3,0.82,1,32.528,27.714,-4.815,0.0,0.0,-29.858,1,0.897,2.3,1.0,11.6,-0.818,0,0,0.195,3,0,0,138,0.02,0.02
127,18,16.45,16.639,52,4,2,3,0.732,1,24.101,35.241,11.139,-13.426,3.577,-12.911,1,0.844,3.3,11.6,0.0,-0.712,0,0,0.189,3,1,0,138,0.03,0.035
128,18,16.646,16.798,43,6,3,3,0.845,1,22.746,35.811,13.064,0.0,-10.335,-14.346,1,0.868,9.5,-33.5,23.2,-0.843,0,0,0.152,1,1,1,140,0.05,0.016
129,18,16.828,16.959,59,2,0,3,0.771,1,-2.965,19.43,22.394,-13.979,3.125,-32.141,1,0.879,6.9,5.1,23.2,-0.77,0,0,0.131,2,0,1,142,0.01,0.027
130,18,16.828,16.966,55,3,0,3,0.764,1,5.699,3.909,-1.79,0.0,0.0,-35.017,1,0.86,5.2,5.1,0.0,-0.751,1,0,0.138,2,1,0,142,0.01,0.028
131,19,17.013,17.126,65,1,1,3,0.833,1,22.321,20.722,-1.599,-12.244,0.974,4.247,1,0.879,3.9,-5.7,-46.4,-0.822,0,0,0.113,3,0,1,144,-0.05,0.018
132,19,17.01,17.14,59,2,0,2,0.486,0,8.293,7.857,-0.436,-5.647,4.43,-8.851,1,0.791,5.6,,0.0,-0.435,0,0,0.13,3,0,0,144,-0.07,0.331
133,19,17.014,17.13,57,3,2,2,0.392,0,7.376,8.867,1.491,-7.73,4.777,-2.288,1,0.817,2.6,,-11.6,-0.39,0,0,0.116,3,1,0,144,-0.04,0.487
134,19,17.284,17.567,65,1,1,3,0.827,1,14.047,18.374,4.327,-8.917,-3.318,-4.589,1,0.902,4.7,1.9,-11.6,-0.819,0,0,0.283,3,0,1,147,-0.01,0.019
135,19,17.285,17.567,60,2,1,3,0.815,1,13.459,20.839,7.38,-1.653,-1.953,-18.512,1,0.91,2.5,12.5,-11.6,-0.801,0,0,0.282,3,0,0,147,-0.0,0.02
136,19,17.286,17.567,57,3,2,3,0.825,1,14.619,18.095,3.476,-0.791,0.791,-17.679,1,0.889,1.8,-0.1,0.0,-0.824,0,0,0.281,3,1,0,147,0.01,0.019
137,19,17.409,17.756,48,5,3,3,0.827,1,13.324,14.417,1.093,-2.149,0.578,4.113,1,0.854,8.9,-18.6,-11.6,-0.826,0,0,0.347,1,1,1,148,0.09,0.019
138,19,17.574,17.766,65,1,1,3,0.581,0,3.098,5.796,2.698,-9.341,-2.959,-3.533,1,0.84,7.9,,0.0,-0.579,0,1,0.192,3,0,1,150,-0.18,0.178
139,19,17.581,17.601,59,2,0,2,0.401,0,7.959,9.02,1.061,-1.215,1.215,-22.014,1,0.791,2.3,,11.6,-0.395,0,0,0.02,3,0,0,150,-0.05,0.472
140,19,17.581,17.766,57,3,2,2,0.389,0,0.333,-4.769,-5.102,-6.818,0.84,-15.811,1,0.786,2.7,,-23.2,-0.383,0,1,0.185,3,1,0,150,-0.05,0.493
141,20,17.772,17.952,50,4,0,3,0.8,1,24.748,24.774,0.027,0.0,0.0,-9.176,1,0.87,7.8,1.5,11.6,-0.799,0,0,0.18,1,1,1,152,-0.0,0.022
142,20,17.964,18.323,65,1,1,3,0.83,1,30.483,32.089,1.605,-9.73,0.96,-1.117,1,0.844,6.0,-3.4,-23.2,-0.787,0,0,0.359,4,0,1,154,0.06,0.018
143,20,17.965,18.304,60,2,1,2,0.547,1,22.339,26.532,4.193,-1.357,-2.391,-14.839,1,0.868,5.2,-4.4,34.8,-0.474,0,0,0.339,4,0,0,154,0.07,0.135
144,20,17.969,18.141,57,3,2,3,0.683,1,17.624,19.458,1.834,-16.342,6.516,1.654,1,0.78,1.4,26.4,-11.6,-0.682,0,0,0.172,4,0,0,154,0.12,0.049
145,20,17.968,18.184,54,4,4,3,0.761,1,36.4,44.075,7.675,0.0,0.0,-22.158,1,0.853,2.3,-7.4,11.6,-0.746,0,0,0.216,4,1,0,154,0.11,0.029
146,20,18.157,18.333,45,5,0,3,0.726,1,21.538,26.244,4.706,0.0,-1.329,-14.211,1,0.786,12.4,12.6,-11.6,-0.709,0,0,0.176,1,1,1,156,0.07,0.037
147,20,18.331,18.477,50,4,0,3,0.571,0,7.878,20.283,12.405,-16.395,11.761,-10.315,1,0.683,7.2,,0.0,-0.339,0,0,0.146,1,1,1,158,-0.06,0.188
148,21,18.515,18.652,62,2,3,2,0.37,0,8.228,15.373,7.145,-14.788,12.399,-4.412,1,0.886,2.3,,23.2,-0.364,0,0,0.137,3,0,1,160,-0.06,0.526
149,21,18.515,18.751,58,3,3,3,0.758,1,13.548,26.968,13.42,-3.642,3.642,-7.772,1,0.89,2.2,2.9,0.0,-0.754,0,0,0.236,3,0,0,160,-0.06,0.03
150,21,18.51,18.89,43,6,3,3,0.747,1,10.206,19.726,9.52,0.0,-12.819,-15.668,1,0.858,7.2,-3.8,11.6,-0.537,0,0,0.38,3,1,0,160,-0.11,0.032
151,21,18.816,19.089,62,2,3,3,0.817,0,27.059,-0.421,-27.48,-6.312,2.623,-17.152,1,0.879,1.4,,0.0,-0.815,1,0,0.273,2,0,1,163,0.26,0.04
152,21,18.816,19.089,58,3,3,3,0.799,0,20.002,1.094,-18.908,0.0,-0.095,-7.757,1,0.864,0.9,,0.0,-0.795,0,0,0.273,2,1,0,163,0.26,0.045
153,21,18.9,19.075,43,6,3,3,0.717,0,22.461,4.234,-18.227,0.0,-7.613,-14.619,1,0.836,4.7,,-11.6,-0.403,0,1,0.175,1,1,1,164,0.02,0.078
154,21,19.095,19.265,62,2,3,3,0.822,1,7.093,-5.49,-12.584,-12.622,6.412,0.516,1,0.896,1.6,-8.3,-46.4,-0.821,1,1,0.17,2,0,1,166,0.13,0.019
155,21,19.096,19.269,58,3,3,3,0.786,1,6.479,1.205,-5.274,-6.604,6.604,-0.013,1,0.886,2.1,2.4,-23.2,-0.774,0,1,0.173,2,1,0,166,0.14,0.025
156,22,19.266,19.45,48,5,3,3,0.743,1,2.932,15.699,12.767,-9.666,6.324,-3.331,1,0.785,10.0,18.1,11.6,-0.736,0,0,0.184,1,1,1,168,-0.07,0.033
157,22,19.455,19.607,65,1,1,2,0.312,0,10.33,30.376,20.047,-20.966,3.21,15.448,1,0.867,7.3,,34.8,-0.287,0,0,0.152,3,0,1,170,-0.13,0.623
158,22,19.46,19.621,62,2,3,3,0.855,1,14.727,13.403,-1.324,-7.594,-1.894,-7.69,1,0.878,2.4,-1.7,0.0,-0.855,0,0,0.161,3,0,0,170,-0.03,0.015
159,22,19.46,19.656,58,3,3,3,0.809,1,24.154,24.902,0.748,0.0,0.0,-6.736,1,0.882,2.1,-1.7,11.6,-0.585,0,0,0.196,3,1,0,170,-0.03,0.021
160,22,19.641,19.816,40,6,0,3,0.619,1,10.256,25.524,15.268,-1.713,-16.1,6.753,1,0.647,10.6,-20.2,23.2,-0.614,0,0,0.175,1,1,1,172,-0.09,0.074
161,22,19.841,20.064,65,1,1,3,0.788,1,21.767,17.712,-4.055,-18.617,7.637,0.31,1,0.868,7.9,12.0,-11.6,-0.533,0,0,0.223,4,0,1,174,0.0,0.024
162,22,19.841,20.064,62,2,3,3,0.847,1,21.325,17.816,-3.508,-14.551,8.059,-8.95,1,0.909,6.7,12.0,11.6,-0.846,0,0,0.223,4,0,0,174,0.0,0.016
163,22,19.841,20.054,57,3,2,3,0.79,1,14.031,29.319,15.288,-7.521,7.521,-5.851,1,0.888,5.6,-11.2,11.6,-0.785,0,0,0.213,4,0,0,174,0.0,0.024
164,22,19.842,19.862,41,6,1,1,0.36,0,13.467,7.975,-5.491,-0.758,-11.684,-7.273,0,0.001,,,23.2,-0.105,0,0,0.02,4,1,0,174,0.01,0.584
165,23,20.229,20.402,69,1,5,3,0.836,1,32.407,13.651,-18.757,-21.312,6.291,2.499,1,0.864,6.9,8.4,11.6,-0.833,0,0,0.173,4,0,1,178,0.09,0.017
166,23,20.229,20.39,63,2,4,3,0.871,1,22.297,17.538,-4.759,-10.864,-0.396,-13.808,1,0.892,6.1,8.4,11.6,-0.87,0,0,0.161,4,0,0,178,0.09,0.014
167,23,20.229,20.402,60,3,5,3,0.788,1,23.877,29.313,5.436,-14.303,9.421,5.038,1,0.904,4.9,8.4,11.6,-0.782,0,0,0.173,4,0,0,178,0.09,0.024
168,23,20.228,20.39,53,4,3,3,0.794,1,35.628,39.522,3.894,0.0,0.0,-11.447,1,0.832,3.8,-2.2,0.0,-0.406,0,0,0.162,4,1,0,178,0.08,0.023
169,23,20.408,20.575,69,1,5,3,0.854,0,4.117,1.446,-2.671,-13.128,4.25,-18.326,1,0.827,6.2,,-11.6,-0.852,0,1,0.167,4,0,1,180,-0.05,0.032
170,23,20.408,20.576,63,2,4,3,0.87,0,3.382,4.67,1.288,-2.561,-1.067,-28.037,1,0.878,3.7,,11.6,-0.869,0,1,0.168,4,0,0,180,-0.05,0.028
171,23,20.408,20.575,60,3,5,3,0.841,0,3.622,3.091,-0.532,-6.157,4.998,-23.919,1,0.878,4.6,,0.0,-0.823,0,1,0.167,4,0,0,180,-0.05,0.034
172,23,20.408,20.573,53,4,3,3,0.813,0,-5.124,-5.85,-0.726,0.0,0.0,-18.125,1,0.776,-0.1,,11.6,-0.809,0,1,0.165,4,1,0,180,-0.05,0.042
173,23,20.607,20.775,68,1,4,3,0.843,1,10.7,7.91,-2.79,-10.957,1.056,-1.353,1,0.832,8.6,1.9,0.0,-0.842,0,0,0.168,4,0,1,182,0.04,0.017
174,23,20.608,20.775,62,2,3,3,0.872,1,9.254,11.605,2.351,-1.389,-1.722,-10.89,1,0.899,6.1,0.9,0.0,-0.871,0,0,0.167,4,0,0,182,0.05,0.014
175,23,20.608,20.79,59,3,4,3,0.73,1,8.454,9.285,0.831,-4.961,3.526,5.351,1,0.839,6.4,0.9,-11.6,-0.726,0,0,0.182,4,0,0,182,0.05,0.036
176,23,20.609,20.775,52,4,2,3,0.75,1,5.814,6.663,0.849,0.0,0.0,-6.075,1,0.849,3.8,-0.1,0.0,-0.489,0,0,0.166,4,1,0,182,0.06,0.031
177,24,20.797,20.964,68,1,4,3,0.844,0,3.77,1.6,-2.17,-10.758,1.636,-23.522,1,0.864,3.1,,0.0,-0.844,0,1,0.167,4,0,1,184,0.0,0.034
178,24,20.798,20.964,62,2,3,3,0.875,1,3.134,1.994,-1.14,-0.858,-2.352,-23.876,1,0.892,1.1,8.3,-11.6,-0.875,0,1,0.166,4,0,0,184,0.02,0.013
179,24,20.797,20.96,59,3,4,3,0.505,0,-0.242,-1.42,-1.178,-7.547,0.569,-21.822,1,0.832,2.4,,-23.2,-0.503,0,1,0.163,4,0,0,184,0.0,0.268
180,24,20.797,20.964,52,4,2,3,0.793,0,0.519,-0.202,-0.721,0.0,0.0,-25.242,1,0.8,0.4,,-23.2,-0.686,0,1,0.167,4,1,0,184,0.0,0.047
181,24,20.995,21.153,67,1,3,3,0.845,1,13.622,7.212,-6.411,-5.002,-3.882,-7.96,1,0.877,2.0,8.7,0.0,-0.843,0,0,0.158,4,0,1,186,0.12,0.016
182,24,20.997,21.153,61,2,2,3,0.861,1,6.983,7.097,0.114,-2.755,-0.78,-6.507,1,0.882,2.9,6.7,-11.6,-0.86,0,0,0.156,4,0,0,186,0.14,0.015
183,24,20.996,21.146,58,3,3,3,0.756,1,11.927,9.319,-2.608,-4.259,0.616,0.519,1,0.844,4.8,7.7,-11.6,-0.752,0,0,0.15,4,0,0,186,0.13,0.03
184,24,20.994,21.151,51,4,1,3,0.731,0,5.532,5.567,0.036,-0.393,0.393,-1.977,1,0.839,5.0,,-23.2,-0.31,0,0,0.157,4,1,0,186,0.1,0.071
185,24,21.176,21.334,67,1,3,3,0.854,0,-0.206,1.02,1.226,-5.376,-4.905,-19.958,1,0.861,-0.1,,0.0,-0.851,0,1,0.158,4,0,1,188,-0.01,0.032
186,24,21.179,21.333,61,2,2,3,0.849,1,2.127,4.055,1.928,-0.304,-2.195,-22.996,1,0.872,-1.3,-1.2,0.0,-0.846,0,1,0.154,4,0,0,188,0.0,0.016
187,24,21.18,21.347,58,3,3,3,0.723,0,0.687,2.328,1.641,-3.813,3.813,-12.38,1,0.835,-2.6,,-11.6,-0.719,0,1,0.167,4,0,0,188,0.02,0.075
188,24,21.176,21.347,51,4,1,3,0.771,0,0.635,-1.177,-1.812,0.0,-1.055,-9.419,1,0.815,-1.4,,0.0,-0.624,0,1,0.171,4,1,0,188,-0.01,0.055
189,24,21.363,21.536,64,1,0,3,0.783,0,4.217,-0.949,-5.165,-14.037,0.644,0.817,1,0.813,4.1,,0.0,-0.781,0,0,0.173,3,0,1,190,-0.08,0.051
190,24,21.363,21.535,59,2,0,3,0.811,1,7.835,4.033,-3.802,0.0,-0.966,-7.106,1,0.86,4.7,0.6,-11.6,-0.801,0,0,0.172,3,0,0,190,-0.08,0.021
191,24,21.364,21.54,55,3,0,3,0.725,1,20.841,34.685,13.844,-4.191,4.191,-4.569,1,0.825,3.4,11.2,11.6,-0.486,0,0,0.176,3,1,0,190,-0.06,0.037
192,25,21.561,21.835,66,1,2,3,0.83,1,6.941,7.18,0.24,-7.781,-1.951,-0.865,1,0.814,3.5,11.6,0.0,-0.829,0,0,0.274,4,0,1,192,0.02,0.018
193,25,21.562,21.822,60,2,1,3,0.848,1,3.027,4.137,1.11,0.0,-1.181,-9.403,1,0.876,2.9,22.2,-11.6,-0.847,0,0,0.26,4,0,0,192,0.03,0.016
194,25,21.561,21.835,57,3,2,3,0.813,1,14.932,16.613,1.681,-2.012,2.012,-7.225,1,0.848,2.1,11.6,46.4,-0.806,0,0,0.274,4,0,0,192,0.02,0.02
195,25,21.56,21.823,50,4,0,3,0.821,1,8.516,22.602,14.086,-6.047,4.815,-0.65,1,0.854,2.6,12.6,34.8,-0.636,0,0,0.263,4,1,0,192,0.0,0.019
196,25,21.842,22.133,60,2,1,3,0.788,0,0.211,2.567,2.356,-6.139,-0.137,-14.343,1,0.874,0.8,,-11.6,-0.786,0,1,0.291,3,0,1,195,0.14,0.049
197,25,21.842,22.133,57,3,2,3,0.802,1,6.054,3.882,-2.172,0.0,0.0,-9.237,1,0.891,2.0,9.2,-11.6,-0.778,0,1,0.291,3,0,0,195,0.14,0.022
198,25,21.841,22.293,50,4,0,2,0.5,0,0.776,0.079,-0.697,-8.081,2.725,-13.885,1,0.866,2.2,,69.7,-0.469,0,1,0.452,3,1,0,195,0.13,0.31
199,25,21.956,22.312,45,5,0,3,0.771,1,16.237,10.354,-5.883,-8.254,5.743,-2.402,1,0.711,12.0,1.0,-11.6,-0.649,0,0,0.356,1,1,1,196,0.13,0.027
200,25,22.14,22.298,60,2,1,3,0.81,1,6.224,7.116,0.892,-6.879,4.165,-2.602,1,0.879,-1.0,2.7,23.2,-0.807,0,1,0.158,2,0,1,198,0.17,0.021
201,25,22.139,22.302,57,3,2,3,0.742,1,0.351,12.542,12.191,0.0,0.0,-6.466,1,0.873,0.2,-7.9,11.6,-0.715,1,1,0.163,2,1,0,198,0.16,0.033
202,26,22.306,22.671,42,6,2,3,0.699,0,25.634,24.324,-1.31,0.0,-8.984,-21.926,1,0.858,7.8,,23.2,-0.564,0,0,0.365,1,1,1,200,-0.1,0.087
203,26,22.509,22.83,60,2,1,3,0.776,1,5.329,6.113,0.784,-12.187,7.878,-5.708,1,0.866,2.9,5.3,-23.2,-0.76,0,0,0.321,3,0,1,202,0.04,0.026
204,26,22.508,22.78,57,3,2,3,0.77,1,2.03,23.384,21.353,-5.688,2.204,-14.456,1,0.88,3.3,6.3,34.8,-0.742,0,0,0.272,3,0,0,202,0.02,0.027
205,26,22.507,22.671,50,4,0,1,0.321,0,1.299,13.532,12.233,-14.113,6.25,7.46,1,0.844,4.1,,58.0,-0.301,0,0,0.164,3,1,0,202,0.01,0.649
206,26,22.681,23.049,45,5,0,3,0.73,1,11.145,26.425,15.28,-7.231,6.775,-8.726,1,0.61,6.1,-4.2,11.6,-0.614,0,0,0.368,1,1,1,204,-0.14,0.036
207,26,22.866,23.058,59,2,0,3,0.792,0,9.446,8.816,-0.63,-13.112,2.499,-20.476,1,0.877,3.9,,46.4,-0.786,0,0,0.192,2,0,1,206,-0.43,0.048
208,26,22.866,23.058,55,3,0,3,0.758,1,23.799,23.797,-0.002,0.0,0.0,-21.064,1,0.873,4.2,8.2,23.2,-0.733,0,0,0.192,2,1,0,206,-0.43,0.03
209,27,23.062,23.446,43,6,3,3,0.774,1,23.235,15.112,-8.123,0.0,-13.294,-18.749,1,0.859,6.9,-2.1,-23.2,-0.712,0,0,0.384,1,1,1,208,-0.18,0.027
210,27,23.218,23.347,50,4,0,3,0.579,0,5.075,15.773,10.699,-23.954,18.755,-5.734,1,0.817,4.2,,0.0,-0.562,0,0,0.129,1,1,1,209,-0.02,0.18
211,27,23.347,23.506,59,2,0,3,0.815,1,27.188,21.877,-5.311,-12.923,7.884,-12.919,1,0.878,3.4,3.2,-11.6,-0.814,0,0,0.159,2,0,1,211,-0.12,0.02
212,27,23.345,23.506,55,3,0,3,0.777,1,12.727,-0.136,-12.863,-2.818,2.137,-13.115,1,0.858,4.9,5.2,34.8,-0.773,1,0,0.161,2,1,0,211,-0.14,0.026
213,27,23.489,23.735,44,6,4,3,0.672,1,7.571,19.045,11.474,-1.834,-0.175,-14.986,1,0.823,11.6,0.5,-34.8,-0.65,0,0,0.246,1,1,1,212,0.13,0.052
214,27,23.614,23.805,53,4,3,3,0.788,1,10.91,10.216,-0.694,-9.902,-0.532,-11.111,1,0.86,5.7,-20.0,-23.2,-0.786,0,0,0.191,1,1,1,213,0.06,0.024
215,27,23.725,23.831,59,3,4,3,0.688,0,35.802,22.4,-13.401,-4.273,1.835,-13.55,1,0.844,2.7,,0.0,-0.687,0,0,0.106,1,1,1,215,-0.26,0.094
216,28,23.869,24.252,45,5,0,3,0.784,1,5.144,12.623,7.479,-4.34,2.886,-6.642,1,0.807,16.0,-6.7,0.0,-0.777,0,0,0.383,1,1,1,216,0.06,0.025
217,28,24.007,24.093,53,4,3,3,0.391,0,18.596,21.06,2.464,-11.044,1.776,-21.799,1,0.858,2.9,,0.0,-0.38,0,0,0.086,1,1,1,217,0.11,0.446
218,28,24.109,24.189,59,2,0,1,0.254,0,7.901,10.931,3.031,-13.548,3.752,-18.152,1,0.761,10.2,,-11.6,-0.253,0,0,0.08,2,0,1,219,-0.34,0.745
219,28,24.116,24.242,55,3,0,3,0.689,1,23.921,28.34,4.419,0.0,0.0,-25.412,1,0.849,3.2,-9.9,0.0,-0.594,0,0,0.126,2,1,0,219,-0.25,0.047
220,28,24.265,24.511,45,5,0,3,0.664,1,5.211,6.266,1.055,-1.305,0.646,-14.756,1,0.78,10.9,-8.0,-23.2,-0.638,0,1,0.246,1,1,1,220,0.1,0.055
221,28,24.398,24.521,52,4,2,3,0.642,0,12.536,25.701,13.165,-12.344,1.441,-10.167,1,0.843,2.1,,-23.2,-0.638,0,0,0.123,1,1,1,221,0.13,0.124
222,28,24.508,24.63,59,2,0,3,0.689,0,19.742,10.191,-9.55,-11.01,2.792,-15.596,1,0.86,6.5,,0.0,-0.679,0,0,0.122,2,0,1,223,-0.22,0.093
223,28,24.51,24.614,55,3,0,3,0.702,1,28.632,24.2,-4.432,0.0,0.0,-24.118,1,0.858,3.8,-9.2,11.6,-0.687,0,0,0.104,2,1,0,223,-0.2,0.043
224,29,24.654,24.998,46,5,1,3,0.755,1,9.085,16.167,7.082,-0.23,0.23,-14.513,1,0.785,15.5,-2.2,-11.6,-0.694,0,0,0.344,1,1,1,224,0.1,0.03
225,29,24.766,24.919,53,4,3,3,0.736,0,17.502,20.438,2.935,0.0,-4.061,-24.076,1,0.867,1.8,,11.6,-0.729,0,0,0.153,1,1,1,225,-0.1,0.069
226,29,24.876,25.028,62,2,3,3,0.745,0,15.266,26.395,11.129,-13.177,1.849,-14.129,1,0.9,2.0,,0.0,-0.744,0,0,0.152,2,0,1,227,-0.47,0.065
227,29,24.874,25.008,56,3,1,3,0.647,1,22.048,24.976,2.928,0.0,-0.521,-22.929,1,0.889,5.3,-36.5,0.0,-0.646,0,0,0.134,2,1,0,227,-0.49,0.062
228,29,25.026,25.237,47,5,2,3,0.741,1,8.407,6.316,-2.092,0.0,-1.054,-6.905,1,0.786,9.8,-37.5,34.8,-0.714,0,0,0.211,1,1,1,228,-0.02,0.033
229,29,25.151,25.356,54,4,4,3,0.563,0,16.609,26.095,9.486,0.0,0.0,-11.749,1,0.892,3.2,,11.6,-0.55,0,0,0.205,1,1,1,229,-0.11,0.197
230,30,25.41,25.675,64,1,0,3,0.795,1,24.877,24.927,0.05,-5.575,-3.609,0.279,1,0.877,4.5,8.0,0.0,-0.47,0,0,0.265,5,0,1,232,-0.04,0.023
231,30,25.412,25.754,60,2,1,2,0.415,1,24.155,25.319,1.163,-4.758,4.758,-7.647,0,0.046,,6.0,-23.2,0.372,0,0,0.342,5,0,0,232,-0.03,0.28
232,30,25.41,25.655,58,3,3,2,0.386,0,17.121,20.214,3.092,-3.434,-0.325,-6.417,1,0.893,10.0,,0.0,-0.384,0,0,0.245,5,0,0,232,-0.04,0.498
233,30,25.403,25.423,52,4,2,2,0.326,1,6.154,7.814,1.66,-4.857,-5.962,0.247,0,0.014,,3.4,-23.2,0.47,0,0,0.02,5,0,0,232,-0.1,0.421
234,30,25.411,25.804,48,5,3,3,0.787,0,17.849,29.181,11.332,0.0,-1.886,-0.211,1,0.852,9.3,,58.0,-0.372,0,0,0.393,5,1,0,232,-0.03,0.049
235,30,25.686,25.834,64,1,0,2,0.529,0,4.715,3.097,-1.618,-7.11,-2.658,-12.36,1,0.847,2.6,,11.6,-0.525,0,1,0.148,1,1,1,235,-0.03,0.269
236,30,25.797,25.963,40,6,0,3,0.597,0,13.728,20.312,6.583,-0.7,-9.149,7.607,1,0.647,10.3,,34.8,-0.591,0,0,0.166,1,1,1,236,-0.05,0.162
237,30,25.976,26.172,65,1,1,3,0.688,1,17.195,13.638,-3.557,-12.449,2.364,2.833,1,0.837,2.4,-11.0,-11.6,-0.561,0,0,0.196,3,0,1,238,-0.37,0.047
238,30,25.977,26.162,62,2,3,3,0.657,0,20.721,34.744,14.023,-10.802,5.054,-10.879,1,0.889,1.3,,0.0,-0.639,0,0,0.185,3,0,0,238,-0.35,0.113
239,30,25.977,26.073,57,3,2,2,0.361,0,17.307,28.843,11.536,-8.08,8.08,-5.149,1,0.866,1.2,,0.0,-0.356,0,0,0.096,3,1,0,238,-0.35,0.541
240,31,26.503,27.465,60,2,1,3,0.773,1,36.048,45.76,9.712,-9.778,8.05,-3.81,1,0.742,0.6,7.7,0.0,-0.762,0,0,0.962,3,0,1,243,0.34,0.027
241,31,26.502,27.416,58,3,3,3,0.616,1,34.909,37.086,2.177,-5.762,5.762,-0.55,1,0.863,0.8,8.7,-11.6,-0.615,0,0,0.914,3,0,0,243,0.33,0.076
242,31,26.496,27.485,42,6,2,3,0.65,0,27.005,47.644,20.639,-0.323,-10.838,-11.411,1,0.836,2.4,,34.8,-0.511,0,0,0.989,3,1,0,243,0.28,0.118
243,32,27.329,27.445,51,4,1,3,0.38,0,17.121,25.73,8.608,0.0,-7.847,-10.666,1,0.854,4.8,,0.0,-0.371,0,0,0.116,1,1,1,252,-0.16,0.466
244,33,27.729,27.883,62,2,3,3,0.743,0,15.944,36.97,21.026,-9.82,7.934,-11.107,1,0.862,0.8,,11.6,-0.741,0,0,0.154,4,0,1,256,-0.03,0.066
245,33,27.729,27.84,58,3,3,3,0.828,1,20.964,35.796,14.832,-3.289,3.289,-15.235,1,0.887,0.3,12.3,0.0,-0.826,0,0,0.111,4,0,0,256,-0.03,0.018
246,33,27.728,27.873,53,4,3,3,0.69,0,16.79,14.99,-1.801,-6.263,0.612,-14.146,1,0.862,0.8,,0.0,-0.686,0,0,0.145,4,0,0,256,-0.04,0.092
247,33,27.726,27.983,43,6,3,3,0.733,1,21.075,21.667,0.593,0.0,-13.386,-15.673,1,0.854,2.5,3.7,46.4,-0.715,0,0,0.257,4,1,0,256,-0.06,0.035
248,33,28.017,28.123,62,2,3,3,0.778,0,19.783,-0.786,-20.569,-7.036,0.235,-19.742,1,0.871,-0.0,,-34.8,-0.777,0,0,0.106,3,0,1,259,0.11,0.052
249,33,28.017,28.116,58,3,3,3,0.789,0,17.291,25.265,7.973,0.0,0.0,-26.041,1,0.891,-0.4,,0.0,-0.789,0,0,0.099,3,0,0,259,0.11,0.048
250,33,28.016,28.132,53,4,3,3,0.577,0,7.815,12.379,4.564,-5.84,-1.736,-14.272,1,0.874,0.6,,23.2,-0.575,0,0,0.116,3,1,0,259,0.1,0.182
251,33,28.137,28.296,43,6,3,3,0.815,1,18.392,24.498,6.106,0.0,-7.648,-17.118,1,0.864,3.9,0.3,11.6,-0.81,0,0,0.159,1,1,1,260,0.14,0.02
252,33,28.316,28.465,62,2,3,3,0.805,0,8.965,-6.962,-15.927,-12.694,2.367,-18.388,1,0.895,0.9,,11.6,-0.804,1,0,0.149,2,0,1,262,0.08,0.044
253,33,28.316,28.49,58,3,3,3,0.771,1,30.122,23.512,-6.61,-5.175,5.175,-9.832,1,0.889,1.6,7.1,11.6,-0.77,0,0,0.174,2,1,0,262,0.08,0.027
254,34,28.502,28.666,48,5,3,3,0.772,1,26.052,24.189,-1.863,0.0,-0.395,-6.944,1,0.819,8.6,-16.4,-11.6,-0.771,0,0,0.164,1,1,1,264,-0.01,0.027
255,34,28.681,28.855,62,2,3,3,0.843,1,21.488,14.126,-7.362,-5.955,0.051,-19.953,1,0.895,2.6,-9.6,-11.6,-0.841,0,0,0.174,3,0,1,266,-0.25,0.017
256,34,28.684,28.852,58,3,3,3,0.834,1,33.104,24.609,-8.495,0.0,0.0,-20.458,1,0.885,0.7,-1.0,-23.2,-0.83,0,0,0.168,3,0,0,266,-0.19,0.018
257,34,28.683,28.868,52,4,2,3,0.678,0,16.988,28.761,11.773,-20.066,9.278,2.173,1,0.841,2.4,,-23.2,-0.671,0,0,0.185,3,1,0,266,-0.21,0.1
258,34,28.872,29.032,43,6,3,3,0.679,1,23.537,36.86,13.322,0.0,-7.565,-12.669,1,0.868,5.5,8.4,11.6,-0.678,0,0,0.16,1,1,1,268,-0.14,0.05
259,34,29.087,29.256,64,1,0,3,0.571,1,20.812,4.96,-15.852,-7.621,-2.855,-21.213,1,0.874,-0.0,14.0,-23.2,-0.569,0,0,0.169,2,0,1,270,0.1,0.101
260,34,29.082,29.236,58,3,3,3,0.438,0,9.012,20.775,11.762,-3.936,3.936,-16.977,1,0.885,5.8,,-11.6,-0.436,0,0,0.154,2,1,0,270,0.04,0.368
261,35,29.261,29.415,64,1,0,3,0.515,0,-1.716,-1.605,0.111,-10.924,-1.872,-5.723,1,0.867,1.0,,0.0,-0.512,0,1,0.154,2,0,1,272,-0.1,0.255
262,35,29.262,29.395,60,2,1,3,0.484,0,24.686,16.404,-8.282,0.0,-0.034,-10.424,1,0.885,1.4,,11.6,-0.31,0,0,0.133,2,1,0,272,-0.09,0.298
263,35,29.558,29.703,64,1,0,3,0.792,1,30.89,22.406,-8.484,-7.581,-4.117,-12.553,1,0.884,3.0,-39.1,46.4,-0.791,0,0,0.145,3,0,1,275,0.12,0.024
264,35,29.559,29.723,60,2,1,3,0.751,0,28.348,25.463,-2.885,0.0,-1.562,-15.65,1,0.902,1.8,,11.6,-0.734,0,0,0.164,3,0,0,275,0.13,0.062
265,35,29.561,29.669,55,3,0,3,0.735,0,19.681,29.038,9.358,-2.115,2.115,-5.721,1,0.879,-0.4,,11.6,-0.734,0,0,0.108,3,1,0,275,0.15,0.069
266,35,29.679,29.942,45,5,0,3,0.678,1,21.8,13.316,-8.485,-0.034,-1.467,-16.12,1,0.694,21.3,-9.1,-11.6,-0.676,0,0,0.263,1,1,1,276,0.16,0.05
267,35,29.855,30.002,64,1,0,3,0.566,0,7.915,12.473,4.557,-7.599,-4.187,-8.552,1,0.867,4.2,,0.0,-0.562,1,0,0.147,3,0,1,278,0.08,0.193
268,35,29.857,30.002,60,2,1,3,0.545,0,28.219,21.273,-6.946,0.0,-0.127,-20.182,1,0.848,7.1,,11.6,-0.508,0,0,0.145,3,0,0,278,0.11,0.218
269,35,29.867,29.887,59,3,4,1,0.315,0,17.578,15.667,-1.911,-2.208,2.208,-23.735,1,0.385,-6.1,,11.6,-0.285,0,0,0.02,3,1,0,278,0.23,0.658
270,36,30.044,30.3,44,6,4,3,0.663,1,16.843,17.03,0.187,0.0,-1.331,-28.045,1,0.754,10.9,-13.0,-11.6,-0.657,0,0,0.256,1,1,1,280,0.02,0.056
271,36,30.216,30.39,62,2,3,3,0.633,0,16.583,20.177,3.595,-8.329,-0.129,-15.066,1,0.898,0.3,,11.6,-0.633,0,0,0.174,2,0,1,282,-0.28,0.131
272,36,30.217,30.39,59,3,4,3,0.506,1,29.604,26.464,-3.14,0.0,-2.618,-14.191,1,0.879,0.2,-35.0,11.6,-0.506,0,0,0.173,2,1,0,282,-0.27,0.149
273,36,30.415,30.668,44,6,4,3,0.572,1,13.894,14.13,0.237,-1.762,0.76,-12.28,1,0.804,8.9,-0.8,23.2,-0.502,0,0,0.253,1,1,1,284,-0.07,0.1
274,36,30.605,30.685,59,3,4,1,0.271,0,20.525,18.716,-1.809,-0.629,-1.653,-33.283,1,0.872,0.9,,11.6,-0.27,0,0,0.08,1,1,1,286,-0.17,0.722
275,37,30.801,31.017,62,2,3,3,0.773,1,28.237,34.764,6.527,-11.473,10.773,-11.218,1,0.861,1.6,-3.7,0.0,-0.772,0,0,0.216,4,0,1,288,-0.05,0.027
276,37,30.802,30.941,58,3,3,3,0.811,1,12.577,18.786,6.208,-4.378,4.378,-16.852,1,0.887,0.6,6.9,0.0,-0.808,0,0,0.139,4,0,0,288,-0.04,0.021
277,37,30.801,31.007,53,4,3,3,0.652,0,12.713,33.314,20.6,-12.386,7.041,-1.319,1,0.877,1.2,,46.4,-0.649,0,0,0.206,4,0,0,288,-0.05,0.117
278,37,30.799,31.086,43,6,3,3,0.825,1,12.264,1.783,-10.48,0.0,-12.985,-7.752,1,0.872,2.7,-13.3,-11.6,-0.799,0,0,0.287,4,1,0,288,-0.06,0.019
279,37,31.093,31.375,62,2,3,3,0.815,1,27.927,-2.85,-30.777,-7.074,-0.894,-15.14,1,0.877,-0.9,-5.4,-11.6,-0.813,1,0,0.282,3,0,1,291,0.14,0.02
280,37,31.094,31.375,58,3,3,3,0.795,1,22.312,22.244,-0.068,0.0,0.0,-14.044,1,0.89,-1.8,5.2,0.0,-0.793,0,0,0.281,3,0,0,291,0.15,0.023
281,37,31.094,31.295,53,4,3,3,0.716,0,5.048,1.449,-3.599,-12.358,1.656,4.388,1,0.867,-0.8,,11.6,-0.71,0,0,0.201,3,1,0,291,0.15,0.078
282,37,31.2,31.345,43,6,3,3,0.717,1,21.063,17.742,-3.321,0.0,-10.02,-14.626,1,0.865,1.5,15.3,11.6,-0.712,0,0,0.145,1,1,1,292,0.07,0.039
283,37,31.381,31.556,62,2,3,3,0.827,1,12.006,0.007,-11.999,-13.553,1.596,-14.414,1,0.873,-1.1,8.4,0.0,-0.826,0,1,0.175,2,0,1,294,-0.02,0.018
284,37,31.38,31.564,58,3,3,3,0.693,1,13.502,4.751,-8.751,-7.099,7.099,-10.049,1,0.868,0.7,9.4,-23.2,-0.69,0,1,0.184,2,1,0,294,-0.03,0.046
285,38,31.57,31.753,58,3,3,2,0.467,1,7.09,-3.003,-10.093,-5.154,5.154,-14.499,1,0.315,1.0,16.8,-104.5,-0.466,0,1,0.183,2,0,1,296,-0.04,0.214
286,38,31.571,31.912,48,5,3,3,0.758,1,17.38,30.886,13.506,0.0,-0.149,-8.119,1,0.897,4.9,27.4,23.2,-0.756,0,0,0.341,2,1,0,296,-0.03,0.03
287,38,31.767,31.922,62,2,3,3,0.559,0,14.315,9.883,-4.432,-10.274,0.703,-13.174,1,0.898,0.4,,11.6,-0.558,0,0,0.155,2,0,1,298,-0.0,0.201
288,38,31.767,31.932,58,3,3,3,0.54,0,11.91,16.999,5.089,0.0,-0.662,-15.897,1,0.877,0.3,,11.6,-0.533,0,1,0.165,2,1,0,298,-0.0,0.224
289,38,32.149,32.35,65,1,1,3,0.731,1,25.495,53.221,27.726,-15.502,10.108,1.694,0,0.005,,-3.7,0.0,-0.271,0,0,0.201,5,0,1,302,-0.09,0.036
290,38,32.148,32.359,62,2,3,3,0.855,1,31.359,22.011,-9.348,-7.456,0.39,-15.15,1,0.888,-1.1,-25.9,11.6,-0.854,0,0,0.211,5,0,0,302,-0.11,0.015
291,38,32.148,32.35,57,3,2,3,0.814,1,21.116,29.377,8.261,-2.291,1.498,-17.423,1,0.885,-0.8,-14.3,0.0,-0.813,0,0,0.202,5,0,0,302,-0.11,0.02
292,38,32.145,32.33,53,4,3,2,0.46,0,29.775,53.519,23.744,-2.247,2.247,-5.704,1,0.852,1.6,,23.2,0.271,0,0,0.185,5,0,0,302,-0.16,0.373
293,38,32.147,32.33,41,6,1,2,0.403,0,11.536,36.422,24.886,-2.439,-13.235,-0.303,1,0.679,1.3,,34.8,0.057,0,0,0.183,5,1,0,302,-0.13,0.468
294,39,32.537,32.698,48,5,3,3,0.828,1,21.571,45.11,23.539,0.0,-0.397,2.359,1,0.853,10.1,3.1,-11.6,-0.817,0,0,0.161,1,1,1,306,-0.09,0.018
295,39,32.739,32.926,50,4,0,3,0.792,1,14.446,13.834,-0.612,-1.44,1.44,2.183,1,0.884,4.1,-13.2,-11.6,-0.786,0,0,0.187,1,1,1,308,0.0,0.024
296,39,32.952,33.155,53,4,3,2,0.377,0,22.837,32.636,9.799,-15.699,15.699,2.319,0,0.064,,,11.6,0.216,0,0,0.203,2,0,1,310,0.26,0.514
297,39,32.95,33.309,41,6,1,3,0.592,0,24.398,33.934,9.536,0.0,-8.279,-9.967,1,0.873,6.1,,11.6,-0.216,0,0,0.359,2,1,0,310,0.23,0.167
298,40,33.336,33.573,65,1,1,3,0.814,1,12.347,1.073,-11.274,-16.233,-0.5,9.442,1,0.82,1.3,-18.0,0.0,-0.809,1,0,0.237,3,0,1,314,0.19,0.02
299,40,33.336,33.553,62,2,3,3,0.856,1,24.868,12.54,-12.329,-6.644,-0.748,-8.192,1,0.916,1.7,5.2,0.0,-0.854,0,0,0.217,3,0,0,314,0.19,0.015
300,40,33.338,33.563,57,3,2,3,0.808,1,36.474,39.693,3.219,0.0,0.0,-14.544,1,0.9,0.3,14.8,34.8,-0.804,0,0,0.225,3,1,0,314,0.22,0.021
301,40,33.629,33.736,48,5,3,3,0.774,1,27.184,35.642,8.458,0.0,-0.41,-22.834,1,0.861,9.0,-32.4,-23.2,-0.76,0,0,0.107,1,1,1,317,-0.19,0.027
302,40,33.794,33.903,45,5,0,3,0.631,1,19.771,25.566,5.795,0.0,-0.991,-25.833,1,0.887,10.5,-23.3,-34.8,-0.631,0,0,0.109,1,1,1,319,0.03,0.068
303,41,33.92,34.24,44,6,4,3,0.814,1,9.959,8.689,-1.27,-0.386,-1.203,-28.556,1,0.849,8.1,-8.6,-23.2,-0.813,0,0,0.32,1,1,1,320,0.11,0.02
304,41,34.195,34.478,59,3,4,3,0.81,0,37.726,28.229,-9.497,-1.407,-1.59,-25.324,1,0.893,1.9,,0.0,-0.81,0,0,0.283,2,0,1,323,0.13,0.042
305,41,34.196,34.284,53,4,3,3,0.77,0,36.061,30.414,-5.647,-5.028,-0.316,-24.707,1,0.875,0.7,,0.0,-0.767,0,0,0.088,2,1,0,323,0.14,0.055
306,41,34.295,34.464,44,6,4,3,0.774,0,0.927,2.725,1.798,-2.056,-0.125,-10.296,1,0.689,7.0,,11.6,-0.767,0,0,0.169,1,1,1,324,0.0,0.054
307,41,34.486,34.652,59,3,4,3,0.754,1,7.259,0.998,-6.261,-1.083,0.747,-8.604,1,0.852,0.6,17.5,0.0,-0.753,0,1,0.166,1,1,1,326,-0.05,0.03
308,42,34.682,34.866,56,3,1,3,0.766,1,21.052,15.989,-5.062,0.0,0.0,-27.215,1,0.866,2.3,18.8,-46.4,-0.764,0,0,0.184,2,0,1,328,-0.02,0.028
309,42,34.683,35.055,40,6,0,3,0.769,1,8.15,30.307,22.157,-8.874,-10.171,4.111,1,0.867,1.5,17.8,23.2,-0.734,0,0,0.372,2,1,0,328,-0.01,0.027
310,42,34.863,35.214,64,1,0,3,0.805,1,3.991,3.794,-0.197,-13.862,-7.19,-7.324,1,0.787,0.6,0.4,0.0,-0.799,1,0,0.351,1,1,1,330,-0.29,0.022
311,42,34.97,35.145,50,4,0,3,0.688,1,15.807,20.649,4.843,-6.641,5.17,0.495,1,0.801,4.0,9.5,0.0,-0.682,0,0,0.175,1,1,1,331,0.09,0.047
312,42,35.069,35.324,40,6,0,3,0.572,0,5.452,6.757,1.305,0.0,-11.778,-2.248,1,0.807,1.2,,23.2,-0.544,0,1,0.255,1,1,1,332,-0.05,0.187
313,43,35.457,35.831,45,5,0,3,0.839,1,4.005,36.667,32.662,-5.149,4.038,-7.87,1,0.871,10.4,-1.5,23.2,-0.833,0,0,0.374,1,1,1,336,-0.07,0.017
314,43,35.605,35.722,52,4,2,3,0.474,0,15.557,26.08,10.523,-11.303,3.08,-9.61,1,0.857,1.7,,-23.2,-0.472,0,0,0.117,1,1,1,337,-0.0,0.312
315,43,35.72,35.846,55,3,0,3,0.694,1,25.904,27.462,1.558,0.0,0.0,-21.144,1,0.894,3.8,2.5,11.6,-0.688,0,0,0.126,1,1,1,339,-0.26,0.045
316,43,35.865,36.12,47,5,2,3,0.838,1,20.387,17.708,-2.679,-0.318,-0.603,-8.2,1,0.833,11.7,-13.5,-23.2,-0.832,0,0,0.255,1,1,1,340,0.07,0.017
317,43,36.005,36.14,62,2,3,3,0.649,1,20.21,24.25,4.04,-11.72,2.952,-17.313,1,0.864,0.0,-14.2,0.0,-0.628,0,0,0.135,1,1,1,341,0.18,0.061
318,43,36.118,36.24,55,3,0,3,0.654,1,24.077,27.859,3.782,0.0,0.0,-27.727,1,0.876,4.7,-11.1,11.6,-0.58,0,0,0.122,1,1,1,343,-0.15,0.059
319,44,36.26,36.478,48,5,3,3,0.812,1,14.185,18.893,4.708,0.0,-0.332,-7.373,1,0.802,13.7,-13.8,-23.2,-0.811,0,0,0.218,1,1,1,344,0.11,0.021
320,44,36.387,36.488,52,4,2,3,0.599,0,14.38,26.055,11.674,-9.091,2.202,-15.285,1,0.849,1.5,,23.2,-0.598,0,0,0.101,1,1,1,345,0.06,0.16
321,44,36.493,36.637,59,2,0,3,0.702,1,3.794,1.767,-2.027,-9.31,0.65,-18.583,1,0.858,3.7,-37.8,11.6,-0.693,0,0,0.144,2,0,1,347,-0.31,0.043
322,44,36.493,36.625,55,3,0,3,0.699,1,17.761,26.044,8.283,0.0,0.0,-22.823,1,0.848,2.6,-3.0,23.2,-0.68,0,0,0.132,2,1,0,347,-0.31,0.044
323,44,36.637,36.896,49,5,4,3,0.808,1,23.274,30.908,7.634,0.0,0.0,-3.704,1,0.879,8.6,-19.2,0.0,-0.719,0,0,0.259,1,1,1,348,0.04,0.021
324,44,36.761,36.935,55,3,0,3,0.564,0,7.678,15.391,7.713,-1.868,-2.681,-18.706,1,0.885,3.7,,11.6,-0.56,0,0,0.174,1,1,1,349,-0.07,0.196
325,45,37.028,37.283,66,1,2,3,0.811,1,23.098,12.216,-10.882,-8.206,-3.47,-6.262,1,0.836,3.0,19.3,-34.8,-0.81,0,0,0.255,4,0,1,352,0.08,0.021
326,45,37.028,37.403,60,2,1,3,0.858,1,18.397,18.169,-0.227,-6.947,0.682,-4.323,1,0.863,2.0,7.7,11.6,-0.857,0,0,0.375,4,0,0,352,0.08,0.015
327,45,37.025,37.283,57,3,2,3,0.795,1,11.859,19.398,7.539,0.0,-1.179,-6.499,1,0.866,3.9,10.7,11.6,-0.756,0,0,0.258,4,0,0,352,0.06,0.023
328,45,37.02,37.275,50,4,0,3,0.83,1,11.153,16.35,5.197,-0.42,0.42,2.495,1,0.878,6.8,4.1,0.0,-0.787,0,0,0.255,4,1,0,352,0.02,0.018
329,45,37.289,37.512,57,3,2,2,0.546,0,4.9,0.788,-4.113,0.0,0.0,-21.288,1,0.88,0.1,,-11.6,-0.529,0,1,0.223,2,0,1,355,0.01,0.246
330,45,37.288,37.572,50,4,0,3,0.605,1,3.613,-2.262,-5.875,-2.867,0.694,-18.699,1,0.854,0.3,14.7,-46.4,-0.497,0,1,0.284,2,1,0,355,0.0,0.081
331,45,37.413,37.771,45,5,0,2,0.613,1,10.045,8.409,-1.636,-7.447,3.104,-0.688,1,0.547,10.9,-5.8,-11.6,-0.555,0,0,0.358,1,1,1,356,0.09,0.09
332,45,37.598,37.771,60,2,1,3,0.754,0,17.427,24.873,7.446,-5.847,-3.574,-9.608,1,0.907,2.4,,0.0,-0.749,0,0,0.173,2,0,1,358,0.1,0.061
333,45,37.598,37.791,57,3,2,3,0.722,0,1.145,11.803,10.658,0.0,0.0,-8.262,1,0.886,1.3,,11.6,-0.71,1,0,0.193,2,1,0,358,0.1,0.075
334,46,37.775,38.159,42,6,2,3,0.785,1,20.547,27.305,6.758,0.0,-11.743,-22.054,1,0.872,5.9,-18.2,11.6,-0.781,0,0,0.384,1,1,1,360,-0.06,0.025
335,46,37.987,38.173,60,2,1,3,0.829,1,22.92,6.537,-16.383,-6.1,2.384,-21.757,1,0.88,4.4,2.0,-11.6,-0.809,0,0,0.186,2,0,1,362,0.2,0.018
336,46,37.991,38.209,57,3,2,3,0.819,1,12.199,23.638,11.439,-1.52,0.16,-16.471,1,0.883,1.5,21.2,11.6,-0.804,0,0,0.218,2,1,0,362,0.25,0.02
337,46,38.177,38.507,45,5,0,3,0.744,1,7.737,26.534,18.797,-7.1,2.495,-4.074,1,0.654,19.9,-2.2,0.0,-0.629,0,0,0.33,1,1,1,364,0.11,0.033
338,46,38.348,38.503,55,3,0,3,0.646,1,19.426,20.241,0.815,0.0,0.0,-36.125,1,0.876,3.9,0.9,23.2,-0.633,0,0,0.155,1,1,1,366,-0.06,0.062
339,47,38.526,38.805,60,2,1,3,0.787,1,12.677,27.099,14.422,-8.088,2.016,-14.074,1,0.838,5.0,-2.9,46.4,-0.772,0,0,0.279,4,0,1,368,-0.14,0.024
340,47,38.526,38.805,57,3,2,3,0.634,1,12.563,9.138,-3.426,-0.863,0.863,-21.044,1,0.853,3.9,8.7,-46.4,-0.618,1,0,0.279,4,0,0,368,-0.14,0.067
341,47,38.528,38.796,53,4,3,3,0.664,1,17.241,16.217,-1.024,-3.454,-0.932,-11.666,1,0.791,2.5,-4.9,-23.2,-0.395,0,0,0.268,4,0,0,368,-0.13,0.055
342,47,38.524,38.905,43,6,3,3,0.687,0,23.733,17.365,-6.368,0.0,-14.128,-6.988,1,0.651,6.4,,11.6,-0.649,0,0,0.381,4,1,0,368,-0.16,0.094
343,47,38.805,39.085,53,4,3,3,0.617,1,9.997,-1.232,-11.229,-4.905,1.593,-36.306,1,0.797,2.4,-3.3,-34.8,-0.613,0,1,0.28,1,1,1,371,-0.09,0.075
344,47,38.91,39.492,43,6,3,2,0.358,0,0.846,1.011,0.165,0.0,-11.343,-9.437,1,0.856,-3.6,,-11.6,-0.345,0,1,0.582,1,1,1,372,-0.13,0.546
345,47,39.116,39.462,59,3,4,3,0.759,1,19.123,33.551,14.428,-3.532,2.751,-7.442,1,0.858,2.1,-0.8,0.0,-0.753,0,0,0.346,1,1,1,374,-0.01,0.029
346,48,39.513,39.88,62,2,3,3,0.843,1,34.845,2.272,-32.574,-3.552,1.598,-5.331,1,0.895,3.0,8.5,-11.6,-0.84,1,0,0.367,3,0,1,378,0.12,0.017
347,48,39.515,39.88,58,3,3,3,0.84,1,17.196,5.738,-11.459,-3.09,3.09,13.742,1,0.868,1.4,6.5,-11.6,-0.839,0,0,0.365,3,0,0,378,0.15,0.017
348,48,39.513,39.731,52,4,2,3,0.517,0,25.053,22.758,-2.295,-3.544,2.17,-0.587,1,0.82,3.6,,-23.2,-0.514,0,0,0.218,3,1,0,378,0.12,0.252
349,48,39.699,39.869,43,6,3,3,0.814,1,18.618,21.614,2.996,0.0,-8.93,-20.289,1,0.865,6.7,19.9,11.6,-0.812,0,0,0.17,1,1,1,380,0.0,0.02
350,48,39.881,40.055,50,4,0,3,0.547,1,20.391,24.55,4.159,-10.86,10.86,-10.584,1,0.822,5.3,1.7,0.0,-0.546,0,0,0.174,1,1,1,382,-0.17,0.116
351,49,40.079,40.298,62,2,3,3,0.689,0,-3.905,7.247,11.151,-14.529,5.231,-20.496,1,0.892,4.3,,11.6,-0.686,1,0,0.219,3,0,1,384,-0.05,0.093
352,49,40.082,40.367,57,3,2,3,0.741,1,29.137,39.047,9.909,-2.03,2.03,-15.78,1,0.878,2.1,-36.7,11.6,-0.74,0,0,0.285,3,0,0,384,-0.02,0.033
353,49,40.081,40.417,41,6,1,2,0.565,0,12.168,32.548,20.38,0.0,-14.043,-25.218,1,0.663,6.2,,34.8,-0.555,0,0,0.336,3,1,0,384,-0.03,0.222
354,49,40.374,40.507,65,1,1,3,0.804,1,20.646,6.221,-14.425,-8.334,-3.535,-15.046,1,0.844,4.8,-38.5,0.0,-0.8,1,0,0.133,3,0,1,387,0.15,0.022
355,49,40.374,40.497,62,2,3,3,0.751,0,17.807,7.084,-10.723,-5.248,-3.071,-19.655,1,0.919,3.2,,23.2,-0.742,0,0,0.123,3,0,0,387,0.15,0.062
356,49,40.375,40.497,57,3,2,3,0.818,1,13.721,-4.264,-17.985,0.0,-2.323,-19.777,1,0.883,1.0,7.0,-34.8,-0.816,0,1,0.122,3,1,0,387,0.16,0.02
357,49,40.502,40.657,48,5,3,3,0.712,1,9.875,14.56,4.685,0.0,-0.654,-13.029,1,0.797,9.2,-3.9,0.0,-0.71,0,0,0.155,1,1,1,388,0.23,0.04
358,49,40.672,40.851,65,1,1,3,0.772,1,23.023,20.529,-2.494,-4.38,-4.701,-23.719,1,0.88,0.5,-11.4,11.6,-0.771,0,0,0.179,1,1,1,390,0.14,0.027
359,50,40.864,41.193,46,5,1,3,0.804,1,10.669,21.943,11.275,-3.625,3.177,-20.374,1,0.864,13.5,-29.3,11.6,-0.799,0,0,0.329,1,1,1,392,0.09,0.022
360,50,41.038,41.205,62,2,3,3,0.801,1,29.622,38.93,9.308,-6.767,0.165,-25.515,1,0.921,-2.4,5.7,0.0,-0.8,0,0,0.167,2,0,1,394,-0.06,0.022
361,50,41.029,41.213,56,3,1,2,0.319,0,25.229,20.897,-4.332,-0.384,0.384,-22.535,1,0.904,6.1,,-46.4,-0.302,0,0,0.184,2,1,0,394,-0.23,0.613
362,50,41.227,41.412,41,6,1,3,0.411,1,18.733,36.654,17.921,0.0,-8.608,-15.703,1,0.844,8.2,14.1,46.4,-0.407,0,0,0.185,1,1,1,396,-0.04,0.253
363,50,41.425,41.579,55,3,0,3,0.52,1,23.206,19.039,-4.167,0.0,0.0,-25.843,1,0.902,5.0,1.9,-11.6,-0.341,0,0,0.154,1,1,1,398,0.06,0.137
364,51,41.597,41.81,60,2,1,3,0.7,0,13.303,22.831,9.527,-5.016,-0.134,-4.041,1,0.883,4.0,,11.6,-0.699,0,0,0.213,2,0,1,400,-0.12,0.086
365,51,41.596,41.83,50,4,0,3,0.733,1,16.408,37.483,21.075,-2.266,2.266,-1.592,1,0.9,3.6,16.6,0.0,-0.516,0,0,0.234,2,1,0,400,-0.13,0.035
366,51,41.884,42.168,65,1,1,3,0.782,1,30.75,31.194,0.444,-7.254,-4.705,-15.925,1,0.852,3.4,-49.5,0.0,-0.781,0,0,0.284,3,0,1,403,0.05,0.025
367,51,41.886,41.996,61,2,2,3,0.796,0,25.882,8.786,-17.097,-2.366,-2.066,-26.606,1,0.879,3.1,,-11.6,-0.792,0,0,0.11,3,0,0,403,0.07,0.046
368,51,41.886,42.038,55,3,0,3,0.763,1,14.214,25.964,11.749,0.0,0.0,-30.998,1,0.871,2.6,6.5,0.0,-0.761,0,0,0.152,3,1,0,403,0.07,0.029
369,51,41.995,42.16,46,5,1,3,0.767,1,25.43,22.802,-2.628,0.0,-1.036,-17.602,1,0.817,14.3,2.0,-23.2,-0.763,0,0,0.165,1,1,1,404,0.04,0.028
370,51,42.179,42.362,65,1,1,3,0.798,1,3.497,2.336,-1.161,-8.484,-1.217,-14.763,1,0.857,2.7,-7.8,0.0,-0.792,1,1,0.183,2,0,1,406,-0.01,0.023
371,51,42.182,42.367,61,2,2,3,0.738,0,20.79,20.557,-0.233,-1.781,0.927,-25.093,1,0.867,0.8,,11.6,-0.713,0,0,0.185,2,1,0,406,0.03,0.068
372,52,42.375,42.725,44,6,4,3,0.751,1,20.581,34.987,14.407,0.0,-1.295,-19.284,1,0.838,14.4,-18.1,11.6,-0.749,0,0,0.35,1,1,1,408,0.03,0.031
373,52,42.555,42.934,65,1,1,3,0.847,1,21.867,28.652,6.785,-9.346,0.214,-10.239,1,0.882,4.4,-0.7,0.0,-0.826,0,0,0.379,3,0,1,410,-0.11,0.016
374,52,42.556,42.914,60,2,1,3,0.869,1,14.709,28.171,13.462,-1.711,-2.06,-17.549,1,0.901,4.0,-1.7,0.0,-0.869,0,0,0.358,3,0,0,410,-0.1,0.014
375,52,42.558,42.904,54,4,4,3,0.836,1,8.82,20.734,11.914,-2.087,1.011,-15.487,1,0.863,2.8,7.9,34.8,-0.826,0,0,0.346,3,1,0,410,-0.06,0.017
376,52,42.739,42.964,44,6,4,3,0.7,1,2.61,5.713,3.102,-0.92,-0.754,-14.068,1,0.841,0.9,24.3,-23.2,-0.698,0,1,0.225,1,1,1,412,-0.12,0.043
377,52,42.956,43.08,50,4,0,3,0.699,0,23.709,33.094,9.385,-9.245,5.552,-12.274,1,0.791,6.1,,0.0,-0.697,0,0,0.124,1,1,1,414,0.15,0.087
378,53,43.131,43.312,63,2,4,3,0.781,0,9.775,6.711,-3.064,-8.617,-0.728,-11.909,1,0.89,3.8,,11.6,-0.779,0,0,0.181,3,0,1,416,-0.05,0.051
379,53,43.133,43.263,59,3,4,2,0.728,1,28.232,34.571,6.339,0.0,0.0,-5.017,1,0.896,2.2,13.4,0.0,-0.642,0,0,0.13,3,0,0,416,-0.03,0.043
380,53,43.127,43.312,53,4,3,3,0.63,0,22.024,20.569,-1.455,-1.537,0.515,-10.748,1,0.871,6.0,,11.6,-0.615,0,0,0.185,3,1,0,416,-0.08,0.133
381,53,43.413,43.57,63,2,4,3,0.81,0,15.144,10.916,-4.228,-8.208,-4.354,-24.341,1,0.875,3.9,,-11.6,-0.81,0,0,0.157,3,0,1,419,0.05,0.042
382,53,43.416,43.56,59,3,4,3,0.796,0,17.308,20.33,3.022,0.0,0.0,-27.794,1,0.889,0.9,,0.0,-0.791,0,0,0.144,3,0,0,419,0.08,0.046
383,53,43.416,43.65,53,4,3,3,0.701,0,19.728,3.203,-16.525,-5.416,0.101,-10.351,1,0.854,0.8,,23.2,-0.699,0,0,0.234,3,1,0,419,0.08,0.086
384,53,43.516,43.869,44,6,4,3,0.746,1,20.371,19.693,-0.678,-0.068,-1.364,-16.827,1,0.864,17.8,48.4,-23.2,-0.744,0,0,0.353,1,1,1,420,-0.04,0.032
385,53,43.719,43.899,63,2,4,3,0.783,1,21.058,10.147,-10.911,-9.394,-2.355,-23.662,1,0.883,4.7,-14.0,0.0,-0.782,1,0,0.18,3,0,1,422,0.1,0.025
386,53,43.723,43.868,59,3,4,3,0.777,1,24.82,18.422,-6.398,-7.317,2.193,-12.449,1,0.89,0.8,-19.3,-11.6,-0.771,0,0,0.145,3,0,0,422,0.15,0.026
387,53,43.718,43.899,53,4,3,1,0.448,0,10.688,1.651,-9.037,-9.565,0.821,-10.761,1,0.861,5.1,,81.3,-0.408,0,0,0.181,3,1,0,422,0.09,0.432
388,54,43.912,44.074,43,6,3,3,0.834,1,7.578,-2.281,-9.858,0.0,-8.397,-24.141,1,0.862,5.0,-9.6,11.6,-0.833,0,0,0.162,1,1,1,424,0.06,0.018
389,54,44.099,44.446,63,2,4,3,0.852,1,24.61,-3.845,-28.455,-9.689,1.292,-19.246,1,0.872,4.0,0.7,-58.0,-0.851,0,0,0.347,3,0,1,426,0.07,0.016
390,54,44.101,44.293,59,3,4,3,0.869,1,31.081,22.563,-8.519,-6.347,6.347,-21.332,1,0.886,2.1,-1.3,-11.6,-0.869,0,0,0.192,3,0,0,426,0.09,0.014
391,54,44.098,44.289,53,4,3,3,0.812,1,17.597,19.145,1.548,-9.278,6.096,-5.418,1,0.852,4.7,1.7,34.8,-0.811,0,0,0.191,3,1,0,426,0.06,0.021
392,54,44.301,44.635,43,6,3,3,0.771,0,2.264,15.268,13.004,0.0,-7.368,-14.944,1,0.866,4.4,,34.8,-0.768,0,0,0.334,1,1,1,428,0.12,0.055
393,54,44.464,44.635,50,4,0,3,0.582,0,23.057,24.784,1.727,-7.393,6.329,-16.698,1,0.858,6.8,,23.2,-0.58,0,0,0.171,1,1,1,430,-0.2,0.177
394,55,44.659,45.033,62,2,3,3,0.829,1,12.759,-3.291,-16.049,-4.267,-4.878,-18.727,1,0.894,0.6,9.6,-58.0,-0.826,1,0,0.374,3,0,1,432,-0.06,0.018
395,55,44.659,45.043,58,3,3,3,0.829,1,25.277,33.128,7.851,-0.384,-0.985,-20.811,1,0.897,2.2,9.6,-11.6,-0.823,0,0,0.384,3,0,0,432,-0.06,0.018
396,55,44.657,44.963,48,5,3,3,0.816,1,16.936,20.857,3.921,-0.847,-4.797,-1.411,1,0.883,4.9,-0.0,0.0,-0.81,0,0,0.306,3,1,0,432,-0.08,0.02
397,55,44.948,45.192,52,4,2,3,0.524,1,9.374,33.914,24.541,-1.94,-1.577,-4.926,1,0.841,4.4,-12.4,11.6,-0.523,0,0,0.244,1,1,1,435,0.13,0.134
398,55,45.052,45.361,43,6,3,3,0.768,1,14.609,22.095,7.486,0.0,-8.513,-21.475,1,0.846,5.1,-11.9,34.8,-0.767,0,0,0.309,1,1,1,436,0.05,0.028
399,55,45.229,45.337,62,2,3,3,0.813,0,13.833,5.671,-8.162,-8.83,7.659,-20.812,1,0.908,0.2,,11.6,-0.81,1,0,0.108,2,0,1,438,-0.1,0.041
400,55,45.229,45.334,58,3,3,3,0.772,1,11.728,33.698,21.969,-2.47,2.47,-17.358,1,0.9,1.8,8.5,11.6,-0.768,0,0,0.105,2,1,0,438,-0.1,0.027
401,56,45.429,45.62,48,5,3,3,0.829,1,14.3,29.063,14.763,0.0,-0.649,-8.353,1,0.822,11.9,5.9,-11.6,-0.826,0,0,0.191,1,1,1,440,0.03,0.018
402,56,45.618,46.027,61,2,2,3,0.859,1,7.748,1.985,-5.763,-8.803,1.33,-20.859,1,0.902,3.8,14.2,0.0,-0.858,0,0,0.409,3,0,1,442,0.06,0.015
403,56,45.619,46.017,58,3,3,3,0.87,1,23.465,27.069,3.604,0.0,0.0,-26.221,1,0.916,2.3,1.6,11.6,-0.869,0,0,0.398,3,0,0,442,0.07,0.014
404,56,45.617,45.801,52,4,2,3,0.781,1,18.853,29.615,10.763,-8.501,1.506,-11.903,1,0.872,3.9,15.2,23.2,-0.78,0,0,0.184,3,1,0,442,0.05,0.025
405,56,45.802,46.147,43,6,3,3,0.809,1,23.241,27.642,4.401,0.0,-12.519,-12.513,1,0.886,6.9,-17.5,23.2,-0.807,0,0,0.345,1,1,1,444,-0.01,0.021
406,57,46.172,46.296,63,2,4,2,0.325,0,25.318,-1.017,-26.335,-13.364,1.437,-12.366,1,0.856,3.0,,-11.6,-0.036,0,0,0.124,3,0,1,448,-0.09,0.602
407,57,46.173,46.356,57,3,2,3,0.712,1,27.033,17.581,-9.452,0.0,0.0,-22.206,1,0.878,1.1,-5.4,-11.6,-0.706,0,0,0.183,3,0,0,448,-0.08,0.04
408,57,46.173,46.515,42,6,2,3,0.466,1,3.842,2.81,-1.032,-0.743,-12.438,-8.866,1,0.878,3.2,6.2,23.2,-0.317,0,0,0.342,3,1,0,448,-0.08,0.187
409,57,46.433,46.532,57,3,2,2,0.252,0,22.135,2.55,-19.585,0.0,0.0,-17.339,1,0.878,0.6,,11.6,-0.238,0,0,0.099,1,1,1,451,-0.22,0.716
410,57,46.565,46.733,45,5,0,3,0.575,1,30.089,29.473,-0.615,0.0,-0.671,-9.219,1,0.711,14.1,-2.7,-34.8,-0.563,0,0,0.168,1,1,1,452,0.02,0.098
411,57,46.761,46.903,60,2,1,3,0.371,0,32.933,28.526,-4.407,-1.9,1.9,-6.773,1,0.901,0.8,,0.0,-0.357,0,0,0.142,1,1,1,454,0.11,0.482
412,58,46.959,47.132,48,5,3,1,0.41,1,21.235,30.848,9.613,-5.493,5.211,8.937,1,0.811,8.1,-1.9,0.0,-0.408,0,0,0.173,1,1,1,456,0.12,0.325
413,58,47.129,47.301,63,2,4,3,0.765,0,27.773,28.082,0.31,-7.757,-4.293,-18.483,1,0.891,4.2,,0.0,-0.764,0,0,0.172,3,0,1,458,-0.08,0.057
414,58,47.131,47.301,57,3,2,3,0.687,1,27.391,30.438,3.047,-2.904,1.093,-20.267,1,0.887,3.3,0.2,11.6,-0.682,0,0,0.17,3,0,0,458,-0.04,0.047
415,58,47.13,47.291,54,4,4,3,0.737,1,26.687,41.718,15.031,0.0,0.0,-25.302,1,0.892,4.6,-33.6,11.6,-0.722,0,0,0.161,3,1,0,458,-0.06,0.034
416,58,47.323,47.451,45,5,0,3,0.684,1,23.924,23.259,-0.665,-1.674,1.508,-5.448,1,0.59,12.6,-17.6,-11.6,-0.679,0,0,0.128,1,1,1,460,-0.01,0.048
417,58,47.509,47.695,64,1,0,3,0.801,1,17.224,11.397,-5.827,-6.588,-6.16,-0.118,1,0.855,3.3,5.3,0.0,-0.799,0,0,0.186,3,0,1,462,-0.12,0.022
418,58,47.509,47.684,55,3,0,3,0.8,1,6.149,17.084,10.936,-1.99,0.538,-14.876,1,0.859,3.9,5.3,-11.6,-0.793,0,0,0.175,3,0,0,462,-0.12,0.022
419,58,47.506,47.685,48,5,3,3,0.789,1,13.556,28.37,14.814,0.0,-0.758,-10.608,1,0.774,7.1,-3.3,0.0,-0.483,0,0,0.179,3,1,0,462,-0.17,0.024
420,59,47.715,47.846,50,4,0,3,0.72,1,17.41,15.007,-2.402,0.0,0.0,-4.915,1,0.849,5.7,-36.8,-34.8,-0.708,0,0,0.131,1,1,1,464,0.05,0.038
421,59,47.895,48.047,63,2,4,3,0.662,0,9.948,3.802,-6.145,-4.86,-8.546,-14.055,1,0.875,6.1,,0.0,-0.661,0,0,0.152,3,0,1,466,-0.09,0.11
422,59,47.899,47.987,58,3,3,1,0.383,0,11.137,37.89,26.754,-4.974,4.974,-15.745,1,0.868,3.2,,0.0,-0.062,0,0,0.088,3,0,0,466,-0.01,0.545
423,59,47.897,47.917,46,5,1,1,0.321,0,13.989,18.51,4.521,-6.528,-0.403,-27.158,0,0.281,,,11.6,0.062,0,0,0.02,3,1,0,466,-0.05,0.648
424,59,48.079,48.25,62,2,3,3,0.741,1,8.649,12.746,4.097,-4.309,-3.983,-21.643,1,0.878,2.2,5.5,-23.2,-0.739,0,0,0.171,4,0,1,468,-0.13,0.033
425,59,48.081,48.236,58,3,3,2,0.483,0,2.418,10.484,8.066,-9.709,9.709,2.674,1,0.602,1.2,,11.6,-0.019,0,0,0.155,4,0,0,468,-0.11,0.336
426,59,48.074,48.233,55,4,5,2,0.387,1,17.396,35.048,17.652,0.0,-2.507,-15.507,1,0.841,7.5,-1.1,23.2,-0.279,0,0,0.159,4,0,0,468,-0.17,0.321
427,59,48.083,48.226,46,5,1,1,0.464,0,4.943,16.345,11.402,-7.246,1.156,-25.712,1,0.798,-1.3,,-11.6,0.019,0,0,0.143,4,1,0,468,-0.09,0.405
428,59,48.302,48.662,61,2,2,3,0.807,1,16.542,6.261,-10.281,-9.636,0.731,-13.334,1,0.88,5.8,-8.5,-11.6,-0.806,0,0,0.36,3,0,1,470,0.19,0.021
429,59,48.301,48.862,55,3,0,3,0.819,0,15.049,4.806,-10.242,0.0,0.0,-16.147,1,0.88,2.3,,0.0,-0.815,0,0,0.561,3,0,0,470,0.18,0.04
430,59,48.302,48.662,45,5,0,3,0.817,1,8.944,8.284,-0.659,-10.859,6.803,-4.148,1,0.845,0.8,-8.5,-11.6,-0.801,0,0,0.36,3,1,0,470,0.19,0.02
431,60,48.68,48.982,64,1,0,3,0.779,1,17.441,5.299,-12.141,-10.779,-7.454,1.668,1,0.832,2.4,-3.4,-11.6,-0.774,1,0,0.302,1,1,1,474,0.04,0.026
432,60,48.876,48.985,55,3,0,3,0.659,1,24.727,2.457,-22.27,0.0,0.0,-33.968,1,0.862,2.1,-2.0,-23.2,-0.658,0,1,0.109,1,1,1,476,0.03,0.057
433,60,48.99,49.121,45,5,0,3,0.549,0,6.764,9.049,2.285,-4.369,-0.47,-7.45,0,0.017,,,11.6,-0.532,0,0,0.131,1,1,1,477,-0.16,0.212
434,60,49.063,49.141,47,5,2,2,0.313,0,18.986,19.271,0.285,-3.987,2.246,-2.68,1,0.701,-6.9,,34.8,-0.305,0,0,0.078,1,1,1,478,-0.09,0.622
435,60,49.156,49.27,55,3,0,1,0.343,1,3.879,14.393,10.513,-3.576,-1.831,-22.384,1,0.861,8.7,-3.4,0.0,-0.34,0,0,0.114,2,0,1,479,0.06,0.433
436,60,49.165,49.27,49,5,4,3,0.548,0,21.513,23.251,1.738,-0.005,0.005,-10.574,1,0.851,-0.3,,-34.8,-0.521,0,0,0.105,2,1,0,479,0.14,0.214
437,61,49.272,49.658,50,4,0,3,0.788,1,9.742,11.592,1.851,-1.716,1.559,-2.136,1,0.829,8.3,8.3,11.6,-0.785,0,0,0.386,1,1,1,480,0.05,0.024
438,61,49.416,49.569,57,3,2,3,0.693,0,3.875,16.375,12.501,-9.869,2.308,-13.526,1,0.868,3.4,,0.0,-0.692,0,0,0.153,1,1,1,481,0.2,0.091
439,61,49.526,49.698,66,1,2,3,0.809,1,15.373,27.257,11.884,-8.512,-7.915,-2.772,1,0.855,6.3,9.8,34.8,-0.807,0,0,0.172,2,0,1,483,-0.19,0.021
440,61,49.53,49.708,60,2,1,3,0.79,1,24.58,23.765,-0.815,0.0,-6.679,-27.455,1,0.872,4.9,5.8,0.0,-0.789,0,0,0.178,2,1,0,483,-0.14,0.024
441,61,49.675,49.907,42,6,2,3,0.699,0,21.598,25.745,4.147,0.0,-9.21,-13.662,1,0.858,9.0,,34.8,-0.697,0,0,0.232,1,1,1,484,0.13,0.087
442,61,49.81,49.927,50,4,0,3,0.569,0,8.242,6.428,-1.814,-27.523,20.054,-9.793,1,0.737,2.3,,-23.2,-0.556,0,0,0.117,1,1,1,485,0.25,0.19
443,61,49.914,50.046,60,2,1,3,0.721,0,20.386,2.665,-17.721,-10.887,2.222,-15.311,1,0.865,3.7,,-23.2,-0.608,0,0,0.132,2,0,1,487,-0.22,0.076
444,61,49.915,50.036,55,3,0,3,0.668,1,11.971,5.968,-6.003,-0.03,0.03,-29.601,1,0.823,3.5,-6.4,0.0,-0.652,0,0,0.121,2,1,0,487,-0.2,0.054
445,62,50.028,50.335,43,6,3,3,0.73,1,6.359,8.457,2.098,0.0,-12.303,-27.202,1,0.856,5.4,31.5,69.7,-0.725,0,0,0.307,1,1,1,488,-0.16,0.036
446,62,50.169,50.345,53,4,3,1,0.337,0,8.626,8.531,-0.095,-14.44,7.023,-37.32,1,0.836,2.1,,23.2,-0.291,0,0,0.176,1,1,1,489,-0.12,0.622
447,62,50.362,50.613,59,2,0,3,0.825,1,17.067,34.914,17.846,-7.226,5.395,-12.267,1,0.848,6.5,-12.3,0.0,-0.823,0,0,0.251,2,0,1,491,0.36,0.019
448,62,50.361,50.623,55,3,0,3,0.753,1,11.413,-1.825,-13.238,-9.294,9.141,-15.19,1,0.798,6.7,0.3,0.0,-0.725,1,0,0.262,2,1,0,491,0.36,0.031
449,62,50.459,50.633,45,5,0,3,0.603,0,3.492,11.502,8.01,-5.012,1.597,-11.178,1,0.767,11.5,,-11.6,-0.601,0,0,0.174,1,1,1,492,0.18,0.156
450,62,50.636,50.802,60,2,1,3,0.584,1,10.419,14.08,3.662,-1.23,0.878,-14.881,1,0.628,3.9,-19.2,0.0,0.116,0,0,0.166,4,0,1,494,0.12,0.093
451,62,50.638,50.862,58,3,3,2,0.8,1,9.531,10.356,0.825,-0.909,0.03,-14.009,1,0.897,2.2,-21.2,-11.6,-0.795,0,0,0.224,4,0,0,494,0.14,0.026
452,62,50.638,50.822,52,4,2,3,0.741,0,28.249,30.689,2.44,-6.337,-1.958,-4.366,1,0.883,2.6,,-34.8,-0.736,0,0,0.184,4,0,0,494,0.14,0.067
453,62,50.635,50.852,48,5,3,3,0.699,0,19.941,32.721,12.78,-4.526,1.422,-2.772,1,0.845,4.5,,-11.6,-0.116,0,0,0.217,4,1,0,494,0.1,0.087
454,63,51.175,52.185,62,2,3,3,0.843,1,36.512,45.134,8.623,-5.531,0.384,-7.624,1,0.878,0.7,10.7,-11.6,-0.839,0,0,1.01,4,0,1,500,-0.27,0.017
455,63,51.175,52.165,58,3,3,3,0.809,0,28.174,27.831,-0.343,-1.441,0.758,-0.835,1,0.872,0.0,,0.0,-0.803,0,0,0.99,4,0,0,500,-0.27,0.043
456,63,51.173,52.039,52,4,2,3,0.796,1,28.575,32.352,3.776,-6.582,-0.038,0.133,1,0.821,0.8,1.0,-11.6,-0.783,0,0,0.866,4,0,0,500,-0.29,0.023
457,63,51.172,52.155,48,5,3,2,0.776,0,32.708,38.685,5.977,-3.592,1.813,2.634,1,0.878,1.5,,0.0,-0.762,0,0,0.983,4,1,0,500,-0.3,0.062
458,64,52.177,52.329,50,4,0,3,0.608,1,26.634,20.664,-5.97,-0.912,0.912,-24.153,1,0.871,5.6,-14.8,-11.6,-0.585,0,0,0.152,1,1,1,510,-0.04,0.08
459,65,52.38,52.593,62,2,3,3,0.646,0,9.983,8.911,-1.072,-10.569,3.52,-9.893,1,0.892,8.1,,0.0,-0.64,0,0,0.213,4,0,1,512,0.03,0.121
460,65,52.38,52.603,58,3,3,3,0.725,1,27.227,42.426,15.199,-6.767,6.767,-1.154,1,0.913,7.5,-32.1,-11.6,-0.722,0,0,0.223,4,0,0,512,0.03,0.037
461,65,52.381,52.603,53,4,3,3,0.745,1,27.633,35.889,8.255,-2.623,2.256,-23.129,1,0.89,6.8,1.8,11.6,-0.728,0,0,0.222,4,0,0,512,0.04,0.032
462,65,52.38,52.4,43,6,3,2,0.317,1,32.071,24.372,-7.698,-1.154,-12.937,-18.212,0,0.0,,2.8,-34.8,-0.31,0,0,0.02,4,1,0,512,0.03,0.436
463,65,52.667,52.774,62,2,3,3,0.856,1,22.9,5.411,-17.49,-6.309,-1.752,-25.139,1,0.885,1.4,6.0,-23.2,-0.855,0,0,0.107,3,0,1,515,0.13,0.015
464,65,52.666,52.951,58,3,3,3,0.832,1,30.978,4.405,-26.573,0.0,0.0,-31.893,1,0.89,1.2,-4.6,11.6,-0.823,0,0,0.285,3,0,0,515,0.12,0.018
465,65,52.667,52.951,53,4,3,3,0.822,1,13.615,-3.884,-17.499,-7.176,0.32,-26.358,1,0.862,0.1,6.0,0.0,-0.819,0,0,0.284,3,1,0,515,0.13,0.019
466,65,52.769,53.1,43,6,3,3,0.798,1,19.344,19.645,0.301,0.0,-12.842,-6.654,1,0.878,6.7,-14.7,11.6,-0.792,0,0,0.331,1,1,1,516,0.0,0.023
467,65,52.96,53.088,62,2,3,3,0.841,1,9.759,5.745,-4.014,-6.311,6.311,-17.308,1,0.887,-1.5,3.3,-11.6,-0.84,1,0,0.128,3,0,1,518,-0.04,0.017
468,65,52.958,53.13,58,3,3,3,0.761,1,-0.39,-2.017,-1.627,-7.897,6.047,-20.915,1,0.878,-1.0,5.3,-11.6,-0.76,0,1,0.172,3,0,0,518,-0.07,0.029
469,65,52.957,53.13,53,4,3,1,0.392,0,7.489,0.197,-7.291,-10.539,4.094,-10.855,1,0.854,-0.0,,46.4,-0.331,0,1,0.173,3,1,0,518,-0.09,0.53
470,66,53.145,53.399,48,5,3,3,0.75,1,14.437,21.87,7.433,-1.375,0.861,-12.002,1,0.722,5.8,4.0,11.6,-0.746,0,0,0.254,1,1,1,520,-0.12,0.031
471,66,53.362,53.534,62,2,3,3,0.879,1,23.666,13.739,-9.927,-5.35,-0.583,-20.321,1,0.902,2.5,-4.0,-11.6,-0.877,0,0,0.172,3,0,1,522,0.11,0.013
472,66,53.362,53.727,58,3,3,3,0.839,1,34.125,24.614,-9.511,0.0,0.0,-16.6,1,0.89,3.3,-4.0,0.0,-0.836,0,0,0.365,3,0,0,522,0.11,0.017
473,66,53.364,53.548,52,4,2,3,0.585,1,24.985,23.5,-1.485,-11.522,2.55,-6.744,1,0.843,3.3,5.6,46.4,-0.583,0,0,0.184,3,1,0,522,0.13,0.092
474,66,53.549,53.729,43,6,3,3,0.775,1,22.065,29.253,7.188,0.0,-10.24,-10.521,1,0.89,7.7,18.0,34.8,-0.765,0,0,0.18,1,1,1,524,-0.0,0.026
475,66,53.763,53.891,50,4,0,3,0.617,0,22.792,29.033,6.241,-9.574,9.574,-15.256,1,0.812,9.0,,-23.2,-0.614,0,0,0.128,1,1,1,526,0.24,0.144
476,67,53.934,54.165,65,1,1,3,0.852,1,23.844,33.758,9.914,-7.344,-4.026,-3.699,1,0.897,4.1,-5.8,11.6,-0.812,0,0,0.231,4,0,1,528,-0.04,0.016
477,67,53.934,54.155,60,2,1,3,0.817,0,20.72,35.064,14.345,-7.646,6.555,-4.624,1,0.847,5.0,,11.6,-0.446,0,0,0.221,4,0,0,528,-0.04,0.04
478,67,53.935,54.174,57,3,2,3,0.842,0,31.137,37.55,6.413,0.0,0.0,-7.409,1,0.89,4.0,,0.0,-0.838,0,0,0.239,4,0,0,528,-0.03,0.034
479,67,53.934,54.055,48,5,3,2,0.371,1,17.25,20.437,3.186,-3.039,0.113,4.176,1,0.725,6.3,-17.4,0.0,0.446,0,0,0.121,4,1,0,528,-0.04,0.346
480,67,54.224,54.463,65,1,1,3,0.877,1,15.555,5.966,-9.589,-7.001,-3.242,-25.96,1,0.878,4.5,-5.6,0.0,-0.869,0,0,0.239,3,0,1,531,0.11,0.013
481,67,54.226,54.483,60,2,1,3,0.844,1,27.648,10.957,-16.691,0.0,-2.995,-27.748,1,0.877,2.8,15.6,0.0,-0.619,0,0,0.257,3,0,0,531,0.13,0.016
482,67,54.228,54.493,57,3,2,3,0.862,1,22.437,-0.435,-22.872,-2.725,2.725,-21.612,1,0.839,1.5,13.6,23.2,-0.858,0,0,0.265,3,1,0,531,0.14,0.015
483,67,54.341,54.523,48,5,3,2,0.435,1,6.186,18.719,12.533,-7.775,3.619,5.016,1,0.808,8.7,-18.1,-34.8,-0.434,0,0,0.182,1,1,1,532,0.11,0.253
484,67,54.505,54.682,65,1,1,3,0.696,1,23.173,7.848,-15.325,-1.206,-6.857,-8.23,1,0.875,7.9,-7.9,11.6,-0.693,0,1,0.177,3,0,1,534,-0.22,0.045
485,67,54.509,54.632,59,2,0,3,0.517,0,9.094,8.589,-0.505,-0.26,-4.265,-16.978,1,0.835,4.7,,34.8,-0.425,0,0,0.123,3,0,0,534,-0.15,0.253
486,67,54.515,54.632,57,3,2,2,0.407,0,5.117,-0.538,-5.654,-4.468,3.212,-12.427,1,0.813,-1.3,,-11.6,-0.405,0,1,0.117,3,1,0,534,-0.04,0.461
487,68,54.701,54.876,50,4,0,3,0.657,1,19.302,33.262,13.959,-0.993,0.993,-1.92,1,0.812,7.9,-6.6,0.0,-0.654,0,0,0.175,1,1,1,536,-0.08,0.058
488,68,54.903,55.064,65,1,1,3,0.846,1,22.75,33.054,10.305,-5.555,-1.4,-20.794,1,0.875,2.3,0.4,-11.6,-0.737,0,0,0.161,3,0,1,538,0.02,0.016
489,68,54.903,55.056,60,2,1,3,0.833,1,27.99,26.712,-1.278,-0.928,-2.469,-27.964,1,0.89,2.5,0.4,0.0,-0.82,0,0,0.153,3,0,0,538,0.02,0.018
490,68,54.901,55.06,54,4,4,2,0.494,0,20.882,43.848,22.966,0.0,0.0,-14.367,1,0.871,4.4,,0.0,-0.488,0,0,0.159,3,1,0,538,-0.0,0.32
491,68,55.097,55.308,45,5,0,3,0.711,1,25.694,22.719,-2.975,0.0,-1.008,-3.948,1,0.45,15.6,38.6,-11.6,-0.706,0,0,0.211,1,1,1,540,0.02,0.04
492,69,55.464,55.637,62,2,3,3,0.757,0,20.183,45.393,25.21,-9.971,7.471,-8.713,1,0.868,3.4,,11.6,-0.755,0,0,0.173,4,0,1,544,-0.11,0.06
493,69,55.465,55.582,58,3,3,3,0.829,1,16.342,22.935,6.593,-2.998,2.998,-14.544,1,0.889,3.7,7.3,0.0,-0.826,0,0,0.117,4,0,0,544,-0.1,0.018
494,69,55.466,55.567,53,4,3,1,0.35,0,13.03,24.036,11.006,-10.859,3.196,-2.316,1,0.866,4.3,,58.0,-0.345,0,0,0.101,4,0,0,544,-0.1,0.602
495,69,55.466,55.746,43,6,3,3,0.788,1,7.983,16.71,8.728,-0.834,-11.428,-5.878,1,0.873,4.2,-5.3,23.2,-0.777,0,0,0.28,4,1,0,544,-0.1,0.024
496,69,55.761,55.877,62,2,3,3,0.844,1,17.864,-1.416,-19.28,-8.574,-0.329,-17.311,1,0.874,1.1,2.8,-11.6,-0.843,1,0,0.116,3,0,1,547,0.12,0.017
497,69,55.761,55.875,58,3,3,3,0.853,0,16.315,26.55,10.236,0.0,0.0,-15.63,1,0.894,0.9,,0.0,-0.852,0,0,0.114,3,0,0,547,0.12,0.032
498,69,55.761,56.005,53,4,3,3,0.598,0,8.227,17.361,9.133,-7.291,-0.316,-12.427,1,0.876,1.2,,11.6,-0.593,0,0,0.244,3,1,0,547,0.12,0.161
499,69,55.871,56.174,43,6,3,3,0.739,1,17.499,19.531,2.033,-0.199,-9.75,-9.148,1,0.878,4.7,-2.7,11.6,-0.738,0,0,0.303,1,1,1,548,0.08,0.034
500,69,56.047,56.234,62,2,3,3,0.87,1,4.188,-0.814,-5.002,-9.922,5.251,-8.405,1,0.889,2.2,-4.5,-23.2,-0.869,1,0,0.187,2,0,1,550,-0.07,0.014
501,69,56.048,56.363,58,3,3,3,0.797,0,12.587,24.142,11.555,-3.538,3.538,-24.389,1,0.878,2.1,,-23.2,-0.795,0,0,0.315,2,1,0,550,-0.06,0.046
502,70,56.239,56.415,48,5,3,3,0.819,1,11.359,19.895,8.536,-8.727,4.6,-9.206,1,0.771,9.8,0.8,-34.8,-0.815,0,0,0.176,1,1,1,552,-0.04,0.02
503,70,56.438,56.801,62,2,3,3,0.86,1,23.235,15.739,-7.496,-2.507,-4.136,-19.066,1,0.905,2.3,10.8,34.8,-0.857,0,0,0.363,4,0,1,554,0.05,0.015
504,70,56.439,56.603,58,3,3,3,0.861,1,18.844,6.36,-12.484,0.0,0.0,-22.371,1,0.879,0.9,-1.8,0.0,-0.859,0,0,0.164,4,0,0,554,0.06,0.015
505,70,56.439,56.811,52,4,2,3,0.649,1,11.999,27.299,15.299,-7.245,-0.433,0.237,1,0.822,1.1,21.4,0.0,-0.635,0,0,0.372,4,0,0,554,0.06,0.061
506,70,56.441,56.603,48,5,3,2,0.54,0,-2.847,1.589,4.436,-9.156,4.352,4.399,1,0.79,-2.0,,58.0,-0.53,0,1,0.162,4,1,0,554,0.09,0.254
507,70,56.619,57.01,48,5,3,3,0.785,1,7.461,3.53,-3.932,0.0,-0.412,-0.463,1,0.846,5.0,4.0,0.0,-0.783,0,1,0.391,1,1,1,556,-0.07,0.025
508,70,56.813,57.019,62,2,3,3,0.852,1,5.988,0.867,-5.121,-7.875,-2.821,-12.952,1,0.893,2.4,7.3,-46.4,-0.85,0,1,0.206,2,0,1,558,-0.09,0.016
509,70,56.814,56.971,58,3,3,3,0.84,1,8.906,26.728,17.821,0.0,0.0,-4.403,1,0.882,2.5,6.3,23.2,-0.83,0,0,0.157,2,1,0,558,-0.07,0.017
510,71,57.215,57.374,69,1,5,3,0.845,1,27.602,26.112,-1.49,-18.528,3.723,-6.48,1,0.854,6.7,11.7,-34.8,-0.843,0,0,0.159,4,0,1,562,0.16,0.016
511,71,57.215,57.378,63,2,4,3,0.873,1,17.996,16.644,-1.351,-9.807,-0.611,-10.948,1,0.89,5.8,11.7,-11.6,-0.872,0,0,0.163,4,0,0,562,0.16,0.014
512,71,57.215,57.388,60,3,5,2,0.758,0,14.057,27.189,13.133,-14.307,9.899,0.453,1,0.897,5.7,,0.0,-0.738,0,0,0.173,4,0,0,562,0.16,0.07
513,71,57.213,57.378,53,4,3,3,0.82,1,27.083,35.022,7.939,0.0,0.0,-8.165,1,0.832,6.3,-9.5,11.6,-0.717,0,0,0.165,4,1,0,562,0.14,0.019
514,71,57.398,57.56,69,1,5,3,0.846,0,4.452,4.569,0.118,-14.559,5.204,-14.991,1,0.831,4.1,,-11.6,-0.844,0,1,0.162,4,0,1,564,0.02,0.033
515,71,57.397,57.558,63,2,4,3,0.869,0,6.38,7.338,0.957,-4.678,-0.419,-18.639,1,0.866,4.6,,11.6,-0.869,0,1,0.161,4,0,0,564,0.02,0.028
516,71,57.399,57.577,60,3,5,3,0.769,0,3.045,5.112,2.067,-10.136,7.459,-17.752,1,0.876,2.8,,0.0,-0.743,0,1,0.178,4,0,0,564,0.03,0.055
517,71,57.398,57.558,53,4,3,3,0.831,0,0.254,-1.881,-2.135,0.0,-0.041,-13.413,1,0.785,0.6,,-23.2,-0.828,0,1,0.16,4,1,0,564,0.02,0.037
518,71,57.593,57.754,68,1,4,3,0.832,1,8.814,9.622,0.808,-4.73,-1.365,-9.201,1,0.842,7.8,5.2,0.0,-0.832,0,0,0.161,4,0,1,566,0.09,0.018
519,71,57.597,57.754,62,2,3,3,0.851,1,6.537,11.53,4.993,0.0,-3.025,-10.379,1,0.872,4.0,12.8,0.0,-0.851,0,0,0.157,4,0,0,566,0.14,0.016
520,71,57.599,57.775,59,3,4,3,0.655,1,6.303,5.306,-0.997,-5.451,-0.303,4.436,1,0.806,2.9,12.1,-34.8,-0.654,0,0,0.176,4,0,0,566,0.16,0.058
521,71,57.6,57.775,52,4,2,3,0.721,1,7.499,3.862,-3.636,-0.083,0.083,-0.784,1,0.814,1.6,9.8,-23.2,-0.705,0,0,0.175,4,1,0,566,0.17,0.038
522,72,57.78,57.94,68,1,4,3,0.824,0,4.518,2.28,-2.238,-7.272,2.019,-22.952,1,0.861,1.9,,0.0,-0.823,0,1,0.16,4,0,1,568,0.0,0.039
523,72,57.781,57.942,62,2,3,3,0.854,0,3.726,-1.111,-4.837,-0.791,-5.649,-21.811,1,0.885,1.7,,0.0,-0.853,0,1,0.161,4,0,0,568,0.0,0.032
524,72,57.782,57.955,59,3,4,3,0.742,0,6.522,6.487,-0.035,-3.147,2.962,-19.226,1,0.84,1.6,,23.2,-0.742,0,1,0.173,4,0,0,568,0.02,0.066
525,72,57.782,57.974,52,4,2,3,0.763,0,3.336,0.969,-2.367,-0.784,0.784,-18.677,1,0.797,1.3,,-23.2,-0.758,0,1,0.192,4,1,0,568,0.02,0.058
526,72,57.978,58.129,67,1,3,3,0.862,1,10.865,5.554,-5.311,-5.622,-1.631,-16.655,1,0.861,2.7,-7.0,0.0,-0.862,0,0,0.151,4,0,1,570,0.1,0.015
527,72,57.979,58.129,61,2,2,3,0.861,1,8.695,9.326,0.631,-4.021,0.009,-16.372,1,0.88,3.2,3.6,11.6,-0.861,0,0,0.15,4,0,0,570,0.11,0.015
528,72,57.979,58.144,58,3,3,3,0.701,1,8.0,10.322,2.321,-6.411,5.912,-0.174,1,0.843,3.3,-8.0,11.6,-0.698,0,0,0.165,4,0,0,570,0.11,0.043
529,72,57.978,58.144,51,4,1,3,0.815,1,9.213,5.792,-3.421,-4.193,4.193,-0.508,1,0.823,3.5,-7.0,-46.4,-0.807,0,0,0.166,4,1,0,570,0.1,0.02
530,72,58.156,58.308,67,1,3,3,0.858,1,1.812,2.425,0.613,-2.195,-5.812,-31.166,1,0.85,2.0,0.8,11.6,-0.857,0,1,0.152,4,0,1,572,-0.06,0.015
531,72,58.157,58.309,61,2,2,3,0.858,1,2.093,2.965,0.872,-0.634,-2.515,-27.826,1,0.845,1.5,-0.2,0.0,-0.857,0,1,0.152,4,0,0,572,-0.05,0.015
532,72,58.158,58.306,58,3,3,3,0.815,0,4.872,1.843,-3.029,-2.611,2.611,-24.591,1,0.82,0.7,,-11.6,-0.813,0,1,0.148,4,0,0,572,-0.04,0.041
533,72,58.156,58.333,51,4,1,2,0.755,0,-6.395,-4.092,2.303,-8.918,3.82,-4.581,1,0.753,1.3,,11.6,-0.746,0,1,0.177,4,1,0,572,-0.06,0.071
534,72,58.34,58.518,64,1,0,3,0.826,1,9.286,5.063,-4.223,-8.539,-5.966,-9.944,1,0.834,7.1,2.5,-11.6,-0.817,0,0,0.178,3,0,1,574,-0.27,0.019
535,72,58.344,58.516,59,2,0,3,0.839,1,8.81,3.858,-4.952,0.0,-3.208,-11.209,1,0.837,4.6,-1.5,-11.6,-0.838,0,0,0.172,3,0,0,574,-0.19,0.017
536,72,58.343,58.518,55,3,0,3,0.79,1,14.096,34.028,19.932,-3.98,3.311,-6.396,1,0.816,6.3,11.1,11.6,-0.706,0,0,0.175,3,1,0,574,-0.21,0.024
537,73,58.542,58.949,66,1,2,3,0.835,0,8.395,8.104,-0.291,-5.748,-2.468,-7.773,1,0.826,4.9,,-11.6,-0.833,0,0,0.407,4,0,1,576,-0.05,0.036
538,73,58.544,58.82,60,2,1,3,0.849,1,5.534,5.543,0.009,0.0,0.0,-9.26,1,0.868,3.0,42.3,-11.6,-0.848,0,0,0.276,4,0,0,576,-0.03,0.016
539,73,58.542,58.82,57,3,2,3,0.766,1,9.043,13.166,4.123,-5.381,3.063,-1.523,1,0.836,4.3,-2.1,-34.8,-0.76,0,0,0.278,4,0,0,576,-0.05,0.028
540,73,58.539,59.009,50,4,0,3,0.812,0,8.597,25.909,17.312,-7.261,6.967,0.256,1,0.858,6.1,,0.0,-0.589,0,0,0.47,4,1,0,576,-0.07,0.042
541,73,58.832,59.118,60,2,1,3,0.756,1,-0.946,-3.657,-2.711,-5.416,-5.041,-22.833,1,0.853,2.2,9.8,-23.2,-0.755,0,1,0.286,2,0,1,579,0.12,0.03
542,73,58.834,59.118,57,3,2,3,0.764,0,22.991,5.444,-17.548,0.0,0.0,-23.84,1,0.861,0.8,,0.0,-0.752,0,1,0.284,2,1,0,579,0.14,0.057
543,73,58.951,59.297,45,5,0,3,0.698,1,21.379,15.108,-6.272,-8.602,0.843,0.619,1,0.602,12.8,6.9,-23.2,-0.672,0,0,0.346,1,1,1,580,0.14,0.044
544,73,59.131,59.305,60,2,1,3,0.84,1,6.878,4.093,-2.785,-2.246,-4.321,-24.587,1,0.879,2.0,12.6,-11.6,-0.838,0,1,0.174,3,0,1,582,0.11,0.017
545,73,59.131,59.307,57,3,2,3,0.81,1,4.484,-4.469,-8.953,0.0,0.0,-14.22,1,0.876,1.9,24.2,-92.9,-0.759,1,1,0.176,3,0,0,582,0.11,0.021
546,73,59.131,59.327,50,4,0,2,0.473,1,-0.834,3.957,4.791,-11.384,3.875,-0.194,1,0.872,1.2,47.5,46.4,-0.417,0,0,0.196,3,1,0,582,0.11,0.207
547,74,59.313,59.496,57,3,2,1,0.323,1,3.223,6.771,3.549,-4.719,4.719,-11.975,1,0.877,0.3,28.0,-23.2,-0.311,1,1,0.183,2,0,1,584,-0.01,0.467
548,74,59.312,59.675,42,6,2,3,0.73,0,29.375,24.078,-5.296,0.0,-10.573,-10.452,1,0.795,2.0,,-23.2,-0.719,0,0,0.363,2,1,0,584,-0.02,0.072
549,74,59.506,59.671,60,2,1,3,0.787,1,2.811,6.449,3.638,-9.522,5.784,-12.367,1,0.852,2.8,9.1,-23.2,-0.778,0,0,0.165,3,0,1,586,0.01,0.024
550,74,59.505,59.67,57,3,2,3,0.775,1,4.924,-0.166,-5.09,-2.974,2.21,-14.281,1,0.878,2.1,10.1,-11.6,-0.752,0,1,0.165,3,0,0,586,-0.01,0.026
551,74,59.503,59.685,50,4,0,3,0.494,0,2.276,16.631,14.356,-17.962,10.214,6.617,1,0.845,3.5,,23.2,-0.486,0,0,0.182,3,1,0,586,-0.04,0.283
552,74,59.69,60.063,45,5,0,3,0.73,1,21.948,20.989,-0.959,-8.275,6.385,-3.116,1,0.583,7.0,-11.0,0.0,-0.607,0,0,0.373,1,1,1,588,-0.07,0.036
553,74,59.871,60.083,59,2,0,3,0.764,0,6.829,14.011,7.182,-10.646,2.709,-28.305,1,0.871,6.8,,0.0,-0.759,0,0,0.212,2,0,1,590,-0.34,0.057
554,74,59.873,60.054,55,3,0,3,0.724,1,28.148,25.227,-2.92,0.0,-0.139,-23.303,1,0.863,4.0,3.3,-46.4,-0.701,0,0,0.181,2,1,0,590,-0.31,0.037
555,75,60.086,60.223,50,4,0,3,0.62,1,14.308,35.027,20.72,-13.448,10.575,0.536,1,0.805,4.1,-12.3,-11.6,-0.6,0,0,0.137,2,0,1,592,0.03,0.074
556,75,60.083,60.451,43,6,3,3,0.7,1,23.708,22.656,-1.052,0.0,-7.312,-13.703,1,0.773,6.2,2.3,-34.8,-0.631,0,0,0.368,2,1,0,592,0.0,0.044
557,75,60.222,60.332,53,4,3,3,0.685,0,12.113,16.548,4.435,-14.094,7.952,-17.991,1,0.834,0.5,,-11.6,-0.68,0,0,0.11,1,1,1,593,0.02,0.095
558,75,60.341,60.456,58,3,3,3,0.756,0,35.128,30.0,-5.128,-4.317,4.317,-25.162,1,0.894,1.7,,0.0,-0.755,0,0,0.115,2,0,1,595,-0.17,0.06
559,75,60.342,60.455,53,4,3,3,0.699,1,11.436,9.208,-2.228,-9.012,4.342,-34.009,1,0.861,-1.0,-1.3,0.0,-0.695,0,1,0.113,2,1,0,595,-0.16,0.044
560,75,60.468,60.75,44,6,4,3,0.711,1,2.312,15.422,13.11,-1.037,-0.464,-10.113,1,0.626,8.9,0.4,0.0,-0.704,0,0,0.282,1,1,1,596,0.0,0.041
561,75,60.607,60.829,53,4,3,3,0.779,1,3.258,12.046,8.788,-6.465,-1.851,-16.858,1,0.885,4.1,0.8,11.6,-0.775,0,0,0.222,1,1,1,597,0.01,0.026
562,75,60.723,60.859,59,3,4,3,0.654,0,31.119,23.945,-7.174,-1.137,-1.067,-18.098,1,0.837,2.0,,11.6,-0.654,0,0,0.136,1,1,1,599,-0.22,0.115
563,76,60.861,61.081,45,5,0,3,0.754,1,13.503,10.781,-2.722,-0.944,-0.493,-8.075,1,0.66,15.6,-9.4,-34.8,-0.721,0,0,0.22,1,1,1,600,0.05,0.03
564,76,61.097,61.237,59,2,0,1,0.349,0,11.717,9.387,-2.33,-10.706,1.385,-15.803,1,0.875,7.7,,23.2,-0.343,0,0,0.14,2,0,1,603,-0.36,0.602
565,76,61.105,61.23,55,3,0,3,0.677,1,28.04,26.797,-1.243,0.0,0.0,-27.181,1,0.863,0.2,13.6,11.6,-0.624,0,0,0.125,2,1,0,603,-0.26,0.051
566,76,61.255,61.496,45,5,0,3,0.731,1,7.334,19.275,11.941,-1.4,1.157,-3.721,1,0.743,15.2,2.9,-23.2,-0.67,0,0,0.241,1,1,1,604,0.12,0.036
567,76,61.373,61.453,52,4,2,2,0.277,0,9.545,27.19,17.645,-4.778,-1.531,-11.627,1,0.849,1.4,,11.6,-0.125,0,0,0.08,1,1,1,605,-0.02,0.679
568,76,61.484,61.566,59,2,0,1,0.332,0,13.535,10.94,-2.595,-11.354,2.642,-3.81,1,0.78,8.6,,0.0,-0.304,0,0,0.082,2,0,1,607,-0.31,0.632
569,76,61.488,61.602,55,3,0,3,0.567,1,23.265,27.345,4.08,0.0,0.0,-15.01,1,0.819,3.3,2.1,11.6,-0.547,0,0,0.114,2,1,0,607,-0.26,0.103
570,77,61.632,61.963,46,5,1,3,0.75,1,10.312,12.219,1.907,-5.663,4.609,-5.834,1,0.717,14.1,-1.3,-23.2,-0.726,0,0,0.331,1,1,1,608,0.08,0.031
571,77,61.742,61.894,53,4,3,3,0.677,0,14.093,17.268,3.175,-2.877,-1.844,-13.453,1,0.849,2.0,,0.0,-0.671,0,0,0.152,1,1,1,609,-0.11,0.1
572,77,61.841,61.957,62,2,3,3,0.702,0,24.612,31.188,6.576,-13.079,2.153,-18.406,1,0.888,3.1,,11.6,-0.701,0,0,0.116,2,0,1,610,0.39,0.085
573,77,61.841,61.963,56,3,1,3,0.62,0,24.247,28.811,4.564,0.0,0.0,-27.068,1,0.876,4.2,,11.6,-0.617,0,0,0.122,2,1,0,610,0.39,0.141
574,77,61.989,62.272,47,5,2,3,0.62,1,6.684,7.297,0.613,-2.189,1.716,-2.386,1,0.698,10.0,1.6,-11.6,-0.565,0,0,0.283,1,1,1,612,-0.11,0.073
575,77,62.134,62.154,54,4,4,2,0.313,0,8.229,32.45,24.221,0.0,0.0,-22.91,1,0.821,3.7,,0.0,-0.211,0,0,0.02,1,1,1,613,-0.02,0.623
576,78,62.385,62.749,64,1,0,3,0.797,1,20.37,29.103,8.734,-7.461,-7.517,-11.168,1,0.861,1.3,0.4,11.6,-0.724,0,0,0.364,3,0,1,616,0.05,0.023
577,78,62.385,62.726,58,3,3,3,0.844,1,22.001,15.27,-6.731,-1.49,-0.535,-0.416,1,0.879,1.8,12.0,-23.2,-0.839,0,0,0.341,3,0,0,616,0.05,0.017
578,78,62.383,62.749,48,5,3,3,0.805,0,19.329,18.981,-0.348,0.0,-2.639,1.54,1,0.839,3.9,,34.8,-0.781,0,0,0.366,3,1,0,616,0.04,0.044
579,78,62.763,62.886,45,5,0,3,0.546,1,15.002,31.515,16.513,-5.126,4.129,-3.711,1,0.695,11.5,-17.7,11.6,-0.528,0,0,0.123,1,1,1,620,0.09,0.117
580,78,62.935,63.091,62,2,3,3,0.691,0,3.114,29.921,26.807,-14.53,3.86,-7.029,1,0.89,1.7,,0.0,-0.653,0,0,0.156,2,0,1,622,0.01,0.092
581,78,62.937,63.117,57,3,2,3,0.552,0,2.33,1.368,-0.962,-1.598,1.598,-4.39,1,0.875,-0.8,,11.6,-0.507,0,0,0.18,2,1,0,622,0.04,0.209
582,79,63.513,63.645,67,1,3,3,0.708,1,36.942,46.634,9.691,-12.826,-1.502,-0.997,1,0.844,1.0,10.2,-11.6,-0.706,0,0,0.132,4,0,1,628,0.22,0.041
583,79,63.512,63.645,62,2,3,3,0.746,1,27.734,36.61,8.876,-9.336,0.913,-11.637,1,0.888,0.8,11.2,-11.6,-0.742,0,0,0.133,4,0,0,628,0.22,0.032
584,79,63.511,63.645,57,3,2,3,0.735,0,21.272,33.375,12.104,-3.375,1.362,7.856,1,0.871,0.2,,0.0,-0.723,0,0,0.134,4,0,0,628,0.21,0.069
585,79,63.508,63.645,48,5,3,3,0.728,1,30.596,47.465,16.868,-8.493,8.493,2.844,1,0.827,2.2,15.2,-11.6,-0.72,0,0,0.137,4,1,0,628,0.18,0.036
586,79,63.657,63.734,67,1,3,3,0.663,1,6.279,3.408,-2.871,-9.502,-2.724,-15.302,1,0.83,-2.8,6.8,-34.8,-0.661,1,1,0.077,4,0,1,630,-0.14,0.056
587,79,63.656,63.754,62,2,3,3,0.671,0,4.544,2.068,-2.476,-6.6,-3.924,-10.29,1,0.807,0.1,,-11.6,-0.669,0,1,0.098,4,0,0,630,-0.16,0.104
588,79,63.656,63.873,57,3,2,3,0.448,0,-0.832,2.874,3.706,-4.34,4.34,-7.931,1,0.456,0.8,,58.0,-0.447,0,1,0.217,4,0,0,630,-0.16,0.352
589,79,63.655,63.734,48,5,3,2,0.362,1,3.921,-2.261,-6.182,-3.3,-0.793,-13.331,1,0.656,3.3,8.8,-46.4,-0.356,0,1,0.079,4,1,0,630,-0.18,0.361
590,79,63.746,63.853,67,1,3,3,0.481,0,4.249,7.001,2.752,-7.804,-1.885,-19.329,1,0.602,2.5,,11.6,-0.479,1,1,0.107,3,0,1,631,0.06,0.302
591,79,63.762,63.853,62,2,3,3,0.571,1,1.075,8.295,7.22,-6.52,-0.456,-16.23,1,0.704,-14.0,-5.4,34.8,-0.569,0,1,0.091,3,0,0,631,0.21,0.101
592,79,63.741,64.391,48,5,3,1,0.355,0,2.822,4.687,1.865,-2.039,0.027,-17.822,1,0.687,-1.7,,58.0,-0.35,0,1,0.65,3,1,0,631,0.01,0.593
593,80,63.864,64.092,67,1,3,3,0.709,1,3.814,0.464,-3.35,-8.536,-2.852,-23.697,1,0.823,5.5,8.7,11.6,-0.707,1,1,0.228,3,0,1,632,0.14,0.041
594,80,63.864,63.993,62,2,3,3,0.505,0,3.783,5.343,1.56,-7.148,0.726,-15.919,1,0.744,7.8,,23.2,-0.501,0,1,0.129,3,0,0,632,0.14,0.268
595,80,63.879,63.993,57,3,2,3,0.511,1,9.358,3.193,-6.164,0.0,0.0,-18.528,1,0.826,-2.6,-6.3,0.0,-0.507,0,1,0.114,3,1,0,632,0.26,0.145
596,80,64.007,64.097,62,2,3,3,0.69,1,3.177,5.858,2.681,-7.112,5.094,-19.493,1,0.813,0.6,5.1,11.6,-0.688,0,1,0.09,2,0,1,634,-0.37,0.047
597,80,64.008,64.092,57,3,2,3,0.562,1,7.366,1.105,-6.261,0.0,0.0,-24.087,1,0.82,-1.3,38.9,23.2,-0.56,0,1,0.084,2,1,0,634,-0.35,0.106
598,80,64.103,64.44,67,1,3,3,0.741,1,8.919,7.058,-1.861,-5.118,-0.167,-30.524,1,0.817,-5.1,13.5,23.2,-0.74,1,1,0.337,3,0,1,635,0.02,0.033
599,80,64.099,64.331,62,2,3,3,0.383,0,-0.458,0.474,0.932,-8.133,3.055,-18.226,1,0.623,-0.1,,0.0,-0.376,0,1,0.232,3,0,0,635,-0.03,0.46
600,80,64.099,64.55,57,3,2,1,0.371,0,-2.902,1.679,4.582,-3.319,3.319,-24.051,1,0.367,-2.1,,-69.7,-0.369,0,1,0.451,3,1,0,635,-0.03,0.565
601,81,64.697,64.908,52,5,7,3,0.644,1,29.65,47.897,18.247,-8.597,-0.28,-11.299,1,0.881,6.2,0.0,0.0,-0.618,0,0,0.211,2,0,1,641,-0.04,0.063
602,81,64.698,65.664,45,6,5,3,0.801,1,38.595,54.367,15.772,0.0,-0.925,-35.835,1,0.835,4.9,10.7,11.6,-0.655,0,0,0.966,2,1,0,641,-0.03,0.022
603,81,64.916,65.276,52,5,7,3,0.812,1,13.287,5.254,-8.033,0.0,0.0,-27.304,1,0.894,-0.0,1.6,-11.6,-0.81,0,1,0.36,1,1,1,644,-0.2,0.021
604,81,65.107,65.634,55,4,5,3,0.843,1,26.304,31.055,4.751,0.0,0.0,-21.679,1,0.892,4.0,19.6,0.0,-0.835,0,0,0.527,1,1,1,646,-0.3,0.017
605,82,65.313,65.674,69,1,5,3,0.764,1,12.829,3.135,-9.694,-12.777,-9.833,-6.53,0,0.225,,11.0,-23.2,-0.752,1,0,0.361,3,0,1,648,0.03,0.028
606,82,65.312,65.664,66,2,7,3,0.819,1,10.74,7.652,-3.089,0.0,-9.655,-7.452,1,0.908,2.1,12.0,-46.4,-0.809,0,0,0.352,3,0,0,648,0.02,0.02
607,82,65.311,65.656,61,3,6,3,0.827,1,22.857,34.669,11.812,-0.923,-10.209,-5.952,1,0.884,4.0,13.0,0.0,-0.826,0,0,0.345,3,1,0,648,0.0,0.019
608,82,65.679,66.042,52,4,2,3,0.797,1,18.885,29.772,10.887,0.0,0.0,-20.689,1,0.884,3.6,-5.4,0.0,-0.793,0,0,0.363,1,1,1,652,-0.07,0.023
609,82,65.87,66.082,55,3,0,3,0.629,1,21.273,22.346,1.073,0.0,-0.617,-31.19,1,0.893,5.5,0.9,-11.6,-0.525,0,0,0.212,1,1,1,654,-0.15,0.069
610,83,66.074,66.241,40,6,0,3,0.663,1,34.907,34.857,-0.049,0.0,-14.414,-41.148,1,0.791,9.6,-5.7,-11.6,-0.646,0,0,0.167,1,1,1,656,0.03,0.056
611,83,66.256,67.236,43,6,3,3,0.753,1,17.497,24.144,6.646,0.0,-7.762,-50.704,1,0.866,6.5,-1.9,58.0,-0.725,0,0,0.98,1,1,1,658,-0.15,0.031
612,83,66.449,66.659,50,5,5,3,0.813,1,20.597,26.737,6.14,-10.871,10.871,-33.683,1,0.869,5.5,2.4,11.6,-0.813,0,0,0.21,1,1,1,660,-0.09,0.02
613,83,66.648,66.937,53,4,3,3,0.807,1,20.409,21.451,1.042,-5.262,2.742,-30.817,1,0.882,4.3,12.4,0.0,-0.806,0,0,0.289,1,1,1,662,-0.13,0.021
614,84,66.853,67.241,67,1,3,3,0.847,1,9.233,12.074,2.841,-13.035,1.239,-15.051,1,0.89,1.8,-6.8,11.6,-0.838,1,0,0.388,3,0,1,664,0.0,0.016
615,84,66.853,67.256,64,2,5,3,0.826,0,11.19,4.116,-7.074,-13.151,4.616,2.707,1,0.878,2.1,,-46.4,-0.825,0,0,0.403,3,0,0,664,0.0,0.038
616,84,66.854,67.239,59,3,4,3,0.855,1,35.559,33.391,-2.168,-7.587,2.555,0.845,1,0.869,2.4,-31.0,-11.6,-0.855,0,0,0.385,3,1,0,664,0.0,0.015
617,84,67.26,67.425,65,1,1,2,0.337,0,2.828,9.57,6.742,-15.889,0.049,8.428,1,0.836,6.8,,58.0,-0.335,0,0,0.165,2,0,1,668,0.09,0.582
618,84,67.262,67.442,50,4,0,3,0.861,1,8.435,33.525,25.091,-3.447,3.447,-38.295,1,0.881,5.6,13.7,-11.6,-0.841,0,0,0.18,2,1,0,668,0.1,0.015
619,84,67.459,67.624,53,4,3,3,0.795,1,33.309,28.77,-4.538,0.0,0.0,-35.654,1,0.868,6.0,14.1,0.0,-0.793,0,0,0.165,1,1,1,670,0.18,0.023
620,85,67.64,67.832,40,6,0,3,0.752,1,25.474,29.607,4.133,-0.882,-10.02,-31.786,1,0.815,10.0,-26.3,34.8,-0.689,0,0,0.192,1,1,1,672,-0.03,0.031
621,85,67.844,68.797,41,6,1,3,0.803,1,6.958,5.939,-1.019,0.0,-8.9,-31.561,1,0.866,8.0,1.9,69.7,-0.792,0,0,0.953,1,1,1,674,0.06,0.022
622,85,68.037,68.219,48,5,3,3,0.831,1,5.984,26.362,20.378,-6.25,2.117,-34.621,1,0.828,11.0,-5.3,11.6,-0.829,0,0,0.182,1,1,1,676,0.0,0.018
623,85,68.232,68.429,51,4,1,3,0.801,1,20.704,19.273,-1.43,-4.987,0.777,-30.207,1,0.857,5.8,8.7,-23.2,-0.801,0,0,0.197,1,1,1,678,0.0,0.022
624,86,68.434,68.887,65,1,1,3,0.814,1,12.762,7.255,-5.507,-16.538,2.524,-7.183,1,0.787,1.1,4.0,0.0,-0.814,1,0,0.453,3,0,1,680,0.04,0.02
625,86,68.434,68.811,62,2,3,3,0.875,1,11.047,12.842,1.795,-6.48,-0.876,-13.937,1,0.902,1.1,4.0,-34.8,-0.873,0,0,0.377,3,0,0,680,0.04,0.013
626,86,68.434,68.807,57,3,2,3,0.847,1,44.063,41.187,-2.876,0.0,0.0,-13.101,1,0.881,0.7,4.0,0.0,-0.846,0,0,0.373,3,1,0,680,0.04,0.016
627,86,68.82,69.0,48,5,3,3,0.821,1,5.231,38.673,33.441,0.0,-0.227,-29.243,1,0.816,13.4,1.2,11.6,-0.819,0,0,0.18,1,1,1,684,0.03,0.019
628,86,69.014,69.179,51,4,1,3,0.729,1,11.666,29.994,18.328,-0.135,0.135,-21.383,1,0.88,5.4,-18.7,11.6,-0.728,0,0,0.165,1,1,1,686,0.08,0.036
629,87,69.193,69.368,40,6,0,3,0.837,1,21.543,32.708,11.166,0.0,-10.528,-17.677,1,0.862,10.5,11.3,11.6,-0.836,0,0,0.175,1,1,1,688,-0.07,0.017
630,87,69.388,70.558,40,6,0,3,0.827,1,0.243,-0.434,-0.677,-1.415,-9.901,-17.991,1,0.848,7.1,13.7,-23.2,-0.678,0,1,1.17,1,1,1,690,-0.04,0.019
631,87,69.579,69.779,47,5,2,3,0.851,1,19.075,26.53,7.455,-8.163,7.702,-19.99,1,0.851,12.2,9.7,11.6,-0.85,0,0,0.2,1,1,1,692,-0.02,0.016
632,87,69.785,69.971,50,4,0,3,0.777,1,18.44,19.928,1.488,-4.939,1.714,-18.703,1,0.865,5.5,-10.5,0.0,-0.775,0,0,0.186,1,1,1,694,0.22,0.026
633,88,69.989,70.399,64,1,0,3,0.859,1,9.406,9.506,0.1,-11.338,-2.185,-5.625,1,0.845,4.2,6.0,23.2,-0.852,1,0,0.41,3,0,1,696,0.25,0.015
634,88,69.991,70.399,61,2,2,3,0.844,1,13.607,14.197,0.59,-0.208,-3.626,-5.375,1,0.886,3.3,4.0,11.6,-0.841,0,0,0.408,3,0,0,696,0.26,0.017
635,88,69.988,70.391,56,3,1,3,0.828,0,40.161,37.409,-2.752,-2.286,0.762,-15.649,1,0.896,4.9,,-11.6,-0.827,0,0,0.403,3,1,0,696,0.24,0.037
636,88,70.398,70.559,50,4,0,3,0.694,1,3.501,17.841,14.341,-7.528,3.871,-24.276,1,0.856,6.8,15.0,0.0,-0.687,0,0,0.161,1,1,1,701,-0.45,0.045
637,88,70.574,70.723,56,3,1,3,0.765,1,19.68,25.793,6.113,0.0,0.0,-31.93,1,0.908,2.7,1.5,0.0,-0.762,0,0,0.149,1,1,1,703,-0.13,0.028
638,89,70.747,70.95,50,4,0,3,0.778,1,11.133,19.808,8.674,-4.409,4.409,-19.555,1,0.87,6.9,25.9,11.6,-0.775,0,0,0.203,1,1,1,704,0.43,0.026
639,89,70.968,71.354,51,4,1,3,0.846,1,8.748,5.832,-2.916,0.0,0.0,-23.672,1,0.892,4.8,2.3,-11.6,-0.845,0,0,0.386,1,1,1,707,0.19,0.016
640,89,71.172,71.331,55,3,0,3,0.855,1,28.332,36.475,8.143,0.0,0.0,-14.734,1,0.91,4.9,7.3,11.6,-0.855,0,0,0.159,1,1,1,709,-0.1,0.015
641,89,71.357,71.545,61,2,2,3,0.87,1,34.614,26.363,-8.251,0.0,-3.919,-37.363,1,0.854,3.4,8.0,0.0,-0.7,0,0,0.188,1,1,1,711,0.44,0.014
642,90,71.56,71.74,55,3,0,3,0.832,1,21.907,27.785,5.878,0.0,0.0,-34.931,1,0.894,6.0,3.7,11.6,-0.831,0,0,0.18,1,1,1,713,0.24,0.018
643,90,71.759,71.94,65,1,1,3,0.863,1,27.066,23.828,-3.238,0.0,-6.38,-16.643,1,0.883,2.8,2.1,-11.6,-0.862,0,0,0.181,1,1,1,716,-0.21,0.015
644,90,71.957,72.126,61,2,2,3,0.841,1,8.358,33.042,24.683,0.0,0.0,-25.436,1,0.892,0.8,1.4,11.6,-0.84,0,0,0.169,1,1,1,718,-0.16,0.017
645,91,72.133,72.298,46,5,1,3,0.836,1,21.323,23.61,2.287,0.0,-0.598,-29.968,1,0.841,12.2,-12.0,23.2,-0.823,0,0,0.165,1,1,1,720,-0.16,0.017
646,91,72.318,72.503,45,5,0,3,0.807,1,3.735,3.812,0.077,0.0,-0.845,-33.795,1,0.839,10.6,11.9,0.0,-0.796,0,0,0.185,1,1,1,722,-0.37,0.021
647,91,72.523,74.07,44,6,4,3,0.829,1,7.506,6.048,-1.458,-0.414,-0.934,-34.765,1,0.815,11.4,4.3,0.0,-0.828,0,0,1.547,1,1,1,724,-0.03,0.018
648,91,72.725,73.055,51,4,1,3,0.868,1,34.208,46.631,12.423,-3.168,1.902,-30.853,1,0.894,4.0,-0.3,11.6,-0.868,0,0,0.33,1,1,1,726,0.11,0.014
649,92,72.904,73.109,60,2,1,3,0.89,1,39.956,36.902,-3.054,-4.746,0.419,-32.735,1,0.905,3.3,6.4,0.0,-0.89,0,0,0.205,1,1,1,728,-0.04,0.012
650,92,73.114,73.28,54,4,4,3,0.845,1,37.583,35.011,-2.572,0.0,0.0,-32.491,1,0.893,4.7,5.4,-11.6,-0.845,0,0,0.166,1,1,1,730,0.17,0.016
651,92,73.299,73.465,63,2,4,3,0.842,1,10.832,8.453,-2.379,-6.115,-7.984,-2.103,1,0.887,3.6,6.2,-11.6,-0.842,1,0,0.166,1,1,1,732,0.03,0.017
652,92,73.484,73.668,60,2,1,3,0.869,1,12.278,35.063,22.786,0.0,0.0,-32.702,1,0.904,2.1,6.9,11.6,-0.869,0,0,0.184,1,1,1,734,-0.08,0.014
653,93,73.685,73.865,68,1,4,3,0.85,1,18.01,15.749,-2.262,-7.097,7.097,-7.471,1,0.849,1.4,-7.0,0.0,-0.85,1,0,0.18,1,1,1,736,0.0,0.016
654,93,73.88,74.069,63,2,4,3,0.868,1,26.3,17.653,-8.648,0.0,-5.021,-29.731,1,0.895,0.1,7.0,11.6,-0.868,1,0,0.189,1,1,1,738,0.02,0.014
655,93,74.084,74.637,50,4,0,3,0.856,1,21.066,39.589,18.523,0.0,0.0,-29.653,1,0.894,2.9,0.3,11.6,-0.854,0,0,0.553,1,1,1,740,0.07,0.015
656,93,74.285,74.451,54,4,4,3,0.843,1,32.021,44.27,12.249,0.0,0.0,-28.746,1,0.907,1.1,-3.3,0.0,-0.843,0,0,0.166,1,1,1,742,0.2,0.017
657,94,74.466,74.641,60,2,1,3,0.833,1,29.567,36.648,7.082,0.0,-4.454,-31.673,1,0.896,1.6,1.5,11.6,-0.721,0,0,0.175,1,1,1,744,0.0,0.018
658,94,74.65,74.844,54,4,4,3,0.808,1,18.234,17.739,-0.495,0.0,0.0,-29.186,1,0.879,1.6,-8.4,0.0,-0.808,0,0,0.194,1,1,1,746,-0.19,0.021
659,94,74.858,75.05,64,1,0,3,0.837,1,24.445,19.802,-4.643,0.0,-9.65,-24.41,1,0.873,1.5,4.2,23.2,-0.837,0,0,0.192,1,1,1,748,0.0,0.017
660,94,75.057,75.237,54,4,4,3,0.774,1,16.267,19.331,3.064,0.0,0.0,-31.235,1,0.896,1.8,2.6,0.0,-0.774,0,0,0.18,1,1,1,750,0.06,0.027
661,95,75.254,75.435,60,2,1,3,0.822,1,20.886,38.878,17.992,0.0,-1.642,-32.504,1,0.889,1.5,14.5,0.0,-0.822,0,0,0.181,1,1,1,752,0.04,0.019
662,95,75.454,75.615,50,4,0,3,0.711,1,24.065,41.579,17.514,0.0,0.0,-25.328,1,0.861,5.9,23.5,46.4,-0.694,0,0,0.161,1,1,1,754,0.12,0.04
663,95,75.626,76.964,43,6,3,3,0.825,1,25.243,22.541,-2.702,0.0,-7.636,-35.446,1,0.88,4.4,-7.9,11.6,-0.822,0,0,1.338,1,1,1,756,-0.13,0.019
664,95,75.834,76.008,53,4,3,3,0.783,1,21.707,21.082,-0.625,-6.424,3.549,-24.95,1,0.87,1.5,4.7,0.0,-0.783,0,0,0.174,1,1,1,758,-0.05,0.025
665,96,76.025,76.218,60,2,1,3,0.809,1,31.63,23.63,-8.0,-8.992,3.64,-29.576,1,0.847,-0.9,11.1,11.6,-0.809,0,0,0.193,2,0,1,760,-0.08,0.021
666,96,76.025,76.203,57,3,2,3,0.81,1,28.703,16.402,-12.301,-9.136,7.368,-32.53,1,0.853,-0.3,-0.5,-11.6,-0.81,0,0,0.178,2,1,0,760,-0.08,0.021
667,96,76.215,76.905,53,4,3,3,0.813,1,12.016,19.118,7.102,-2.095,-1.127,-24.298,1,0.876,2.0,-4.8,23.2,-0.813,0,0,0.69,1,1,1,762,-0.27,0.02
668,96,76.434,76.944,59,3,4,3,0.745,1,9.553,25.868,16.315,-6.678,-1.046,-7.94,1,0.862,0.2,-3.2,11.6,-0.745,0,0,0.51,1,1,1,764,0.05,0.032
669,97,77.022,77.203,62,2,3,2,0.471,0,13.624,11.23,-2.394,-22.615,8.22,-20.202,0,0.045,,,23.2,0.108,0,0,0.181,4,0,1,770,0.12,0.355
670,97,77.021,77.189,59,3,4,3,0.794,1,26.914,6.549,-20.365,-16.524,6.134,0.001,1,0.851,1.5,1.9,0.0,-0.793,0,0,0.168,4,0,0,770,0.11,0.023
671,97,77.02,77.188,55,4,5,3,0.769,1,29.736,5.873,-23.863,0.0,0.0,-31.18,1,0.857,-0.2,14.5,0.0,-0.718,0,0,0.168,4,0,0,770,0.1,0.028
672,97,77.018,77.193,50,5,5,3,0.579,0,13.582,24.728,11.146,-17.854,8.656,-18.67,1,0.83,1.2,,23.2,-0.108,0,0,0.175,4,1,0,770,0.07,0.18
673,97,77.209,77.411,62,2,3,3,0.819,1,12.04,5.541,-6.499,-6.096,-0.685,-12.736,1,0.843,0.3,22.9,-58.0,-0.811,1,1,0.202,4,0,1,772,0.0,0.02
674,97,77.21,77.492,58,3,3,3,0.821,1,16.415,12.97,-3.445,0.0,-0.855,-14.182,1,0.852,2.7,-24.5,0.0,-0.819,0,0,0.282,4,0,0,772,0.02,0.019
675,97,77.212,77.492,52,4,2,3,0.72,0,12.217,12.709,0.492,-12.264,2.757,-1.974,1,0.721,2.4,,23.2,-0.717,0,0,0.28,4,0,0,772,0.03,0.076
676,97,77.211,77.492,48,5,3,3,0.824,0,26.689,25.441,-1.248,-3.82,1.736,0.439,1,0.802,3.7,,23.2,-0.811,0,0,0.281,4,1,0,772,0.03,0.038
677,97,77.499,77.73,62,2,3,3,0.508,0,10.398,2.153,-8.245,-13.023,3.051,15.954,1,0.841,-1.8,,23.2,-0.484,0,0,0.231,3,0,1,775,0.17,0.265
678,97,77.5,77.74,58,3,3,3,0.674,1,15.425,-1.149,-16.574,0.0,0.0,-17.651,1,0.866,-2.1,0.2,-34.8,-0.672,0,1,0.24,3,0,0,775,0.18,0.052
679,97,77.498,77.661,52,4,2,1,0.403,0,10.164,-4.162,-14.326,-12.98,2.559,-12.075,1,0.777,-0.1,,-69.7,-0.401,0,1,0.163,3,1,0,775,0.16,0.511
680,98,77.6,77.756,43,6,3,3,0.742,1,22.346,14.829,-7.517,0.0,-10.287,-10.626,1,0.846,5.5,-6.9,23.2,-0.727,0,0,0.156,1,1,1,776,0.05,0.033
681,98,77.78,77.969,59,2,0,3,0.796,1,6.336,0.804,-5.532,-9.821,1.205,-5.12,1,0.866,4.8,-1.1,-23.2,-0.795,0,0,0.189,2,0,1,778,-0.04,0.023
682,98,77.782,77.963,55,3,0,3,0.794,0,13.999,6.728,-7.27,0.0,0.0,-31.383,1,0.846,1.8,,0.0,-0.782,1,0,0.181,2,1,0,778,-0.01,0.047
683,98,77.99,78.337,48,5,3,2,0.61,0,17.114,32.666,15.552,-1.174,0.798,1.659,1,0.664,3.3,,-11.6,-0.607,0,0,0.347,1,1,1,780,0.12,0.173
684,98,78.146,78.357,64,1,0,3,0.614,0,19.799,31.041,11.242,-25.609,6.831,4.621,1,0.845,5.6,,-11.6,-0.569,0,0,0.211,3,0,1,782,-0.29,0.147
685,98,78.148,78.333,60,2,1,3,0.872,1,9.64,-1.246,-10.886,-10.621,0.689,-0.903,1,0.879,3.6,-9.2,-46.4,-0.741,1,0,0.185,3,0,0,782,-0.25,0.014
686,98,78.151,78.332,55,3,0,3,0.84,1,14.013,28.0,13.987,0.0,0.0,-29.004,1,0.868,0.9,-0.6,0.0,-0.839,0,0,0.181,3,1,0,782,-0.2,0.017
687,99,78.359,78.52,43,6,3,3,0.702,1,37.685,28.81,-8.876,0.0,-6.97,-11.634,1,0.849,5.2,-11.2,-11.6,-0.697,0,0,0.161,1,1,1,784,0.06,0.043
688,99,78.538,78.705,59,2,0,3,0.838,1,31.604,29.177,-2.427,-5.855,-1.044,-5.357,1,0.864,3.4,-4.5,0.0,-0.836,0,0,0.167,2,0,1,786,0.01,0.017
689,99,78.538,78.679,55,3,0,3,0.797,1,10.229,7.614,-2.615,0.0,0.0,-33.547,1,0.846,2.8,-4.5,0.0,-0.768,1,0,0.141,2,1,0,786,0.01,0.023
690,99,78.721,78.864,60,2,1,1,0.499,1,-1.603,7.421,9.024,-13.077,13.077,-11.446,0,0.056,,-1.7,-11.6,0.284,0,0,0.143,3,0,1,788,-0.04,0.205
691,99,78.721,79.033,53,4,3,3,0.751,0,6.882,9.257,2.375,-13.122,5.168,-14.897,1,0.819,2.7,,0.0,-0.6,0,0,0.312,3,0,0,788,-0.04,0.062
692,99,78.72,79.024,48,5,3,3,0.783,1,14.178,21.416,7.238,-9.428,6.147,-1.935,1,0.851,3.5,-0.7,11.6,-0.284,0,0,0.304,3,1,0,788,-0.05,0.025
693,99,78.875,79.103,60,2,1,3,0.626,1,3.685,-3.883,-7.568,-3.9,1.874,-22.312,1,0.679,-2.3,18.4,-46.4,-0.523,1,1,0.228,1,1,1,789,0.3,0.071
694,100,79.088,79.441,43,6,3,3,0.686,1,27.109,31.918,4.809,0.0,-8.149,-13.05,1,0.876,3.6,2.8,11.6,-0.586,0,0,0.353,1,1,1,792,-0.1,0.048
695,100,79.283,79.446,60,2,1,3,0.85,1,13.821,24.79,10.969,-7.067,-1.901,-35.925,1,0.878,4.1,5.2,-11.6,-0.813,0,0,0.163,2,0,1,794,-0.06,0.016
696,100,79.285,79.461,56,3,1,3,0.807,1,11.586,10.185,-1.402,-0.715,0.715,-25.037,1,0.878,2.0,3.2,-23.2,-0.802,0,0,0.176,2,1,0,794,-0.02,0.021
697,100,79.468,79.849,48,5,3,3,0.803,1,15.734,25.037,9.303,-2.314,1.988,1.316,1,0.739,6.6,-4.4,-11.6,-0.801,0,0,0.381,1,1,1,796,-0.06,0.022
698,100,79.643,79.889,60,2,1,3,0.803,0,2.353,2.414,0.061,-12.73,12.711,-26.236,1,0.877,2.7,,11.6,-0.767,1,0,0.246,2,0,1,798,-0.37,0.044
699,100,79.645,79.849,53,4,3,3,0.724,1,22.372,31.139,8.768,-10.11,5.201,-28.271,1,0.841,1.6,4.4,0.0,-0.604,0,0,0.204,2,1,0,798,-0.33,0.037
700,101,79.854,80.068,43,6,3,3,0.719,1,25.134,34.054,8.921,0.0,-7.51,-11.957,1,0.879,5.7,-18.9,11.6,-0.704,0,0,0.214,1,1,1,800,0.0,0.038
701,101,80.041,80.187,62,2,3,1,0.323,0,6.503,1.949,-4.554,-22.321,15.582,-22.967,1,0.326,-4.6,,0.0,-0.309,1,0,0.146,3,0,1,802,-0.0,0.645
702,101,80.034,80.207,59,3,4,3,0.535,0,17.469,25.904,8.436,-11.746,1.547,-32.277,1,0.884,6.6,,23.2,-0.522,0,0,0.173,3,0,0,802,-0.14,0.23
703,101,80.034,80.196,55,4,5,3,0.574,1,7.314,6.492,-0.823,0.0,0.0,-31.139,1,0.855,4.4,-13.1,11.6,-0.501,1,0,0.162,3,1,0,802,-0.14,0.099
704,101,80.238,80.476,66,1,2,3,0.876,1,3.646,1.319,-2.328,-13.048,-0.633,-7.556,1,0.877,5.3,-8.1,11.6,-0.876,0,0,0.238,4,0,1,804,0.05,0.013
705,101,80.236,80.48,63,2,4,3,0.843,1,16.874,6.268,-10.606,-7.279,-5.229,-15.664,1,0.867,6.5,-6.1,0.0,-0.843,0,0,0.244,4,0,0,804,0.03,0.017
706,101,80.238,80.496,57,3,2,3,0.846,1,7.669,10.84,3.172,-6.169,2.181,-14.842,1,0.864,4.8,3.5,0.0,-0.846,0,0,0.258,4,0,0,804,0.05,0.016
707,101,80.236,80.476,48,5,3,3,0.829,1,13.306,39.559,26.253,0.0,-0.435,-2.45,1,0.803,7.4,-6.1,11.6,-0.825,0,0,0.24,4,1,0,804,0.03,0.018
708,101,80.5,80.655,66,1,2,3,0.784,0,8.213,5.16,-3.054,-4.138,-8.654,-4.916,1,0.879,1.7,,34.8,-0.783,0,1,0.155,4,0,1,807,-0.01,0.05
709,101,80.502,80.645,63,2,4,3,0.799,0,3.594,6.516,2.922,-4.576,-6.963,-26.282,1,0.878,0.3,,-23.2,-0.798,0,1,0.143,4,0,0,807,0.01,0.046
710,101,80.501,80.609,57,3,2,3,0.793,0,3.939,-0.602,-4.541,-1.749,-1.807,-33.811,1,0.864,2.4,,-34.8,-0.792,0,1,0.108,4,0,0,807,0.0,0.047
711,101,80.494,80.615,47,5,2,1,0.461,1,0.722,5.198,4.477,0.0,0.0,-24.362,1,0.747,8.6,14.5,11.6,-0.457,0,0,0.121,4,1,0,807,-0.08,0.252
712,102,80.622,80.983,43,6,3,3,0.669,1,26.159,13.705,-12.454,0.0,-7.367,-11.834,1,0.838,5.4,-9.0,0.0,-0.666,0,0,0.361,1,1,1,808,0.07,0.053
713,102,80.81,81.003,66,1,2,3,0.861,0,5.163,7.119,1.956,-20.801,5.936,-0.943,1,0.873,4.5,,0.0,-0.861,0,0,0.193,3,0,1,810,0.09,0.03
714,102,80.811,81.003,63,2,4,3,0.856,0,23.327,2.773,-20.554,-11.167,6.077,-25.997,1,0.866,3.9,,-58.0,-0.855,0,0,0.192,3,0,0,810,0.11,0.031
715,102,80.812,81.003,57,3,2,3,0.834,0,13.028,14.952,1.924,-12.636,9.646,-24.14,1,0.873,3.4,,11.6,-0.834,0,0,0.191,3,1,0,810,0.12,0.036
716,102,81.007,81.351,48,5,3,3,0.804,1,17.264,24.64,7.375,0.0,-0.485,-1.011,1,0.759,9.5,0.7,0.0,-0.802,0,0,0.344,1,1,1,812,0.09,0.022
717,102,81.182,81.381,66,1,2,3,0.874,1,22.929,15.738,-7.191,-5.518,-2.968,-3.162,1,0.891,5.5,-0.1,0.0,-0.873,0,0,0.199,3,0,1,814,-0.04,0.013
718,102,81.183,81.381,63,2,4,3,0.855,0,33.997,16.853,-17.144,-1.212,-7.462,-26.061,1,0.882,4.7,,0.0,-0.855,0,0,0.198,3,0,0,814,-0.02,0.031
719,102,81.184,81.381,57,3,2,3,0.843,1,29.09,25.381,-3.71,0.0,0.0,-25.728,1,0.876,6.6,-13.7,0.0,-0.843,0,0,0.197,3,1,0,814,-0.0,0.017
720,103,81.36,81.548,43,6,3,3,0.708,1,18.084,9.729,-8.355,0.0,-9.523,-11.714,1,0.82,6.4,-15.6,11.6,-0.692,0,0,0.188,1,1,1,816,-0.14,0.041
721,103,81.577,81.706,55,4,5,3,0.681,1,4.366,1.533,-2.833,-1.287,1.287,-25.312,1,0.866,5.6,0.9,-11.6,-0.629,1,0,0.129,1,1,1,818,0.13,0.049
722,103,81.752,82.018,64,2,5,3,0.824,1,29.414,26.691,-2.723,-8.126,-7.089,-17.615,1,0.835,2.3,0.1,11.6,-0.823,0,0,0.266,4,0,1,820,-0.06,0.019
723,103,81.751,81.958,58,3,3,3,0.834,0,26.94,31.465,4.525,0.0,-1.582,-11.47,1,0.873,3.1,,0.0,-0.833,0,0,0.207,4,0,0,820,-0.07,0.036
724,103,81.744,81.878,55,4,5,2,0.316,0,0.569,2.143,1.574,-5.699,5.699,-5.272,1,0.827,7.2,,11.6,-0.303,0,1,0.134,4,0,0,820,-0.13,0.617
725,103,81.75,81.968,48,5,3,3,0.663,0,4.266,19.106,14.84,-14.58,4.785,13.997,1,0.85,2.2,,23.2,-0.436,0,0,0.218,4,1,0,820,-0.08,0.109
726,103,81.897,82.008,45,6,5,1,0.372,0,21.126,7.784,-13.341,-4.91,-1.742,-21.442,1,0.358,16.0,,-34.8,-0.366,0,0,0.111,1,1,1,821,0.0,0.564
727,103,82.029,82.14,64,2,5,3,0.811,0,19.035,4.734,-14.301,-11.1,-3.732,-18.791,1,0.847,3.9,,-23.2,-0.811,1,1,0.111,3,0,1,823,-0.01,0.042
728,103,82.03,82.141,58,3,3,3,0.844,1,13.741,2.982,-10.759,-1.544,-0.097,-26.195,1,0.873,3.7,0.7,46.4,-0.844,0,0,0.111,3,0,0,823,-0.0,0.016
729,103,82.03,82.187,55,4,5,3,0.723,1,15.738,20.193,4.455,0.0,0.0,-29.145,1,0.86,3.5,12.3,-11.6,-0.715,0,0,0.157,3,1,0,823,-0.0,0.037
730,104,82.145,82.495,43,6,3,3,0.822,1,27.059,12.049,-15.011,0.0,-13.348,-9.48,1,0.828,8.5,13.4,11.6,-0.809,0,0,0.35,1,1,1,824,0.0,0.019
731,104,82.341,82.525,64,2,5,3,0.733,1,21.06,8.594,-12.465,-14.544,5.889,-27.312,1,0.872,6.3,-20.1,-34.8,-0.732,0,0,0.184,3,0,1,826,0.09,0.035
732,104,82.342,82.515,58,3,3,3,0.618,0,11.216,19.636,8.42,-9.453,8.436,-26.336,1,0.891,5.6,,-11.6,-0.618,0,0,0.173,3,0,0,826,0.1,0.144
733,104,82.342,82.664,55,4,5,3,0.642,0,7.421,-0.551,-7.972,-7.597,7.597,-22.402,1,0.854,4.7,,0.0,-0.638,1,0,0.322,3,1,0,826,0.1,0.124
734,104,82.536,82.973,48,5,3,3,0.847,1,7.738,24.648,16.911,-5.281,2.767,8.33,1,0.699,6.5,5.5,23.2,-0.844,0,0,0.437,1,1,1,828,0.07,0.016
735,104,82.737,83.062,64,2,5,3,0.821,1,28.437,25.126,-3.311,-5.837,-6.412,-25.914,1,0.864,5.0,1.9,0.0,-0.821,0,0,0.325,3,0,1,830,0.26,0.019
736,104,82.739,83.032,58,3,3,3,0.814,1,30.191,28.713,-1.478,-0.797,0.797,-25.207,1,0.891,4.4,-0.1,23.2,-0.812,0,0,0.293,3,0,0,830,0.28,0.02
737,104,82.739,83.042,55,4,5,3,0.764,1,16.541,8.793,-7.748,0.0,-0.064,-27.227,1,0.883,3.7,-0.1,34.8,-0.763,0,0,0.303,3,1,0,830,0.28,0.028
738,105,82.919,83.102,43,6,3,3,0.774,1,27.436,25.716,-1.72,0.0,-10.458,-9.594,1,0.873,6.8,5.7,23.2,-0.772,0,0,0.183,1,1,1,832,0.08,0.026
739,105,83.106,83.253,59,2,0,3,0.814,0,13.277,-0.138,-13.415,-12.797,2.092,-17.509,1,0.824,6.7,,11.6,-0.813,0,0,0.147,3,0,1,834,0.11,0.041
740,105,83.106,83.252,55,3,0,3,0.799,1,12.781,3.647,-9.134,-0.511,0.511,-18.127,1,0.856,2.8,4.4,0.0,-0.679,1,0,0.146,3,0,0,834,0.11,0.022
741,105,83.105,83.271,50,4,0,3,0.746,0,11.473,18.232,6.76,-17.356,7.882,-3.507,1,0.83,2.9,,23.2,-0.492,0,0,0.166,3,1,0,834,0.1,0.064
742,105,83.279,83.541,65,1,1,3,0.809,1,24.016,19.858,-4.158,-7.962,-6.575,-10.024,1,0.831,6.6,5.6,-11.6,-0.806,0,0,0.262,3,0,1,836,-0.08,0.021
743,105,83.285,83.543,61,2,2,3,0.754,1,17.876,21.249,3.372,0.0,-0.822,-9.931,1,0.792,3.5,-0.4,-23.2,-0.725,0,0,0.258,3,0,0,836,-0.02,0.03
744,105,83.282,83.55,48,5,3,3,0.725,1,14.262,22.053,7.791,-0.66,-0.988,4.75,1,0.708,4.8,14.2,0.0,-0.665,0,0,0.268,3,1,0,836,-0.05,0.037
745,105,83.555,83.848,65,1,1,3,0.796,1,1.062,5.002,3.939,-7.291,-2.455,-12.554,1,0.838,1.0,-2.1,0.0,-0.794,0,1,0.293,4,0,1,839,-0.0,0.023
746,105,83.556,83.664,61,2,2,3,0.746,1,5.403,2.316,-3.086,-2.886,-1.352,-14.431,1,0.842,2.8,-3.1,-11.6,-0.732,0,1,0.108,4,0,0,839,0.01,0.032
747,105,83.555,83.635,56,3,1,2,0.29,0,6.232,25.024,18.793,-1.771,1.771,-14.033,1,0.833,5.6,,0.0,-0.284,0,0,0.08,4,0,0,839,-0.0,0.659
748,105,83.557,83.689,51,4,1,3,0.669,0,22.533,27.619,5.086,-5.816,2.327,-11.901,1,0.791,4.0,,-11.6,-0.667,0,0,0.132,4,1,0,839,0.02,0.105
749,106,83.667,83.997,43,6,3,3,0.725,1,15.192,17.981,2.789,0.0,-7.799,-8.796,1,0.81,4.8,-9.6,11.6,-0.709,0,0,0.33,1,1,1,840,0.0,0.037
750,106,83.853,84.033,65,1,1,3,0.829,1,7.262,5.614,-1.648,-15.487,2.535,-23.352,1,0.867,0.9,1.7,-11.6,-0.826,0,1,0.18,2,0,1,842,-0.05,0.018
751,106,83.853,84.035,61,2,2,3,0.77,1,6.876,7.009,0.134,-11.81,10.685,-23.992,1,0.887,1.7,1.7,-58.0,-0.579,0,0,0.182,2,1,0,842,-0.05,0.027
752,106,84.045,84.433,56,3,1,1,0.254,1,16.728,0.973,-15.755,-5.887,1.526,-4.343,1,0.842,7.7,7.1,0.0,-0.251,0,0,0.388,2,0,1,844,-0.01,0.586
753,106,84.046,84.246,48,5,3,3,0.745,1,16.624,27.116,10.491,0.0,-0.298,1.796,1,0.821,6.5,6.1,0.0,-0.69,0,0,0.2,2,1,0,844,-0.0,0.032
754,106,84.234,84.417,65,1,1,3,0.843,1,18.167,28.304,10.137,-7.755,-1.892,-30.29,1,0.874,5.6,3.9,23.2,-0.841,0,0,0.183,3,0,1,846,-0.03,0.017
755,106,84.236,84.417,61,2,2,3,0.854,1,3.285,-2.428,-5.713,-4.922,-0.679,-15.2,1,0.887,3.7,1.9,-46.4,-0.798,0,0,0.181,3,0,0,846,0.0,0.015
756,106,84.237,84.435,56,3,1,3,0.792,0,7.094,2.687,-4.407,-0.892,0.892,-39.546,1,0.881,2.2,,0.0,-0.79,0,1,0.198,3,1,0,846,0.02,0.048
757,107,84.419,84.614,43,6,3,3,0.733,1,27.565,29.643,2.078,0.0,-7.434,-10.185,1,0.843,8.5,39.5,23.2,-0.723,0,0,0.195,1,1,1,848,-0.07,0.035
758,107,84.609,84.769,65,1,1,3,0.781,1,24.554,21.378,-3.177,-16.262,3.134,-30.824,1,0.87,6.0,-34.4,46.4,-0.781,0,0,0.16,3,0,1,850,-0.16,0.025
759,107,84.61,84.793,59,2,0,3,0.768,0,19.286,28.028,8.742,-11.392,5.294,-26.636,1,0.88,6.5,,11.6,-0.736,0,0,0.183,3,0,0,850,-0.15,0.056
760,107,84.611,84.766,55,3,0,3,0.754,0,2.952,0.845,-2.107,-6.872,6.872,-29.175,1,0.816,5.2,,46.4,-0.736,1,0,0.155,3,1,0,850,-0.13,0.061
761,107,84.809,85.057,66,1,2,3,0.828,1,7.706,5.294,-2.412,-10.388,-2.318,-8.71,1,0.862,5.0,-2.2,11.6,-0.827,0,0,0.248,4,0,1,852,-0.01,0.018
762,107,84.808,85.057,62,2,3,3,0.864,1,25.082,20.653,-4.429,-3.173,-0.318,-16.391,1,0.878,4.2,-1.2,-23.2,-0.858,0,0,0.249,4,0,0,852,-0.02,0.014
763,107,84.808,85.055,57,3,2,3,0.835,1,20.856,16.712,-4.144,0.0,0.0,-14.181,1,0.871,1.2,10.4,23.2,-0.833,0,0,0.247,4,0,0,852,-0.02,0.018
764,107,84.808,85.201,48,5,3,3,0.821,1,3.321,29.184,25.863,-12.033,7.593,11.588,1,0.813,0.7,33.6,81.3,-0.817,0,0,0.393,4,1,0,852,-0.02,0.019
765,107,85.076,85.186,66,1,2,3,0.78,0,3.707,6.173,2.466,-10.051,-0.719,-8.273,1,0.867,2.4,,0.0,-0.779,0,1,0.11,3,0,1,855,-0.08,0.051
766,107,85.077,85.194,62,2,3,3,0.818,0,1.511,1.628,0.118,-5.864,-1.705,-25.609,1,0.883,1.0,,-23.2,-0.813,0,1,0.117,3,0,0,855,-0.06,0.04
767,107,85.077,85.187,57,3,2,3,0.788,1,3.64,-0.59,-4.231,0.0,0.0,-23.307,1,0.852,-0.1,8.4,-11.6,-0.787,0,1,0.11,3,1,0,855,-0.06,0.024
768,108,85.193,85.569,43,6,3,3,0.702,0,21.913,23.582,1.668,0.0,-8.372,-9.278,1,0.782,3.6,,34.8,-0.699,0,0,0.376,1,1,1,856,-0.02,0.085
769,108,85.394,85.581,66,1,2,3,0.834,1,9.999,10.842,0.843,-14.348,2.519,-14.147,1,0.856,0.9,16.5,0.0,-0.834,0,0,0.187,3,0,1,858,0.08,0.018
770,108,85.393,85.579,62,2,3,3,0.862,1,9.808,4.091,-5.717,-13.137,11.971,-28.597,1,0.875,1.6,17.5,11.6,-0.858,1,0,0.186,3,0,0,858,0.07,0.015
771,108,85.393,85.575,57,3,2,3,0.845,1,8.759,13.265,4.506,-13.084,7.756,-21.396,1,0.865,2.0,17.5,-11.6,-0.845,0,0,0.182,3,1,0,858,0.07,0.016
772,108,85.594,85.937,48,5,3,3,0.614,1,14.53,24.333,9.803,-4.535,3.596,7.22,1,0.511,9.2,-19.7,11.6,-0.612,0,0,0.343,1,1,1,860,0.09,0.077
773,108,85.791,85.942,66,1,2,3,0.847,0,27.025,20.532,-6.493,-5.111,-2.213,-17.558,1,0.864,1.6,,-34.8,-0.846,0,0,0.151,3,0,1,862,0.21,0.033
774,108,85.791,85.951,62,2,3,3,0.86,1,21.699,14.528,-7.171,0.0,-0.76,-26.357,1,0.883,1.6,3.9,0.0,-0.857,0,0,0.16,3,0,0,862,0.21,0.015
775,108,85.789,85.943,57,3,2,3,0.853,0,13.043,24.816,11.772,-2.143,1.778,-25.905,1,0.869,3.7,,0.0,-0.851,0,0,0.154,3,1,0,862,0.18,0.032
776,109,85.962,86.129,43,6,3,3,0.744,1,20.402,26.099,5.697,0.0,-7.921,-11.328,1,0.837,6.3,-27.8,23.2,-0.734,0,0,0.167,1,1,1,864,-0.06,0.033
777,109,86.154,86.305,67,1,3,1,0.365,0,8.974,5.904,-3.069,-14.751,7.09,-17.585,1,0.813,5.5,,23.2,0.38,1,0,0.151,2,0,1,866,-0.13,0.576
778,109,86.159,86.309,55,3,0,3,0.745,1,0.459,-2.563,-3.021,-10.197,10.197,-21.972,1,0.811,2.6,7.4,0.0,-0.38,1,0,0.15,2,1,0,866,-0.04,0.032
779,109,86.349,86.643,67,1,3,3,0.825,1,6.377,7.924,1.547,-0.852,-6.76,-14.05,1,0.871,1.4,3.2,11.6,-0.822,0,1,0.294,4,0,1,868,-0.05,0.019
780,109,86.35,86.628,64,2,5,3,0.85,1,29.843,27.096,-2.747,-3.708,-6.832,-15.104,1,0.887,4.7,2.2,0.0,-0.85,0,0,0.278,4,0,0,868,-0.05,0.016
781,109,86.348,86.643,58,3,3,2,0.762,0,18.845,31.42,12.575,-1.767,1.767,5.259,1,0.884,7.5,,0.0,-0.762,0,0,0.295,4,0,0,868,-0.06,0.068
782,109,86.344,86.629,48,5,3,3,0.817,1,12.861,19.5,6.639,-3.99,3.438,10.372,1,0.836,11.7,19.8,34.8,-0.739,0,0,0.285,4,1,0,868,-0.1,0.02
783,109,86.651,86.942,67,1,3,3,0.827,1,12.451,8.07,-4.381,-3.831,-0.645,-16.406,1,0.885,0.4,3.0,-11.6,-0.825,1,1,0.291,3,0,1,871,0.2,0.019
784,109,86.65,86.747,64,2,5,3,0.8,1,-1.44,2.543,3.983,-8.823,-1.617,-7.555,1,0.876,2.8,-7.6,0.0,-0.8,0,1,0.097,3,0,0,871,0.19,0.022
785,109,86.65,86.892,58,3,3,3,0.794,0,14.34,0.941,-13.399,-5.928,5.928,-3.062,1,0.875,4.6,,-11.6,-0.794,0,1,0.242,3,1,0,871,0.19,0.047
786,110,86.749,87.111,43,6,3,3,0.761,1,22.621,19.152,-3.469,0.0,-7.697,-12.215,1,0.864,2.6,44.3,0.0,-0.76,0,0,0.362,1,1,1,872,0.05,0.029
787,110,86.948,87.131,67,1,3,3,0.818,0,6.51,3.831,-2.679,-14.083,4.765,-21.993,1,0.864,0.9,,0.0,-0.816,1,1,0.183,3,0,1,874,0.17,0.04
788,110,86.948,87.085,64,2,5,3,0.836,0,17.115,6.948,-10.167,-15.562,4.047,-16.774,1,0.866,1.6,,-23.2,-0.836,0,0,0.137,3,0,0,874,0.17,0.035
789,110,86.948,87.121,58,3,3,3,0.807,0,19.284,6.045,-13.239,-7.969,6.176,-17.709,1,0.878,1.7,,-11.6,-0.807,0,0,0.173,3,1,0,874,0.17,0.043
790,110,87.143,87.698,48,5,3,3,0.805,1,15.452,21.667,6.215,0.0,-0.535,2.665,1,0.635,6.6,10.3,-34.8,-0.804,0,0,0.555,1,1,1,876,0.11,0.022
791,110,87.325,87.578,67,1,3,3,0.851,1,24.313,13.261,-11.052,-2.477,-6.075,-22.893,1,0.89,1.4,14.0,-11.6,-0.85,1,0,0.253,3,0,1,878,0.07,0.016
792,110,87.326,87.496,64,2,5,3,0.855,1,31.292,24.873,-6.419,-2.139,-6.394,-23.463,1,0.899,4.5,13.0,0.0,-0.854,0,0,0.17,3,0,0,878,0.09,0.015
793,110,87.326,87.496,58,3,3,3,0.818,0,15.034,17.859,2.826,-2.841,1.257,-10.568,1,0.88,7.0,,0.0,-0.817,0,0,0.17,3,1,0,878,0.09,0.04
794,111,87.501,87.887,43,6,3,3,0.73,0,26.073,23.916,-2.157,0.0,-7.374,-11.117,1,0.828,3.7,,34.8,-0.718,0,0,0.386,1,1,1,880,-0.1,0.071
795,111,87.703,87.863,58,3,3,3,0.741,1,28.031,31.58,3.549,-6.068,5.07,-12.001,1,0.879,2.0,-2.8,0.0,-0.741,0,0,0.16,1,1,1,882,-0.01,0.033
796,111,87.897,88.275,67,1,3,3,0.749,1,10.725,13.266,2.541,-7.253,2.005,-15.058,1,0.798,3.5,0.6,0.0,-0.487,1,0,0.378,5,0,1,884,0.0,0.031
797,111,87.899,88.253,64,2,5,3,0.803,1,32.482,7.808,-24.673,-9.144,-2.811,-16.546,1,0.823,3.7,-1.4,0.0,-0.803,0,0,0.354,5,0,0,884,0.02,0.022
798,111,87.897,88.165,58,3,3,3,0.825,0,-0.966,-3.535,-2.569,-8.124,4.148,-0.567,1,0.83,5.4,,-11.6,-0.824,0,1,0.268,5,0,0,884,0.0,0.038
799,111,87.89,87.97,55,4,5,1,0.263,1,13.637,-0.182,-13.818,0.0,0.0,-10.843,1,0.468,7.5,7.6,-11.6,0.487,1,0,0.08,5,0,0,884,-0.06,0.571
800,111,87.893,88.254,48,5,3,3,0.79,1,-4.074,25.775,29.848,-9.901,6.316,13.644,1,0.816,9.0,4.6,0.0,-0.703,0,0,0.361,5,1,0,884,-0.03,0.024
801,111,88.179,88.251,58,3,3,2,0.46,1,20.104,9.456,-10.649,0.0,0.0,-13.887,1,0.813,0.8,-2.8,-34.8,-0.46,0,1,0.072,1,1,1,887,0.09,0.222
802,112,88.28,88.454,67,1,3,3,0.827,1,6.394,10.211,3.817,-4.417,-4.791,-14.204,1,0.833,-0.4,0.7,11.6,-0.822,1,1,0.174,4,0,1,888,-0.02,0.019
803,112,88.279,88.457,64,2,5,3,0.809,1,3.07,8.295,5.225,-10.286,-1.872,-3.47,1,0.856,1.4,1.7,23.2,-0.809,0,1,0.178,4,0,0,888,-0.03,0.021
804,112,88.279,88.449,58,3,3,2,0.659,0,11.493,0.773,-10.72,0.0,-1.509,2.685,1,0.847,0.2,,-69.7,-0.659,0,1,0.17,4,0,0,888,-0.03,0.13
805,112,88.274,88.453,48,5,3,3,0.528,1,-3.818,7.961,11.779,-3.482,3.482,3.459,1,0.802,4.5,6.7,23.2,-0.416,0,1,0.179,4,1,0,888,-0.07,0.131
806,112,88.474,88.643,67,1,3,3,0.79,1,2.753,1.288,-1.465,-2.697,-9.427,-6.54,1,0.844,1.0,4.1,-11.6,-0.788,1,1,0.169,4,0,1,890,-0.01,0.024
807,112,88.474,88.637,64,2,5,3,0.8,1,1.444,0.995,-0.449,-9.72,-6.806,2.278,1,0.839,4.0,4.1,23.2,-0.8,0,1,0.163,4,0,0,890,-0.01,0.022
808,112,88.47,88.702,58,3,3,2,0.765,0,-1.383,2.946,4.329,-6.77,1.295,3.649,1,0.838,8.2,,-46.4,-0.765,0,1,0.232,4,0,0,890,-0.08,0.067
809,112,88.468,88.636,48,5,3,3,0.649,1,3.527,0.168,-3.359,0.0,-3.024,-12.743,1,0.774,10.7,10.1,-23.2,-0.62,0,1,0.168,4,1,0,890,-0.12,0.061
810,113,89.262,89.439,61,2,2,3,0.652,0,39.185,31.721,-7.464,-5.148,-5.754,-13.219,1,0.719,2.6,,0.0,-0.651,0,0,0.177,4,0,1,898,0.18,0.117
811,113,89.262,89.428,57,3,2,3,0.818,1,39.59,43.374,3.785,0.0,0.0,-12.724,1,0.862,2.6,5.6,0.0,-0.81,0,0,0.166,4,0,0,898,0.18,0.02
812,113,89.264,89.432,52,4,2,3,0.758,0,33.083,53.761,20.678,-8.747,0.309,-13.426,1,0.836,2.3,,0.0,-0.754,0,0,0.168,4,0,0,898,0.2,0.06
813,113,89.263,89.433,42,6,2,3,0.767,1,19.905,47.846,27.941,-8.883,-9.695,-18.43,1,0.815,3.0,4.6,46.4,-0.757,0,0,0.17,4,1,0,898,0.19,0.028
814,113,89.454,89.717,62,2,3,3,0.755,1,1.054,10.523,9.468,-14.752,13.433,-11.917,1,0.811,0.8,0.6,0.0,-0.752,0,0,0.263,4,0,1,900,0.09,0.03
815,113,89.455,89.717,58,3,3,3,0.775,1,0.793,2.327,1.534,-8.389,8.389,6.105,1,0.849,3.1,-0.4,-11.6,-0.773,0,0,0.262,4,0,0,900,0.1,0.026
816,113,89.458,89.568,53,4,3,1,0.453,0,9.058,3.235,-5.823,-11.08,5.699,-5.72,1,0.814,2.8,,23.2,-0.451,0,0,0.11,4,0,0,900,0.12,0.424
817,113,89.456,89.797,43,6,3,3,0.781,1,8.288,9.223,0.935,-0.971,-9.601,-10.348,1,0.813,4.9,10.2,23.2,-0.762,0,0,0.341,4,1,0,900,0.1,0.025
818,113,89.725,90.006,62,2,3,3,0.707,0,14.297,-1.634,-15.931,-9.165,-1.639,-10.421,1,0.814,-2.7,,-23.2,-0.703,1,1,0.281,2,0,1,903,0.1,0.083
819,113,89.726,90.006,58,3,3,3,0.641,1,12.545,3.45,-9.096,0.0,0.0,-11.292,1,0.805,-2.4,-4.4,-11.6,-0.64,0,1,0.28,2,1,0,903,0.11,0.064
820,114,89.802,89.995,43,6,3,3,0.728,1,22.96,1.511,-21.45,0.0,-9.988,-14.278,1,0.835,-1.4,-10.7,-23.2,-0.716,0,1,0.193,1,1,1,904,-0.22,0.036
821,114,90.011,90.195,62,2,3,3,0.718,0,1.888,-5.967,-7.855,-16.499,7.607,-18.832,1,0.875,0.8,,-11.6,-0.716,1,1,0.184,2,0,1,906,-0.14,0.077
822,114,90.011,90.185,58,3,3,3,0.593,0,12.139,3.396,-8.743,-2.912,2.912,-22.51,1,0.878,1.6,,-11.6,-0.574,0,1,0.174,2,1,0,906,-0.14,0.166
823,114,90.219,90.389,48,5,3,3,0.726,1,3.448,26.578,23.13,-7.014,6.411,-6.626,1,0.7,11.2,1.9,69.7,-0.716,0,0,0.17,1,1,1,908,0.05,0.037
824,114,90.411,90.602,64,1,0,2,0.487,0,28.829,27.237,-1.592,-17.443,0.47,-5.177,1,0.855,-1.2,,-11.6,-0.288,0,0,0.191,3,0,1,910,0.09,0.33
825,114,90.408,90.642,62,2,3,3,0.828,1,21.23,14.129,-7.101,-11.935,2.547,-16.014,1,0.865,1.5,10.2,0.0,-0.827,0,0,0.234,3,0,0,910,0.05,0.018
826,114,90.408,90.586,58,3,3,3,0.837,1,35.837,28.084,-7.753,0.0,0.0,-23.331,1,0.892,0.8,-1.4,11.6,-0.834,0,0,0.178,3,1,0,910,0.05,0.017
827,115,90.598,90.757,43,6,3,3,0.605,0,20.103,30.297,10.194,0.0,-9.735,-11.559,1,0.868,6.9,,11.6,-0.6,0,0,0.159,1,1,1,912,0.0,0.154
828,115,90.779,90.961,62,2,3,2,0.381,1,4.128,-5.377,-9.506,-15.014,12.458,-17.139,1,0.832,0.1,-0.9,-11.6,-0.176,1,0,0.182,1,1,1,914,-0.18,0.331
829,115,90.983,91.11,60,2,1,2,0.403,0,26.064,26.413,0.349,-5.312,0.584,-10.886,1,0.89,0.6,,0.0,-0.351,0,0,0.127,2,0,1,916,0.0,0.468
830,115,90.979,91.12,57,3,2,2,0.503,0,28.304,30.348,2.044,-3.626,3.626,-10.101,1,0.891,4.4,,-23.2,-0.501,0,0,0.141,2,1,0,916,-0.02,0.306
831,115,91.262,91.548,60,2,1,3,0.795,1,18.949,24.363,5.413,-2.466,-2.552,-15.627,1,0.86,2.1,3.8,11.6,-0.794,0,0,0.286,3,0,1,919,0.09,0.023
832,115,91.264,91.548,57,3,2,3,0.792,1,16.352,14.306,-2.045,0.0,0.0,-14.016,1,0.88,0.1,1.8,11.6,-0.79,0,0,0.284,3,0,0,919,0.11,0.024
833,115,91.264,91.528,52,4,2,3,0.742,1,20.266,41.003,20.736,-2.59,-1.161,-34.109,1,0.864,0.4,13.4,0.0,-0.733,0,0,0.264,3,1,0,919,0.11,0.033
834,116,91.374,91.587,41,6,1,3,0.57,1,16.338,20.463,4.125,0.0,-11.49,-4.411,1,0.832,9.2,-27.0,23.2,-0.564,0,0,0.213,1,1,1,920,0.07,0.101
835,116,91.562,91.756,59,2,0,3,0.573,0,15.543,5.052,-10.49,-2.037,-4.02,-12.156,1,0.872,5.3,,11.6,-0.572,0,0,0.194,2,0,1,922,0.09,0.186
836,116,91.562,91.642,55,3,0,2,0.257,1,21.403,20.769,-0.634,-0.517,0.517,-11.422,1,0.856,5.3,41.7,-46.4,-0.004,0,0,0.08,2,1,0,922,0.09,0.539
837,116,91.752,91.908,50,4,0,3,0.646,1,9.934,33.912,23.978,0.0,0.0,-9.447,1,0.874,4.7,-8.9,0.0,-0.64,0,0,0.156,1,1,1,924,0.04,0.062
838,116,91.934,92.062,65,1,1,3,0.752,1,28.198,32.524,4.327,-4.071,-2.393,-2.511,1,0.906,2.1,-5.2,0.0,-0.74,0,0,0.128,2,0,1,926,-0.05,0.031
839,116,91.931,92.105,60,2,1,3,0.688,1,24.748,22.1,-2.648,-1.509,0.528,-14.843,1,0.911,2.9,-2.2,0.0,-0.674,0,0,0.174,2,1,0,926,-0.1,0.047
840,117,92.13,92.278,45,5,0,3,0.699,1,20.869,24.258,3.389,0.0,-1.195,-9.611,1,0.83,12.0,7.8,-11.6,-0.673,0,0,0.148,1,1,1,928,0.0,0.044
841,117,92.309,92.461,50,4,0,3,0.719,1,12.796,27.249,14.453,-12.38,12.38,-11.202,1,0.839,4.4,2.9,23.2,-0.71,0,0,0.152,1,1,1,930,-0.17,0.039
842,117,92.51,92.608,58,3,3,3,0.68,1,32.327,28.258,-4.068,-2.39,2.39,-11.512,1,0.897,1.2,10.9,11.6,-0.678,0,0,0.098,2,0,1,932,0.0,0.05
843,117,92.507,92.781,43,6,3,3,0.418,1,16.437,27.478,11.04,-0.138,-12.897,-9.016,1,0.879,4.1,2.3,0.0,-0.4,0,0,0.274,2,1,0,932,-0.02,0.245
844,117,92.785,92.879,62,2,3,3,0.76,1,22.334,-1.9,-24.234,-9.194,1.041,-20.946,1,0.886,1.3,-20.3,-11.6,-0.759,1,0,0.094,2,0,1,935,0.05,0.029
845,117,92.786,92.97,58,3,3,3,0.76,1,29.125,25.983,-3.142,0.0,0.0,-25.161,1,0.885,1.1,13.6,23.2,-0.759,0,0,0.184,2,1,0,935,0.05,0.029
846,118,92.889,93.268,43,6,3,3,0.518,1,12.05,9.405,-2.645,-0.338,-11.553,-9.672,1,0.881,4.0,15.0,34.8,-0.515,0,0,0.379,1,1,1,936,-0.03,0.139
847,118,93.086,93.278,62,2,3,3,0.612,0,11.735,3.636,-8.099,-14.305,14.305,-3.91,1,0.891,-0.4,,-11.6,-0.608,1,0,0.192,2,0,1,938,0.03,0.149
848,118,93.085,93.278,58,3,3,3,0.533,0,1.65,10.952,9.302,-10.655,7.251,-8.17,1,0.89,2.0,,0.0,-0.531,0,0,0.193,2,1,0,938,0.02,0.232
849,118,93.283,93.421,48,5,3,3,0.697,1,11.148,30.818,19.67,-3.134,2.599,-17.888,1,0.745,9.0,-7.4,11.6,-0.694,0,0,0.138,1,1,1,940,0.05,0.045
850,118,93.463,93.651,62,2,3,3,0.802,1,24.848,15.554,-9.294,-7.692,1.33,-17.328,1,0.911,0.9,-12.0,0.0,-0.8,0,0,0.188,3,0,1,942,-0.1,0.022
851,118,93.464,93.649,58,3,3,3,0.842,1,31.942,26.283,-5.659,0.0,0.0,-11.778,1,0.893,0.6,-1.4,0.0,-0.835,0,0,0.185,3,0,0,942,-0.08,0.017
852,118,93.464,93.676,52,4,2,3,0.54,0,19.792,37.094,17.302,-7.942,1.908,-15.734,1,0.858,0.8,,0.0,-0.529,0,0,0.212,3,1,0,942,-0.08,0.224
853,119,93.657,94.015,43,6,3,3,0.824,1,15.207,30.229,15.022,0.0,-9.69,-19.544,1,0.846,6.0,3.0,23.2,-0.821,0,0,0.358,1,1,1,944,-0.04,0.019
854,119,93.851,93.959,62,2,3,3,0.794,0,6.91,1.364,-5.545,-16.266,14.158,-15.391,1,0.899,1.2,,11.6,-0.793,1,0,0.108,2,0,1,946,-0.06,0.047
855,119,93.852,93.959,58,3,3,3,0.772,0,13.332,29.158,15.826,-10.568,10.053,-11.419,1,0.885,0.9,,-11.6,-0.607,0,0,0.107,2,1,0,946,-0.04,0.054
856,119,94.253,94.562,53,4,3,3,0.701,1,33.841,37.177,3.336,0.0,0.0,-13.019,1,0.904,3.7,-0.9,0.0,-0.652,0,0,0.309,1,1,1,950,0.15,0.043
857,120,94.434,94.597,69,1,5,3,0.818,0,34.156,33.189,-0.967,-7.86,-4.638,-20.014,1,0.869,3.9,,11.6,-0.817,0,0,0.163,3,0,1,952,-0.01,0.04
858,120,94.432,94.621,63,2,4,3,0.851,0,32.434,17.793,-14.641,-1.78,-9.045,-26.634,1,0.876,5.3,,-11.6,-0.851,0,0,0.189,3,0,0,952,-0.03,0.032
859,120,94.433,94.59,60,3,5,3,0.795,0,26.69,34.484,7.795,-2.187,-3.341,-19.93,1,0.893,5.3,,0.0,-0.633,0,0,0.157,3,1,0,952,-0.02,0.047
860,120,94.632,95.009,52,4,2,3,0.755,1,17.012,4.731,-12.281,-0.047,0.047,-9.996,1,0.861,6.1,-8.4,-11.6,-0.752,0,0,0.377,1,1,1,954,0.05,0.03
861,120,94.811,95.029,68,1,4,3,0.834,1,23.577,26.606,3.028,-10.698,-2.22,-14.163,1,0.874,4.0,-1.6,-11.6,-0.833,0,0,0.218,3,0,1,956,-0.1,0.018
862,120,94.813,95.019,62,2,3,3,0.818,0,18.608,23.758,5.149,-3.014,-4.337,-26.792,1,0.889,3.3,,0.0,-0.815,0,0,0.206,3,0,0,956,-0.08,0.04
863,120,94.808,94.999,58,3,3,1,0.429,0,14.67,31.262,16.593,-2.721,-1.865,-25.641,1,0.872,8.8,,-11.6,-0.424,0,0,0.191,3,1,0,956,-0.13,0.466
864,120,95.026,95.387,51,4,1,3,0.674,1,10.302,3.388,-6.914,0.0,0.0,-17.67,1,0.872,6.6,-7.7,0.0,-0.634,0,0,0.361,1,1,1,958,0.13,0.052
865,121,95.218,95.417,67,1,3,3,0.853,1,29.188,21.018,-8.17,-5.217,-7.466,-30.979,1,0.894,2.8,9.3,0.0,-0.852,0,0,0.199,2,0,1,960,0.06,0.016
866,121,95.218,95.373,61,2,2,3,0.838,1,24.009,19.714,-4.295,-6.01,-3.067,-32.986,1,0.871,4.0,-13.9,0.0,-0.812,0,0,0.155,2,1,0,960,0.06,0.017
867,121,95.401,95.576,55,3,0,3,0.62,1,38.34,45.306,6.966,0.0,0.0,-12.125,1,0.86,5.9,-21.5,0.0,-0.594,0,0,0.175,2,0,1,962,-0.03,0.074
868,121,95.402,95.596,50,4,0,1,0.413,1,-2.32,-3.7,-1.381,-15.677,6.189,3.777,1,0.818,3.5,0.8,-23.2,-0.357,0,0,0.194,2,1,0,962,-0.01,0.319
869,121,95.602,96.054,66,1,2,3,0.849,1,6.571,0.679,-5.892,-7.722,-3.634,-5.12,1,0.855,1.7,-1.9,0.0,-0.846,0,0,0.452,3,0,1,964,0.04,0.016
870,121,95.602,95.855,60,2,1,3,0.861,1,19.12,29.366,10.245,-0.143,-2.833,-8.897,1,0.895,5.3,-1.9,-11.6,-0.858,0,0,0.253,3,0,0,964,0.04,0.015
871,121,95.601,95.847,50,4,0,3,0.817,1,11.829,4.384,-7.445,-0.074,0.074,-14.739,1,0.855,3.1,10.7,-34.8,-0.603,0,1,0.246,3,1,0,964,0.03,0.02
872,121,95.869,96.103,60,2,1,3,0.732,1,1.124,4.188,3.064,-3.064,-2.014,-22.419,1,0.863,2.5,-1.8,-11.6,-0.731,0,1,0.234,3,0,1,967,-0.01,0.035
873,121,95.871,96.024,57,3,2,3,0.595,1,9.983,30.942,20.959,0.0,-3.179,-22.653,1,0.877,0.8,-38.7,46.4,-0.586,0,0,0.153,3,0,0,967,0.01,0.087
874,121,95.865,95.98,50,4,0,3,0.656,0,4.025,2.533,-1.492,-2.239,2.239,-17.998,1,0.841,4.7,,-46.4,-0.636,0,1,0.115,3,1,0,967,-0.06,0.114
875,122,95.992,96.352,45,5,0,3,0.74,1,14.193,17.155,2.961,-5.587,1.85,-1.224,1,0.543,18.9,2.9,0.0,-0.712,0,0,0.36,1,1,1,968,0.06,0.034
876,122,96.188,96.346,60,2,1,3,0.812,1,16.999,12.469,-4.529,-1.121,-5.524,-15.472,1,0.879,0.5,-7.4,46.4,-0.811,0,0,0.158,3,0,1,970,0.15,0.021
877,122,96.187,96.362,57,3,2,3,0.763,1,-0.852,4.199,5.051,0.0,0.0,-13.566,1,0.874,1.4,5.2,11.6,-0.753,1,0,0.175,3,0,0,970,0.14,0.029
878,122,96.184,96.412,50,4,0,2,0.366,1,3.737,12.881,9.144,-5.036,-0.444,-2.2,1,0.88,3.3,8.2,-23.2,-0.167,0,0,0.228,3,1,0,970,0.1,0.355
879,122,96.359,96.73,42,6,2,3,0.713,1,23.447,23.744,0.297,0.0,-11.428,-22.741,1,0.843,8.7,-4.2,46.4,-0.702,0,0,0.371,1,1,1,972,-0.09,0.04
880,122,96.567,96.77,60,2,1,3,0.784,1,23.769,6.879,-16.891,-10.054,6.261,-14.065,1,0.872,1.8,-3.2,-34.8,-0.78,0,0,0.203,3,0,1,974,0.05,0.025
881,122,96.568,96.76,57,3,2,3,0.706,1,9.574,23.732,14.158,-7.1,5.327,-20.149,1,0.876,1.9,7.4,11.6,-0.701,0,0,0.192,3,0,0,974,0.06,0.042
882,122,96.57,96.74,50,4,0,2,0.398,0,1.534,10.154,8.62,-17.349,9.794,3.181,1,0.841,2.9,,23.2,-0.379,0,0,0.17,3,1,0,974,0.09,0.478
883,123,96.755,97.128,45,5,0,3,0.733,1,11.63,24.956,13.327,-5.926,5.826,-6.347,1,0.678,11.1,-5.5,34.8,-0.662,0,0,0.373,1,1,1,976,-0.02,0.035
884,123,96.942,97.128,59,2,0,3,0.734,0,6.965,11.668,4.703,-11.954,3.369,-29.841,1,0.875,5.2,,-23.2,-0.73,0,0,0.186,2,0,1,978,-0.18,0.07
885,123,96.944,97.138,55,3,0,3,0.696,1,26.018,24.926,-1.093,0.0,0.0,-29.451,1,0.865,2.1,2.9,11.6,-0.66,0,0,0.194,2,1,0,978,-0.14,0.045
886,123,97.153,97.297,58,3,3,2,0.593,0,3.055,2.134,-0.921,-21.158,13.68,-6.797,1,0.864,6.8,,-23.2,-0.591,0,0,0.144,2,0,1,980,0.04,0.19
887,123,97.152,97.516,43,6,3,3,0.748,1,27.328,19.888,-7.439,0.0,-7.98,-14.823,1,0.88,5.8,3.9,-23.2,-0.633,0,0,0.364,2,1,0,980,0.03,0.032
888,123,97.295,97.407,53,4,3,3,0.601,1,12.048,12.878,0.83,-18.017,9.956,-26.967,1,0.821,4.5,11.8,-11.6,-0.51,0,0,0.112,1,1,1,981,0.14,0.083
889,123,97.415,97.536,58,3,3,3,0.664,0,31.392,21.658,-9.734,-5.395,5.328,-34.234,1,0.895,1.9,,0.0,-0.661,0,0,0.121,2,0,1,983,-0.09,0.108
890,123,97.413,97.546,53,4,3,2,0.485,0,13.146,9.697,-3.448,-11.325,5.371,-26.861,1,0.841,1.2,,-34.8,-0.476,0,1,0.133,2,1,0,983,-0.12,0.332
891,124,97.534,97.685,59,3,4,1,0.328,1,2.384,3.339,0.955,-14.596,6.549,-12.915,1,0.622,7.2,17.9,34.8,-0.327,0,0,0.151,2,0,1,984,-0.03,0.458
892,124,97.547,97.814,44,6,4,3,0.581,1,-0.01,15.3,15.31,-3.559,2.642,-15.499,1,0.741,-3.5,-6.7,34.8,-0.551,0,0,0.267,2,1,0,984,0.07,0.094
893,124,97.69,97.884,53,4,3,3,0.737,0,10.314,15.106,4.792,-5.328,-1.608,-28.875,1,0.875,3.7,,11.6,-0.731,0,0,0.194,1,1,1,985,0.23,0.068
894,124,97.789,97.904,59,3,4,3,0.511,0,19.365,19.33,-0.035,-0.622,-0.65,-33.171,1,0.852,1.6,,11.6,-0.509,0,0,0.115,1,1,1,987,-0.3,0.261
895,124,97.93,98.023,57,3,2,1,0.349,1,13.114,16.033,2.919,0.0,0.0,-17.051,1,0.829,7.0,-6.6,-11.6,0.402,0,0,0.093,2,0,1,988,0.0,0.423
896,124,97.929,98.332,45,5,0,3,0.751,1,13.631,14.45,0.819,-0.87,-3.796,-10.686,1,0.792,9.3,-5.6,11.6,-0.402,0,0,0.403,2,1,0,988,0.0,0.031
897,124,98.063,98.192,53,4,3,3,0.67,0,6.426,11.578,5.152,-11.849,-0.544,-28.638,1,0.767,5.1,,0.0,-0.664,0,0,0.129,1,1,1,989,-0.04,0.104
898,124,98.178,98.299,60,2,1,3,0.72,0,25.185,20.706,-4.479,-3.698,-0.853,-26.658,1,0.897,6.8,,0.0,-0.717,0,0,0.121,2,0,1,991,-0.31,0.076
899,124,98.187,98.312,55,3,0,1,0.361,0,17.545,20.604,3.06,-3.617,1.632,-30.244,1,0.85,0.1,,23.2,-0.349,0,0,0.125,2,1,0,991,-0.2,0.583
900,125,98.337,98.58,45,5,0,3,0.701,1,9.288,2.817,-6.471,-2.056,0.223,-13.791,1,0.76,11.1,-7.2,-58.0,-0.483,0,1,0.243,1,1,1,992,0.14,0.043
901,125,98.475,98.58,52,4,2,3,0.45,0,10.83,27.17,16.34,-5.71,-1.005,-10.278,1,0.858,3.2,,11.6,-0.445,0,0,0.105,1,1,1,993,0.33,0.349
902,125,98.584,98.71,59,2,0,3,0.672,0,18.153,13.46,-4.693,-4.464,-0.982,-29.72,1,0.865,3.5,,-11.6,-0.667,0,0,0.126,2,0,1,995,-0.1,0.103
903,125,98.584,98.688,55,3,0,3,0.682,1,22.496,27.035,4.538,0.0,0.0,-38.16,1,0.841,3.0,1.2,34.8,-0.639,0,0,0.104,2,1,0,995,-0.1,0.049
904,125,98.716,99.038,46,5,1,3,0.653,1,9.926,9.812,-0.114,-0.254,0.13,-9.893,1,0.787,13.9,8.5,0.0,-0.602,0,0,0.322,1,1,1,996,0.07,0.059
905,125,98.853,99.038,53,4,3,3,0.648,1,19.115,21.106,1.991,-2.731,-2.542,-29.231,1,0.881,2.0,-0.8,11.6,-0.643,0,0,0.185,1,1,1,997,0.17,0.061
906,125,98.962,99.088,62,2,3,3,0.649,0,29.63,29.166,-0.464,-6.201,2.66,-28.923,1,0.876,2.0,,0.0,-0.647,0,0,0.126,1,1,1,999,-0.2,0.119
907,126,99.092,99.277,47,5,2,3,0.685,1,7.638,7.789,0.151,-1.641,1.253,-8.93,1,0.796,11.3,38.8,0.0,-0.63,0,0,0.185,1,1,1,1000,0.0,0.048
908,126,99.215,99.317,54,4,4,3,0.623,0,7.486,29.524,22.038,0.0,0.0,-18.063,1,0.891,4.6,,23.2,-0.621,0,0,0.102,1,1,1,1001,-0.1,0.139
909,126,99.316,99.436,59,2,0,2,0.447,0,-1.073,-5.669,-4.597,-13.246,1.14,-18.721,1,0.412,4.0,,-34.8,-0.446,0,0,0.12,2,0,1,1002,0.43,0.394
910,126,99.319,99.439,55,3,0,2,0.434,1,12.837,15.591,2.754,0.0,0.0,-19.607,1,0.831,4.0,9.2,0.0,-0.427,0,0,0.12,2,1,0,1002,0.46,0.255
911,126,99.472,99.834,64,1,0,3,0.692,1,21.716,22.628,0.913,-6.89,-5.629,-12.079,1,0.867,4.8,-3.2,0.0,-0.481,0,0,0.362,3,0,1,1004,-0.02,0.046
912,126,99.472,99.834,58,3,3,3,0.825,1,10.037,9.898,-0.14,-2.31,0.762,-14.976,1,0.866,6.4,-3.2,0.0,-0.824,0,0,0.362,3,0,0,1004,-0.02,0.019
913,126,99.471,99.844,48,5,3,3,0.772,0,23.631,22.335,-1.296,-2.627,1.23,1.555,1,0.818,8.0,,23.2,-0.735,0,0,0.373,3,1,0,1004,-0.03,0.054
914,127,99.851,99.981,45,5,0,3,0.517,1,19.211,31.783,12.572,-6.794,5.456,-2.88,1,0.659,13.5,-45.5,34.8,-0.49,0,0,0.13,1,1,1,1008,-0.06,0.14
915,127,100.037,100.272,67,1,3,3,0.633,1,22.009,34.025,12.016,-12.324,1.98,-4.614,1,0.88,1.0,0.7,11.6,-0.604,0,0,0.235,3,0,1,1010,-0.22,0.068
916,127,100.037,100.252,62,2,3,3,0.641,0,13.502,36.543,23.041,-12.03,5.284,-14.355,1,0.871,1.0,,0.0,-0.631,0,0,0.215,3,0,0,1010,-0.22,0.125
917,127,100.035,100.232,57,3,2,3,0.702,0,3.001,1.31,-1.691,-5.465,5.465,-17.258,1,0.872,2.3,,0.0,-0.695,0,0,0.197,3,1,0,1010,-0.25,0.085
918,127,100.436,100.709,67,1,3,3,0.811,1,31.903,29.685,-2.218,-10.133,-0.679,-8.909,1,0.904,1.9,8.1,11.6,-0.8,0,0,0.273,3,0,1,1014,0.05,0.021
919,127,100.437,100.575,62,2,3,3,0.798,1,19.357,17.211,-2.146,-14.061,4.743,-15.49,1,0.887,1.2,7.1,-11.6,-0.795,0,0,0.138,3,0,0,1014,0.07,0.023
920,127,100.437,100.679,57,3,2,3,0.788,0,26.418,30.934,4.516,-4.175,4.175,-17.429,1,0.886,1.1,,11.6,-0.777,0,0,0.242,3,1,0,1014,0.07,0.049
921,128,100.833,101.057,67,1,3,3,0.789,0,29.48,23.759,-5.721,-5.243,-2.61,-8.933,1,0.895,1.5,,-11.6,-0.755,0,0,0.224,3,0,1,1018,0.23,0.049
922,128,100.834,100.943,62,2,3,3,0.788,1,19.897,19.772,-0.125,-9.481,1.953,-11.484,1,0.88,0.4,16.4,0.0,-0.785,0,0,0.109,3,0,0,1018,0.24,0.024
923,128,100.831,100.988,57,3,2,3,0.697,0,30.934,23.277,-7.656,-0.562,0.562,-12.348,1,0.878,3.5,,-34.8,-0.691,0,0,0.157,3,1,0,1018,0.2,0.088
924,128,101.213,101.445,65,1,1,3,0.632,0,26.079,39.622,13.543,-8.905,-0.57,-6.647,1,0.78,7.4,,11.6,-0.55,0,0,0.232,4,0,1,1022,0.19,0.132
925,128,101.218,101.465,60,2,1,3,0.763,0,33.642,32.747,-0.895,-8.358,0.526,-15.943,1,0.876,3.7,,0.0,-0.761,0,0,0.247,4,0,0,1022,0.25,0.058
926,128,101.22,101.465,54,4,4,3,0.695,1,29.491,53.685,24.194,0.0,0.0,-6.406,1,0.873,1.9,1.9,0.0,-0.667,0,0,0.245,4,0,0,1022,0.28,0.045
927,128,101.221,101.505,50,5,5,3,0.782,1,26.832,39.015,12.182,-6.777,3.395,3.696,1,0.889,0.4,12.5,34.8,-0.756,0,0,0.284,4,1,0,1022,0.29,0.025
928,129,101.571,101.754,62,2,3,3,0.495,0,9.836,5.093,-4.744,-14.158,1.269,-19.309,1,0.633,4.5,,-11.6,0.277,0,0,0.183,3,0,1,1026,-0.19,0.283
929,129,101.568,101.739,55,3,0,3,0.743,1,26.338,10.561,-15.777,0.0,0.0,-19.132,1,0.863,4.3,-8.1,0.0,-0.515,0,0,0.171,3,0,0,1026,-0.25,0.033
930,129,101.567,101.741,50,4,0,3,0.771,0,7.903,-5.185,-13.089,-28.16,16.268,-13.546,1,0.756,4.6,,-34.8,-0.277,0,0,0.174,3,1,0,1026,-0.27,0.055
931,129,101.762,101.782,65,1,1,2,0.325,0,22.054,16.417,-5.637,-14.783,0.019,4.644,1,0.653,3.9,,0.0,-0.094,0,0,0.02,4,0,1,1028,-0.1,0.602
932,129,101.76,101.895,62,2,3,3,0.772,1,4.352,5.217,0.865,-10.252,5.608,-7.803,1,0.811,5.3,-2.7,-11.6,-0.747,1,1,0.135,4,0,0,1028,-0.12,0.027
933,129,101.761,101.882,58,3,3,3,0.768,0,23.091,29.182,6.091,-1.583,1.583,-10.042,1,0.854,6.7,,-11.6,-0.764,0,0,0.121,4,0,0,1028,-0.11,0.056
934,129,101.761,101.992,43,6,3,3,0.717,0,14.547,21.659,7.112,0.0,-13.4,-17.117,1,0.826,7.2,,-11.6,-0.665,0,0,0.231,4,1,0,1028,-0.11,0.078
935,129,102.055,102.16,62,2,3,3,0.807,0,10.024,-0.242,-10.266,-9.864,0.173,-15.194,1,0.89,0.2,,11.6,-0.803,0,0,0.105,3,0,1,1031,0.08,0.043
936,129,102.054,102.155,58,3,3,3,0.803,1,18.442,25.579,7.137,0.0,0.0,-21.905,1,0.896,0.7,5.1,0.0,-0.802,0,0,0.101,3,0,0,1031,0.07,0.022
937,129,102.053,102.162,53,4,3,3,0.731,0,12.886,18.986,6.099,-5.138,-0.925,-29.88,1,0.867,2.6,,11.6,-0.73,0,0,0.109,3,1,0,1031,0.06,0.071
938,130,102.163,102.326,43,6,3,3,0.819,1,16.112,21.323,5.211,0.0,-7.696,-11.437,1,0.821,3.0,0.6,46.4,-0.799,0,0,0.163,1,1,1,1032,0.03,0.02
939,130,102.345,102.52,62,2,3,3,0.803,1,8.57,-3.193,-11.762,-10.939,5.47,-22.737,1,0.898,1.8,4.4,-11.6,-0.802,1,0,0.175,2,0,1,1034,-0.12,0.022
940,130,102.346,102.437,58,3,3,3,0.769,1,13.584,22.099,8.515,-8.047,8.047,-17.67,1,0.884,2.1,3.4,0.0,-0.767,0,0,0.091,2,1,0,1034,-0.1,0.028
941,130,102.553,102.722,48,5,3,3,0.738,1,10.072,26.771,16.699,-5.89,5.182,-6.835,1,0.786,13.1,-17.9,-11.6,-0.721,0,0,0.169,1,1,1,1036,0.05,0.034
942,130,102.743,102.929,62,2,3,3,0.839,1,14.334,14.208,-0.126,-9.357,1.236,-24.437,1,0.915,3.3,1.1,0.0,-0.836,0,0,0.186,3,0,1,1038,0.07,0.017
943,130,102.744,102.918,58,3,3,3,0.848,1,32.714,29.318,-3.396,0.0,0.0,-27.577,1,0.902,3.5,0.1,11.6,-0.847,0,0,0.174,3,0,0,1038,0.08,0.016
944,130,102.744,102.923,52,4,2,3,0.747,1,15.656,36.749,21.093,-8.39,2.327,-18.426,1,0.862,4.6,0.1,0.0,-0.743,0,0,0.179,3,1,0,1038,0.08,0.032
945,131,102.934,103.105,43,6,3,3,0.801,1,26.031,32.402,6.371,0.0,-7.629,-14.952,1,0.841,7.9,7.5,11.6,-0.784,0,0,0.171,1,1,1,1040,0.02,0.022
946,131,103.13,103.296,62,2,3,1,0.508,0,10.298,-6.478,-16.776,-19.042,6.145,-26.815,1,0.609,8.8,,-34.8,-0.368,1,0,0.166,3,0,1,1042,0.08,0.334
947,131,103.133,103.278,59,3,4,3,0.759,1,15.271,20.712,5.441,-8.304,0.519,-31.784,1,0.879,7.8,-40.6,0.0,-0.747,0,0,0.145,3,0,0,1042,0.12,0.029
948,131,103.133,103.28,55,4,5,3,0.724,1,7.021,3.22,-3.801,0.0,0.0,-30.988,1,0.849,6.6,5.9,0.0,-0.711,1,0,0.147,3,1,0,1042,0.12,0.037
949,131,103.321,103.429,65,1,1,3,0.794,1,18.465,18.826,0.361,-16.352,5.211,2.704,1,0.886,5.3,-18.3,-46.4,-0.785,0,0,0.108,3,0,1,1044,0.03,0.023
950,131,103.32,103.455,60,2,1,3,0.741,0,3.024,3.907,0.883,-8.839,6.303,-21.564,1,0.882,2.6,,11.6,-0.542,0,0,0.135,3,0,0,1044,0.02,0.067
951,131,103.313,103.333,57,3,2,1,0.333,0,9.251,10.574,1.323,-6.062,5.844,-18.592,1,0.827,8.8,,-11.6,-0.332,0,0,0.02,3,1,0,1044,-0.03,0.629
952,131,103.594,103.882,65,1,1,3,0.851,1,19.18,20.852,1.672,-11.576,-2.523,-17.7,1,0.864,4.8,-1.1,-11.6,-0.844,0,0,0.288,3,0,1,1047,0.05,0.016
953,131,103.595,103.922,60,2,1,3,0.847,1,18.872,20.956,2.084,-3.354,-1.947,-26.036,1,0.89,3.3,-48.5,0.0,-0.837,0,0,0.327,3,0,0,1047,0.06,0.016
954,131,103.597,103.892,57,3,2,3,0.827,0,14.795,34.27,19.476,0.0,0.0,-35.456,1,0.87,1.4,,11.6,-0.827,0,0,0.295,3,1,0,1047,0.08,0.038
955,132,103.71,104.042,41,6,1,3,0.753,1,9.655,24.717,15.062,0.0,-11.547,-3.39,1,0.797,7.7,10.6,34.8,-0.743,0,0,0.332,1,1,1,1048,0.06,0.031
956,132,103.891,104.071,65,1,1,3,0.563,0,10.714,-2.364,-13.077,-9.616,-6.996,-5.029,1,0.813,10.9,,-23.2,-0.554,1,1,0.18,3,0,1,1050,-0.01,0.197
957,132,103.898,104.042,59,2,0,2,0.512,0,12.398,15.061,2.663,-2.12,0.507,-9.409,1,0.864,8.6,,-23.2,-0.493,0,0,0.144,3,0,0,1050,0.08,0.293
958,132,103.905,103.985,55,3,0,1,0.296,1,18.533,20.629,2.096,-2.734,2.734,-18.405,1,0.78,1.6,1.4,34.8,-0.291,0,0,0.08,3,1,0,1050,0.17,0.514
959,132,104.095,104.266,50,4,0,3,0.756,1,29.241,26.641,-2.6,0.0,0.0,-24.712,1,0.838,5.9,-2.8,0.0,-0.741,0,0,0.171,1,1,1,1052,0.08,0.03
960,132,104.276,104.658,60,2,1,3,0.604,1,26.11,23.354,-2.757,-2.359,-1.761,-25.227,1,0.884,5.0,1.9,0.0,-0.568,0,0,0.382,2,0,1,1054,0.04,0.082
961,132,104.278,104.298,54,4,4,2,0.345,0,17.907,29.769,11.862,0.0,0.0,-15.58,1,0.873,4.7,,23.2,-0.335,0,0,0.02,2,1,0,1054,0.06,0.569
962,133,104.467,104.629,53,4,3,2,0.31,0,7.894,8.243,0.349,-7.178,-1.302,-2.969,1,0.83,6.5,,-11.6,-0.231,0,0,0.162,2,0,1,1056,0.02,0.628
963,133,104.466,104.633,45,5,0,3,0.722,1,21.853,28.754,6.901,0.0,-0.956,-9.379,1,0.805,8.2,-13.9,0.0,-0.705,0,0,0.167,2,1,0,1056,0.0,0.038
964,133,104.655,104.816,50,4,0,3,0.734,1,19.319,22.101,2.782,-6.507,6.507,-19.783,1,0.771,5.9,-5.6,0.0,-0.714,0,0,0.161,1,1,1,1058,0.02,0.035
965,133,104.835,104.977,62,2,3,3,0.676,0,17.066,12.707,-4.359,-11.432,9.573,-8.442,1,0.903,2.7,,-11.6,-0.672,1,0,0.142,3,0,1,1060,-0.08,0.101
966,133,104.837,104.955,58,3,3,3,0.802,1,21.969,25.989,4.019,-5.071,5.071,-14.167,1,0.904,3.3,-1.8,-11.6,-0.8,0,0,0.118,3,0,0,1060,-0.07,0.022
967,133,104.836,105.096,43,6,3,3,0.802,1,15.28,17.598,2.319,0.0,-11.932,-6.522,1,0.878,5.4,-12.4,23.2,-0.791,0,0,0.26,3,1,0,1060,-0.07,0.022
968,133,105.113,105.211,62,2,3,3,0.759,0,8.288,-3.954,-12.242,-8.847,-0.594,-14.016,1,0.9,1.5,,0.0,-0.756,1,0,0.098,2,0,1,1063,-0.0,0.059
969,133,105.115,105.21,58,3,3,3,0.76,1,16.823,21.475,4.652,0.0,0.0,-18.303,1,0.897,2.2,10.4,0.0,-0.757,0,0,0.095,2,1,0,1063,0.02,0.029
970,134,105.224,105.389,43,6,3,3,0.795,1,18.519,13.172,-5.347,-0.002,-7.764,-13.559,1,0.857,4.7,29.2,23.2,-0.789,0,0,0.165,1,1,1,1064,-0.01,0.023
971,134,105.416,105.603,62,2,3,3,0.789,0,14.776,-3.647,-18.423,-12.895,5.361,-7.08,1,0.902,2.9,,0.0,-0.786,1,0,0.187,2,0,1,1066,0.0,0.049
972,134,105.416,105.603,58,3,3,3,0.71,1,9.106,27.338,18.232,-4.873,4.873,-14.912,1,0.882,3.5,1.0,0.0,-0.708,0,0,0.187,2,1,0,1066,0.0,0.041
973,134,105.611,105.769,48,5,3,3,0.827,1,12.197,29.467,17.27,0.0,-0.199,-15.19,1,0.826,12.0,-8.3,23.2,-0.818,0,0,0.158,1,1,1,1068,0.02,0.019
974,134,105.793,106.071,62,2,3,3,0.848,1,21.266,10.771,-10.495,-1.789,-2.919,-13.206,1,0.909,3.1,-4.5,0.0,-0.846,0,0,0.278,3,0,1,1070,-0.11,0.016
975,134,105.795,105.974,58,3,3,3,0.847,1,19.723,22.436,2.713,-0.59,0.59,-9.386,1,0.884,2.1,-6.5,0.0,-0.845,0,0,0.179,3,0,0,1070,-0.07,0.016
976,134,105.792,105.972,52,4,2,2,0.484,0,8.778,31.552,22.774,-6.523,1.012,-8.469,1,0.828,5.5,,23.2,-0.449,0,0,0.18,3,1,0,1070,-0.13,0.335
977,135,105.979,106.359,48,5,3,3,0.816,1,2.311,22.812,20.501,0.0,-0.796,-5.617,1,0.806,9.9,6.9,23.2,-0.814,0,0,0.38,1,1,1,1072,-0.11,0.02
978,135,106.176,106.349,62,2,3,3,0.823,1,17.122,8.957,-8.165,-5.006,-1.979,-16.913,1,0.913,1.9,-4.4,-46.4,-0.823,0,0,0.173,2,0,1,1074,-0.15,0.019
979,135,106.178,106.293,58,3,3,3,0.842,1,17.342,23.856,6.514,0.0,-1.499,-8.664,1,0.892,2.0,-6.4,46.4,-0.834,0,0,0.115,2,1,0,1074,-0.11,0.017
980,135,106.589,106.755,69,1,5,3,0.835,1,27.569,37.642,10.073,-19.953,4.973,-3.679,1,0.849,4.8,0.6,11.6,-0.833,0,0,0.166,4,0,1,1078,0.23,0.018
981,135,106.589,106.758,63,2,4,3,0.872,1,20.024,18.885,-1.139,-6.24,-2.879,-20.504,1,0.878,4.3,0.6,11.6,-0.872,0,0,0.169,4,0,0,1078,0.23,0.014
982,135,106.591,106.767,60,3,5,2,0.774,1,17.721,23.122,5.4,-10.923,4.853,-14.296,1,0.88,2.3,21.8,23.2,-0.772,0,0,0.176,4,0,0,1078,0.25,0.031
983,135,106.587,106.76,53,4,3,3,0.81,1,27.298,44.982,17.684,0.0,0.0,-9.881,1,0.836,5.4,2.6,23.2,-0.655,0,0,0.173,4,1,0,1078,0.2,0.021
984,136,106.774,106.929,69,1,5,3,0.845,0,1.338,-1.804,-3.142,-14.167,0.27,-2.624,1,0.819,5.3,,-11.6,-0.843,0,1,0.155,4,0,1,1080,0.06,0.033
985,136,106.773,106.931,63,2,4,3,0.854,0,1.696,3.869,2.173,-2.304,-1.605,-18.209,1,0.862,4.8,,0.0,-0.854,0,1,0.158,4,0,0,1080,0.06,0.031
986,136,106.773,106.946,60,3,5,3,0.732,0,-0.247,0.998,1.246,-5.79,3.563,-0.133,1,0.864,4.9,,-11.6,-0.722,0,1,0.173,4,0,0,1080,0.06,0.071
987,136,106.773,106.93,53,4,3,3,0.801,0,-1.962,-3.881,-1.918,0.0,0.0,-19.295,1,0.773,0.7,,-11.6,-0.736,0,1,0.157,4,1,0,1080,0.06,0.045
988,136,106.967,107.134,68,1,4,3,0.82,1,10.894,12.354,1.461,-7.184,0.77,-14.67,1,0.851,6.2,5.7,0.0,-0.82,0,0,0.167,4,0,1,1082,0.12,0.019
989,136,106.967,107.133,62,2,3,3,0.858,1,7.314,11.938,4.624,0.0,-1.132,-18.901,1,0.883,4.2,5.7,0.0,-0.858,0,0,0.166,4,0,0,1082,0.12,0.015
990,136,106.967,107.135,59,3,4,3,0.717,1,8.121,8.359,0.238,-2.578,2.578,-17.437,1,0.82,4.5,17.3,-11.6,-0.708,0,0,0.168,4,0,0,1082,0.12,0.039
991,136,106.968,107.131,52,4,2,3,0.821,1,6.154,2.921,-3.233,-3.642,2.267,0.986,1,0.832,2.7,4.7,-46.4,-0.809,0,0,0.163,4,1,0,1082,0.13,0.019
992,136,107.158,107.326,68,1,4,3,0.827,0,-0.062,0.999,1.061,-10.619,3.441,-9.686,1,0.854,3.1,,0.0,-0.826,0,1,0.168,4,0,1,1084,0.04,0.038
993,136,107.158,107.325,62,2,3,3,0.87,1,1.91,1.346,-0.564,-2.799,-0.559,-18.852,1,0.883,3.1,12.1,-11.6,-0.87,0,1,0.167,4,0,0,1084,0.04,0.014
994,136,107.158,107.334,59,3,4,3,0.756,0,4.68,3.872,-0.808,0.0,0.0,-10.354,1,0.836,4.0,,-11.6,-0.755,0,1,0.176,4,0,0,1084,0.04,0.06
995,136,107.155,107.322,52,4,2,3,0.839,0,3.473,1.696,-1.777,-2.819,2.412,-15.612,1,0.799,6.5,,-23.2,-0.835,0,1,0.167,4,1,0,1084,0.02,0.035
996,136,107.354,107.51,67,1,3,3,0.843,1,11.859,5.581,-6.278,-7.177,-3.121,-18.361,1,0.859,4.8,-8.5,0.0,-0.843,0,0,0.156,4,0,1,1086,0.12,0.017
997,136,107.356,107.509,61,2,2,3,0.838,1,8.113,8.223,0.11,-6.023,-0.005,-20.292,1,0.869,2.6,1.1,0.0,-0.727,0,0,0.153,4,0,0,1086,0.14,0.017
998,136,107.354,107.504,58,3,3,3,0.802,1,11.997,10.076,-1.921,0.0,0.0,-21.053,1,0.864,4.1,3.1,0.0,-0.798,0,0,0.15,4,0,0,1086,0.12,0.022
999,136,107.352,107.523,51,4,1,3,0.773,1,4.367,6.494,2.127,-6.276,4.75,-1.121,1,0.834,4.1,-6.5,-11.6,-0.659,0,0,0.171,4,1,0,1086,0.09,0.027
1000,137,107.534,107.697,67,1,3,3,0.803,1,1.15,1.973,0.823,-4.017,-6.97,-9.898,1,0.872,2.3,-2.7,0.0,-0.8,0,1,0.163,4,0,1,1088,-0.04,0.022
1001,137,107.538,107.702,61,2,2,3,0.772,0,5.581,3.332,-2.248,-2.479,-4.2,-13.02,1,0.86,-0.6,,-34.8,-0.369,0,1,0.164,4,0,0,1088,-0.0,0.054
1002,137,107.537,107.696,58,3,3,3,0.783,1,-3.288,0.043,3.331,-3.473,3.473,-2.765,1,0.825,0.4,-5.7,-23.2,-0.777,0,1,0.159,4,0,0,1088,-0.01,0.025
1003,137,107.534,107.697,51,4,1,3,0.811,0,1.106,0.443,-0.663,-2.213,-0.574,-16.528,1,0.809,2.6,,-23.2,-0.673,0,1,0.163,4,1,0,1088,-0.04,0.042
1004,137,107.728,107.902,64,1,0,3,0.827,1,10.202,3.79,-6.412,-10.692,-3.197,-8.889,1,0.808,6.4,0.7,0.0,-0.824,0,0,0.174,4,0,1,1090,-0.05,0.019
1005,137,107.731,107.9,59,2,0,3,0.832,1,9.155,2.639,-6.516,-1.004,-2.112,-3.299,1,0.842,4.4,-25.6,0.0,-0.829,0,0,0.169,4,0,0,1090,0.0,0.018
1006,137,107.729,107.901,55,3,0,3,0.781,1,26.094,36.612,10.518,0.0,0.0,-10.468,1,0.837,5.1,11.3,-46.4,-0.758,0,0,0.172,4,0,0,1090,-0.03,0.025
1007,137,107.73,107.911,50,4,0,2,0.75,1,-0.25,1.397,1.646,-10.871,3.613,7.627,1,0.779,1.7,10.3,-11.6,-0.565,0,0,0.181,4,1,0,1090,-0.01,0.037
1008,137,107.926,108.319,66,1,2,3,0.797,1,13.371,6.527,-6.845,-4.386,-3.689,-7.003,1,0.84,4.0,0.0,0.0,-0.794,0,0,0.393,4,0,1,1092,0.0,0.023
1009,137,107.927,108.2,60,2,1,3,0.824,0,3.737,4.214,0.478,-0.542,-1.293,-10.888,1,0.874,3.3,,-11.6,-0.8,0,0,0.273,4,0,0,1092,0.02,0.039
1010,137,107.926,108.2,57,3,2,3,0.777,1,13.288,13.667,0.379,-1.463,0.791,-4.237,1,0.851,2.7,-11.6,69.7,-0.767,0,0,0.274,4,0,0,1092,0.0,0.026
1011,137,107.925,108.2,50,4,0,3,0.808,0,5.516,3.702,-1.813,-3.627,3.627,-10.063,1,0.851,2.7,,-23.2,-0.428,0,1,0.275,4,1,0,1092,0.0,0.043
1012,137,108.208,108.429,60,2,1,3,0.677,1,-0.197,1.837,2.034,-2.301,-0.083,-26.143,1,0.867,-0.1,8.3,0.0,-0.49,0,1,0.221,3,0,1,1095,0.1,0.051
1013,137,108.207,108.438,57,3,2,3,0.578,1,-1.78,-1.277,0.504,-3.947,3.947,-21.41,1,0.883,1.4,20.9,11.6,-0.558,0,1,0.231,3,0,0,1095,0.09,0.096
1014,137,108.205,108.664,50,4,0,3,0.579,1,0.629,-4.579,-5.208,-6.143,2.325,-16.766,1,0.855,2.2,34.5,0.0,-0.536,0,1,0.459,3,1,0,1095,0.08,0.096
1015,138,108.323,108.647,45,5,0,3,0.587,1,18.439,13.507,-4.932,-5.8,0.125,-0.678,1,0.677,10.4,-13.9,-11.6,-0.545,0,0,0.324,1,1,1,1096,0.1,0.091
1016,138,108.513,108.697,66,1,2,3,0.723,1,11.429,28.061,16.632,-3.535,-8.457,-12.042,1,0.868,0.7,-6.5,0.0,-0.71,0,0,0.184,2,0,1,1098,0.15,0.038
1017,138,108.512,108.687,60,2,1,3,0.728,0,3.505,10.66,7.155,-2.472,-2.163,-17.459,1,0.895,2.1,,11.6,-0.725,0,0,0.175,2,1,0,1098,0.14,0.072
1018,138,108.69,109.025,42,6,2,3,0.643,1,16.727,24.916,8.189,0.0,-8.682,-18.031,1,0.84,8.4,2.3,0.0,-0.637,0,0,0.335,1,1,1,1100,-0.03,0.063
1019,138,108.882,109.085,60,2,1,3,0.754,1,24.028,5.637,-18.391,-11.686,7.363,-4.528,1,0.874,1.8,7.6,-23.2,-0.751,0,0,0.203,2,0,1,1102,-0.06,0.03
1020,138,108.882,109.085,57,3,2,3,0.757,1,26.076,30.486,4.411,-4.407,4.232,-7.562,1,0.896,2.4,7.6,11.6,-0.753,0,0,0.203,2,1,0,1102,-0.06,0.03
1021,139,109.072,109.433,45,5,0,3,0.733,1,9.521,24.081,14.56,-4.713,1.41,-1.915,1,0.578,17.3,26.6,-11.6,-0.729,0,0,0.361,1,1,1,1104,-0.06,0.035
1022,139,109.249,109.453,59,2,0,3,0.732,0,10.964,13.402,2.438,-11.747,2.439,-15.958,1,0.889,5.9,,-11.6,-0.731,0,0,0.204,2,0,1,1106,-0.42,0.07
1023,139,109.25,109.453,55,3,0,3,0.695,1,28.461,23.073,-5.388,0.0,0.0,-18.306,1,0.877,4.3,-0.4,-11.6,-0.686,0,0,0.203,2,1,0,1106,-0.4,0.045
1024,139,109.453,109.821,43,6,3,3,0.73,1,19.843,18.719,-1.124,0.0,-13.386,-22.942,1,0.855,4.6,-16.4,11.6,-0.701,0,0,0.368,1,1,1,1108,-0.11,0.036
1025,139,109.718,109.951,62,2,3,3,0.78,1,10.715,0.216,-10.498,-19.91,15.404,-10.577,1,0.832,3.1,-2.8,11.6,-0.778,1,0,0.233,3,0,1,1111,-0.28,0.025
1026,139,109.718,109.891,58,3,3,3,0.72,0,27.692,27.169,-0.523,-7.039,5.135,-18.657,1,0.883,2.8,,-11.6,-0.718,0,0,0.173,3,0,0,1111,-0.28,0.076
1027,139,109.72,109.881,53,4,3,2,0.559,0,3.572,17.193,13.622,-12.742,5.509,-9.59,1,0.879,3.8,,34.8,-0.551,0,0,0.161,3,1,0,1111,-0.25,0.23
1028,140,109.857,110.09,44,6,4,3,0.675,1,4.316,16.267,11.951,-1.348,-0.448,-13.863,1,0.784,18.6,32.4,0.0,-0.669,0,0,0.233,1,1,1,1112,0.0,0.052
1029,140,109.997,110.239,53,4,3,3,0.716,1,17.889,11.979,-5.91,-4.998,-2.392,-17.51,1,0.887,2.1,-3.1,0.0,-0.708,0,0,0.242,1,1,1,1113,0.03,0.039
1030,140,110.123,110.279,60,2,1,3,0.677,1,29.598,25.875,-3.723,-4.232,4.163,-11.766,1,0.867,2.1,-1.4,11.6,-0.66,0,0,0.156,1,1,1,1115,-0.09,0.051
1031,140,110.264,110.488,45,5,0,3,0.679,1,5.808,16.752,10.944,-2.262,0.554,-18.085,1,0.757,18.0,-14.7,11.6,-0.672,0,0,0.224,1,1,1,1116,0.13,0.05
1032,140,110.403,110.537,53,4,3,3,0.532,0,8.623,12.998,4.375,-6.5,0.306,-0.284,1,0.878,2.6,,0.0,-0.309,0,0,0.134,1,1,1,1117,0.33,0.233
1033,141,110.652,110.905,45,5,0,3,0.673,1,12.847,17.678,4.83,-0.892,-0.21,-9.0,1,0.855,11.6,3.6,-34.8,-0.663,0,0,0.253,1,1,1,1120,0.13,0.052
1034,141,110.877,111.015,55,3,0,2,0.584,1,27.339,26.225,-1.114,0.0,0.0,-18.934,1,0.887,4.5,-0.8,-11.6,-0.296,0,0,0.138,1,1,1,1123,-0.38,0.108
1035,141,111.031,111.363,46,5,1,3,0.672,1,8.188,12.622,4.433,-2.195,1.959,-13.106,1,0.812,17.4,-3.8,11.6,-0.645,0,0,0.332,1,1,1,1124,0.07,0.053
1036,141,111.239,111.373,62,2,3,3,0.541,0,26.133,32.616,6.483,-11.389,0.585,-16.988,1,0.901,1.5,,0.0,-0.538,0,0,0.134,2,0,1,1126,0.3,0.222
1037,141,111.238,111.353,56,3,1,3,0.438,0,19.235,21.955,2.72,0.0,-0.448,-7.383,1,0.892,2.6,,23.2,-0.432,0,0,0.115,2,1,0,1126,0.29,0.369
1038,142,111.387,111.552,47,5,2,3,0.586,1,10.09,10.95,0.86,0.0,-0.859,-6.264,1,0.801,12.2,47.8,-11.6,-0.575,0,0,0.165,1,1,1,1128,-0.19,0.091
1039,142,111.509,111.612,54,4,4,2,0.395,1,11.706,28.882,17.176,-1.97,-0.342,-12.19,1,0.878,6.2,-27.8,0.0,-0.383,0,0,0.103,1,1,1,1129,-0.28,0.31
1040,142,111.629,111.761,59,2,0,2,0.319,0,-4.738,-0.138,4.6,-12.111,3.305,-15.888,1,0.823,7.9,,23.2,-0.312,0,0,0.132,2,0,1,1130,0.32,0.613
1041,142,111.631,111.781,55,3,0,2,0.425,1,15.637,12.718,-2.919,0.0,0.0,-13.659,1,0.832,4.9,1.2,-11.6,-0.324,0,0,0.15,2,1,0,1130,0.35,0.267
1042,142,111.793,112.01,67,1,3,1,0.335,1,0.476,-3.619,-4.095,-16.478,2.912,-0.586,0,0.015,,13.3,23.2,-0.327,1,0,0.217,4,0,1,1132,-0.04,0.446
1043,142,111.799,112.229,64,2,5,3,0.782,1,24.665,27.38,2.715,-11.45,-2.105,-3.947,1,0.869,5.1,-4.3,-11.6,-0.683,0,0,0.43,4,0,0,1132,0.0,0.025
1044,142,111.802,112.044,58,3,3,3,0.752,1,18.647,10.106,-8.54,-1.682,1.553,0.518,1,0.878,2.7,4.3,-11.6,-0.751,0,0,0.242,4,0,0,1132,0.03,0.031
1045,142,111.804,112.238,48,5,3,3,0.704,1,11.777,25.144,13.367,-9.592,7.337,-1.153,1,0.848,0.4,2.3,0.0,-0.562,0,0,0.434,4,1,0,1132,0.04,0.043
1046,142,112.059,112.308,58,3,3,3,0.697,0,8.046,0.787,-7.259,0.0,0.0,-25.654,1,0.881,-0.5,,-34.8,-0.696,0,1,0.249,2,0,1,1135,-0.18,0.088
1047,142,112.058,112.237,52,4,2,2,0.292,1,13.812,35.264,21.452,-9.719,2.533,-23.495,1,0.883,2.1,3.7,23.2,0.004,0,0,0.179,2,1,0,1135,-0.19,0.478
1048,143,112.378,112.505,62,2,3,3,0.735,1,18.104,31.71,13.606,-8.967,0.964,-7.662,1,0.886,4.3,-2.8,0.0,-0.731,0,0,0.127,3,0,1,1138,-0.1,0.035
1049,143,112.381,112.507,57,3,2,2,0.411,0,20.408,9.514,-10.893,-0.728,0.728,-0.779,1,0.861,1.8,,11.6,-0.408,0,0,0.126,3,0,0,1138,-0.04,0.455
1050,143,112.382,112.577,53,4,3,1,0.461,0,11.678,12.768,1.09,-14.626,2.152,4.528,1,0.844,2.4,,58.0,-0.413,0,0,0.195,3,1,0,1138,-0.03,0.412
1051,143,112.781,113.004,61,2,2,3,0.608,0,22.3,25.419,3.119,-4.791,-1.712,-16.581,1,0.434,8.1,,23.2,0.131,0,0,0.223,4,0,1,1142,0.09,0.152
1052,143,112.784,112.962,59,3,4,3,0.829,1,25.196,31.895,6.699,-0.792,-2.6,-11.754,1,0.869,4.5,9.2,11.6,-0.826,0,0,0.178,4,0,0,1142,0.13,0.018
1053,143,112.781,112.961,53,4,3,3,0.764,0,25.15,27.918,2.768,-2.244,-3.321,-10.131,1,0.868,3.8,,23.2,-0.759,0,0,0.18,4,0,0,1142,0.09,0.057
1054,143,112.78,112.963,49,5,4,3,0.739,1,19.755,51.495,31.74,-2.959,2.959,1.059,1,0.862,5.3,1.6,11.6,-0.131,0,0,0.183,4,1,0,1142,0.08,0.034
1055,144,113.192,113.382,61,2,2,3,0.558,1,29.028,33.16,4.132,-1.413,-1.688,-21.723,1,0.492,3.1,19.1,-23.2,0.215,0,0,0.19,4,0,1,1146,0.37,0.109
1056,144,113.188,113.357,59,3,4,3,0.816,1,33.61,18.535,-15.075,-0.314,-4.565,-8.676,1,0.859,3.3,11.5,-23.2,-0.805,0,0,0.169,4,0,0,1146,0.32,0.02
1057,144,113.183,113.357,53,4,3,3,0.792,1,27.074,23.122,-3.952,-2.122,-3.787,-14.982,1,0.848,5.0,16.5,0.0,-0.788,0,0,0.174,4,0,0,1146,0.26,0.024
1058,144,113.181,113.422,49,5,4,3,0.774,1,19.719,25.829,6.11,-1.624,1.569,3.515,1,0.849,6.6,30.1,-23.2,-0.215,0,0,0.241,4,1,0,1146,0.23,0.027
1059,144,113.566,113.76,61,2,2,3,0.646,1,25.387,18.752,-6.635,-3.673,-4.0,-18.08,1,0.413,3.4,6.3,0.0,0.135,0,0,0.194,4,0,1,1150,0.23,0.062
1060,144,113.565,113.726,59,3,4,3,0.829,1,35.828,20.157,-15.671,-0.319,-2.658,-8.372,1,0.858,1.6,-4.3,-34.8,-0.823,0,0,0.161,4,0,0,1150,0.21,0.018
1061,144,113.559,113.719,53,4,3,3,0.806,1,30.698,22.063,-8.635,0.0,-4.14,-20.343,1,0.86,5.4,1.7,0.0,-0.803,0,0,0.16,4,0,0,1150,0.14,0.021
1062,144,113.558,113.725,49,5,4,3,0.781,1,21.567,15.466,-6.101,-5.814,4.894,7.672,1,0.858,6.4,2.7,-11.6,-0.135,0,0,0.167,4,1,0,1150,0.13,0.025
1063,145,113.927,113.999,61,2,2,2,0.31,0,26.371,27.767,1.396,-1.246,-2.849,-19.631,1,0.861,3.2,,11.6,-0.257,0,0,0.072,2,0,1,1154,-0.07,0.627
1064,145,113.928,114.089,59,3,4,3,0.508,1,24.991,21.556,-3.436,-0.502,0.502,-18.774,1,0.857,3.0,4.2,23.2,-0.452,0,0,0.161,2,1,0,1154,-0.05,0.147
1065,145,114.101,114.268,63,2,4,3,0.761,1,24.354,15.836,-8.517,-11.162,-4.092,-14.948,1,0.874,3.4,5.4,-11.6,-0.761,0,0,0.167,3,0,1,1156,-0.19,0.029
1066,145,114.102,114.232,59,3,4,3,0.742,1,8.766,-0.018,-8.784,-5.649,-1.744,-5.417,1,0.842,1.9,4.4,-23.2,-0.662,0,1,0.13,3,0,0,1156,-0.18,0.033
1067,145,114.101,114.258,54,4,4,3,0.767,1,11.787,36.773,24.986,0.0,0.0,-20.423,1,0.85,3.1,-6.2,11.6,-0.717,0,0,0.157,3,1,0,1156,-0.19,0.028
1068,145,114.394,114.805,63,2,4,3,0.775,0,18.888,14.839,-4.049,-9.582,-7.018,-24.77,1,0.888,5.4,,-34.8,-0.774,0,0,0.411,3,0,1,1159,0.02,0.053
1069,145,114.396,114.755,59,3,4,3,0.758,0,25.249,15.69,-9.56,-0.62,-4.131,-22.557,1,0.887,3.6,,0.0,-0.633,0,0,0.359,3,0,0,1159,0.04,0.059
1070,145,114.397,114.656,54,4,4,3,0.724,1,12.38,9.562,-2.818,0.0,0.0,-22.451,1,0.86,2.6,-0.4,11.6,-0.722,0,0,0.259,3,1,0,1159,0.05,0.037
1071,146,114.501,114.735,44,6,4,3,0.733,1,20.483,14.668,-5.815,-1.867,-0.735,-7.251,1,0.836,9.3,-11.5,-34.8,-0.731,0,0,0.234,1,1,1,1160,-0.02,0.035
1072,146,114.685,114.865,53,4,3,2,0.332,1,7.332,-2.096,-9.428,-5.863,1.526,-11.0,1,0.859,6.5,13.5,-11.6,-0.241,0,0,0.18,1,1,1,1162,-0.16,0.41
1073,146,114.878,115.064,61,2,2,1,0.513,0,19.572,25.905,6.333,-10.592,1.675,-28.486,1,0.368,3.7,,11.6,0.141,0,0,0.186,3,0,1,1164,-0.06,0.328
1074,146,114.873,115.074,53,4,3,2,0.527,1,7.866,-0.159,-8.025,-5.374,-3.123,-24.413,1,0.827,6.7,-12.0,-34.8,-0.524,0,1,0.201,3,0,0,1164,-0.1,0.152
1075,146,114.876,115.056,49,5,4,3,0.654,1,22.348,35.63,13.282,-1.687,1.687,-19.058,1,0.854,4.0,8.2,0.0,-0.141,0,0,0.18,3,1,0,1164,-0.08,0.059
1076,146,115.079,115.322,63,2,4,3,0.784,0,21.43,12.614,-8.815,-6.57,-3.128,-15.912,1,0.879,6.1,,0.0,-0.783,0,0,0.243,3,0,1,1166,0.06,0.05
1077,146,115.079,115.265,59,3,4,3,0.804,1,29.546,23.763,-5.783,-1.513,1.513,-12.993,1,0.888,5.1,14.2,11.6,-0.803,0,0,0.186,3,0,0,1166,0.06,0.022
1078,146,115.079,115.262,53,4,3,3,0.76,1,10.08,3.532,-6.548,0.0,-0.591,-15.68,1,0.83,1.5,14.2,0.0,-0.753,0,1,0.183,3,1,0,1166,0.06,0.029
1079,147,115.277,115.435,44,6,4,3,0.758,1,32.619,23.161,-9.458,0.0,-1.422,-8.833,1,0.769,17.7,-8.3,0.0,-0.755,0,0,0.158,1,1,1,1168,0.09,0.03
1080,147,115.466,115.621,62,2,3,3,0.601,0,8.103,14.655,6.552,-16.047,1.929,-16.91,1,0.869,2.0,,11.6,-0.595,0,0,0.155,3,0,1,1170,0.15,0.159
1081,147,115.464,115.631,59,3,4,3,0.546,0,18.279,17.345,-0.934,-9.468,1.733,-17.713,1,0.872,5.7,,0.0,-0.536,0,0,0.167,3,0,0,1170,0.13,0.216
1082,147,115.466,115.631,55,4,5,3,0.632,1,14.549,3.968,-10.581,0.0,0.0,-16.713,1,0.835,2.4,0.0,-11.6,-0.624,0,0,0.165,3,1,0,1170,0.15,0.068
1083,147,115.651,115.76,61,2,2,3,0.497,0,13.264,14.756,1.491,-9.911,7.73,-11.021,1,0.773,5.8,,-11.6,-0.492,0,0,0.109,3,0,1,1172,0.05,0.279
1084,147,115.652,115.79,58,3,3,3,0.54,1,17.002,12.013,-4.989,-4.279,4.279,-3.877,1,0.874,5.5,-0.2,0.0,-0.535,0,0,0.138,3,0,0,1172,0.06,0.121
1085,147,115.653,115.849,42,6,2,3,0.496,0,7.322,20.16,12.838,0.0,-13.125,-7.626,1,0.831,5.0,,58.0,-0.4,0,0,0.196,3,1,0,1172,0.06,0.281
1086,147,115.911,116.247,61,2,2,3,0.736,0,20.906,7.014,-13.892,-6.392,1.666,-26.241,1,0.831,2.8,,23.2,-0.734,0,0,0.336,3,0,1,1175,-0.0,0.069
1087,147,115.91,116.367,58,3,3,3,0.761,1,18.972,16.935,-2.037,-1.423,1.423,-19.363,1,0.882,4.3,-2.8,0.0,-0.761,0,0,0.457,3,0,0,1175,-0.01,0.029
1088,147,115.91,116.317,54,4,4,3,0.673,1,15.605,4.05,-11.555,0.0,-0.048,-23.792,1,0.826,3.8,-2.8,11.6,-0.475,0,0,0.407,3,1,0,1175,-0.01,0.052
1089,148,116.013,116.377,42,6,2,3,0.691,1,19.631,19.179,-0.452,0.0,-9.53,-9.342,1,0.846,3.2,10.3,11.6,-0.663,0,0,0.364,1,1,1,1176,-0.08,0.046
1090,148,116.409,116.571,51,4,1,3,0.733,1,26.584,24.596,-1.988,0.0,0.0,-18.476,1,0.864,4.7,-14.2,-23.2,-0.732,0,0,0.162,1,1,1,1180,0.06,0.035
1091,148,116.588,116.758,66,1,2,3,0.84,1,26.456,30.077,3.621,-11.11,1.716,-8.571,1,0.884,3.7,4.2,-23.2,-0.833,0,0,0.17,3,0,1,1182,-0.01,0.017
1092,148,116.591,116.756,61,2,2,3,0.788,1,35.758,21.194,-14.564,-7.513,0.402,-21.422,1,0.867,3.8,1.2,0.0,-0.787,0,0,0.165,3,0,0,1182,0.03,0.024
1093,148,116.59,116.765,55,3,0,3,0.726,1,17.35,22.907,5.556,0.0,0.0,-20.966,1,0.86,6.4,2.2,-11.6,-0.725,0,0,0.175,3,1,0,1182,0.02,0.037
1094,149,116.766,116.927,46,5,1,3,0.77,1,27.388,22.322,-5.067,0.0,-0.962,-11.275,1,0.762,10.5,-22.9,-11.6,-0.763,0,0,0.161,1,1,1,1184,-0.11,0.027
1095,149,117.155,117.272,63,2,4,3,0.423,0,8.627,28.156,19.529,-11.297,-7.196,-11.326,1,0.846,8.4,,0.0,-0.418,0,0,0.117,4,0,1,1188,-0.02,0.392
1096,149,117.158,117.322,59,3,4,3,0.647,1,11.992,22.547,10.555,-1.352,-2.876,-8.319,1,0.888,3.1,14.7,-11.6,-0.644,0,0,0.164,4,0,0,1188,0.0,0.062
1097,149,117.159,117.292,54,4,4,3,0.545,0,23.534,29.413,5.879,0.0,-0.598,-21.273,1,0.884,1.3,,0.0,-0.537,0,0,0.133,4,0,0,1188,0.0,0.217
1098,149,117.156,117.352,44,6,4,2,0.611,0,17.109,35.7,18.591,-4.037,-0.124,-7.749,1,0.882,3.7,,-69.7,-0.605,0,0,0.196,4,1,0,1188,-0.01,0.172
1099,149,117.431,117.71,63,2,4,3,0.789,1,16.496,13.608,-2.889,-10.228,-3.727,-15.834,1,0.872,5.3,-13.2,0.0,-0.789,0,0,0.279,3,0,1,1191,0.06,0.024
1100,149,117.434,117.71,59,3,4,3,0.807,1,18.589,10.757,-7.833,-2.114,-2.776,-21.636,1,0.89,2.7,7.0,-11.6,-0.803,0,0,0.276,3,0,0,1191,0.08,0.021
1101,149,117.435,117.555,54,4,4,3,0.735,1,12.75,12.243,-0.507,0.0,0.0,-34.121,1,0.886,2.2,-5.6,11.6,-0.729,0,0,0.12,3,1,0,1191,0.09,0.035
1102,150,117.557,117.769,44,6,4,3,0.663,1,19.33,17.743,-1.587,-0.747,-0.077,-7.933,1,0.818,7.9,-11.5,-23.2,-0.656,0,0,0.212,1,1,1,1192,0.15,0.056
1103,150,117.724,117.889,63,2,4,3,0.647,0,8.487,2.596,-5.89,-11.03,-5.397,-2.465,1,0.876,3.1,,0.0,-0.647,1,1,0.165,2,0,1,1194,-0.01,0.12
1104,150,117.724,117.824,59,3,4,3,0.587,0,4.166,3.608,-0.558,-3.428,-2.384,-3.286,1,0.878,3.0,,0.0,-0.581,0,1,0.1,2,1,0,1194,-0.01,0.172
1105,150,117.914,118.093,49,5,4,3,0.768,1,27.699,33.264,5.565,-0.848,0.848,-22.012,1,0.869,8.0,-8.6,11.6,-0.692,0,0,0.179,1,1,1,1196,-0.01,0.028
1106,150,118.101,118.267,63,2,4,3,0.706,0,17.877,11.866,-6.011,-10.952,-4.231,-20.425,1,0.876,1.2,,-11.6,-0.705,0,0,0.166,3,0,1,1198,-0.05,0.083
1107,150,118.102,118.257,59,3,4,3,0.696,0,23.016,17.2,-5.816,-7.346,-0.333,-18.705,1,0.888,-0.1,,-34.8,-0.684,0,0,0.155,3,0,0,1198,-0.03,0.089
1108,150,118.09,118.207,53,4,3,2,0.302,0,3.939,32.24,28.301,-6.072,-0.295,-15.337,1,0.857,10.2,,23.2,-0.28,0,0,0.117,3,1,0,1198,-0.26,0.64
1109,151,118.283,118.426,45,5,0,3,0.437,0,18.173,17.98,-0.194,-5.741,4.893,-6.86,1,0.585,8.3,,-11.6,-0.391,0,0,0.143,1,1,1,1200,-0.1,0.371
1110,151,118.489,118.635,61,2,2,3,0.573,0,19.347,31.843,12.496,-12.063,9.756,-9.342,1,0.831,1.6,,11.6,-0.567,0,0,0.146,3,0,1,1202,0.06,0.186
1111,151,118.489,118.665,58,3,3,3,0.68,1,16.837,8.27,-8.567,-3.467,3.467,-6.178,1,0.881,1.4,8.5,-11.6,-0.641,0,0,0.176,3,0,0,1202,0.06,0.05
1112,151,118.485,118.724,42,6,2,3,0.734,1,6.249,15.506,9.256,0.0,-13.058,-4.929,1,0.874,4.3,0.9,23.2,-0.603,0,0,0.239,3,1,0,1202,0.01,0.035
1113,151,118.886,119.033,70,1,6,3,0.818,1,33.31,19.913,-13.397,-20.56,1.997,0.109,1,0.852,2.8,6.3,-11.6,-0.816,0,0,0.147,4,0,1,1206,0.24,0.02
1114,151,118.886,119.03,64,2,5,3,0.811,1,35.058,34.551,-0.507,-13.551,-2.168,-2.405,1,0.863,3.3,-5.4,-11.6,-0.811,0,0,0.144,4,0,0,1206,0.24,0.021
1115,151,118.886,119.053,61,3,6,3,0.822,1,24.093,9.465,-14.628,-19.972,2.509,-6.706,1,0.864,2.8,-5.4,-11.6,-0.822,0,0,0.167,4,0,0,1206,0.24,0.019
1116,151,118.881,119.029,54,4,4,3,0.79,1,30.045,22.194,-7.851,0.0,0.0,-17.222,1,0.878,6.7,-0.4,-11.6,-0.657,0,0,0.148,4,1,0,1206,0.18,0.024
1117,152,119.058,119.225,70,1,6,3,0.809,1,3.113,2.796,-0.317,-14.288,-1.18,-18.828,1,0.858,6.7,-3.2,0.0,-0.808,0,1,0.167,4,0,1,1208,-0.01,0.021
1118,152,119.058,119.219,64,2,5,3,0.804,1,5.217,3.783,-1.434,-6.768,-5.753,-22.928,1,0.854,5.9,8.4,-11.6,-0.803,0,1,0.161,4,0,0,1208,-0.01,0.022
1119,152,119.058,119.232,61,3,6,3,0.829,0,6.368,7.417,1.05,-11.485,0.019,-30.295,1,0.865,5.3,,0.0,-0.829,0,1,0.174,4,0,0,1208,-0.01,0.037
1120,152,119.058,119.216,54,4,4,3,0.789,0,0.051,-1.724,-1.775,0.0,0.0,-21.67,1,0.855,0.3,,-11.6,-0.787,0,1,0.158,4,1,0,1208,-0.01,0.049
1121,152,119.248,119.431,69,1,5,3,0.819,1,6.399,4.781,-1.618,-10.389,1.592,-6.346,1,0.819,8.0,-17.8,-11.6,-0.818,0,0,0.183,4,0,1,1210,-0.04,0.02
1122,152,119.248,119.406,63,2,4,3,0.835,1,6.009,4.467,-1.541,-4.534,-2.386,-13.153,1,0.855,8.3,-6.2,-11.6,-0.834,0,0,0.158,4,0,0,1210,-0.04,0.018
1123,152,119.253,119.431,60,3,5,2,0.755,1,6.761,5.457,-1.304,-9.905,3.774,-0.788,1,0.838,3.6,23.7,-11.6,-0.704,0,0,0.178,4,0,0,1210,0.04,0.035
1124,152,119.254,119.408,53,4,3,3,0.727,1,6.517,-3.208,-9.725,0.0,0.0,-8.231,1,0.757,2.5,-0.5,-34.8,-0.725,0,0,0.154,4,1,0,1210,0.05,0.036
1125,152,119.436,119.61,69,1,5,3,0.801,0,3.157,-0.348,-3.505,-16.938,0.19,-19.623,1,0.81,3.6,,-23.2,-0.799,0,1,0.174,4,0,1,1212,-0.06,0.045
1126,152,119.435,119.585,63,2,4,3,0.835,0,4.277,5.244,0.966,-6.83,-4.468,-29.025,1,0.875,2.4,,11.6,-0.834,0,1,0.15,4,0,0,1212,-0.07,0.036
1127,152,119.436,119.6,60,3,5,3,0.781,0,5.165,6.28,1.115,-11.133,4.573,-21.632,1,0.87,1.4,,0.0,-0.778,0,1,0.164,4,0,0,1212,-0.06,0.051
1128,152,119.436,119.585,53,4,3,3,0.769,0,5.854,5.686,-0.169,0.0,0.0,-19.577,1,0.786,-0.4,,11.6,-0.753,0,1,0.149,4,1,0,1212,-0.06,0.056
1129,152,119.623,119.792,68,1,4,3,0.837,0,7.199,7.119,-0.08,-12.341,2.303,-4.048,1,0.833,4.2,,-11.6,-0.835,0,0,0.169,4,0,1,1214,-0.22,0.035
1130,152,119.625,119.794,62,2,3,3,0.826,1,7.814,13.668,5.855,-2.087,-0.776,-24.183,1,0.876,1.6,-0.0,0.0,-0.825,0,0,0.169,4,0,0,1214,-0.18,0.019
1131,152,119.623,119.819,59,3,4,2,0.45,0,3.29,7.429,4.14,-8.884,5.693,4.928,1,0.824,3.9,,23.2,-0.444,0,0,0.196,4,0,0,1214,-0.22,0.39
1132,152,119.627,119.828,52,4,2,3,0.701,1,11.136,1.451,-9.685,-0.269,0.269,-4.203,1,0.821,0.3,-2.0,-11.6,-0.461,0,0,0.201,4,1,0,1214,-0.14,0.043
1133,153,119.833,120.004,68,1,4,3,0.819,1,7.902,3.451,-4.451,-9.407,-0.135,-16.257,1,0.853,1.6,1.0,0.0,-0.817,0,1,0.171,4,0,1,1216,0.04,0.02
1134,153,119.834,120.004,62,2,3,3,0.852,0,10.073,4.359,-5.714,-1.224,-1.941,-29.192,1,0.886,0.2,,0.0,-0.851,0,1,0.17,4,0,0,1216,0.04,0.032
1135,153,119.83,120.027,59,3,4,1,0.392,0,7.773,7.26,-0.513,-6.234,3.574,-12.384,1,0.838,4.5,,-34.8,-0.39,0,1,0.197,4,0,0,1216,0.0,0.53
1136,153,119.833,120.001,52,4,2,3,0.791,0,6.077,1.165,-4.912,0.0,0.0,-23.607,1,0.801,1.3,,-23.2,-0.782,0,1,0.168,4,1,0,1216,0.04,0.048
1137,153,120.033,120.206,64,1,0,3,0.787,0,6.511,-1.218,-7.729,-12.707,-0.559,-5.856,1,0.525,1.0,,-11.6,-0.777,0,0,0.173,4,0,1,1218,0.17,0.049
1138,153,120.034,120.201,59,2,0,3,0.829,1,9.053,6.421,-2.632,-3.9,-1.353,-5.646,1,0.837,-0.0,8.9,-11.6,-0.828,0,1,0.167,4,0,0,1218,0.18,0.018
1139,153,120.032,120.206,55,3,0,3,0.763,1,26.491,33.337,6.846,0.0,0.0,-7.999,1,0.822,1.5,-0.7,0.0,-0.597,0,0,0.174,4,0,0,1218,0.15,0.029
1140,153,120.032,120.216,50,4,0,3,0.779,0,13.065,20.446,7.382,-3.901,1.414,3.789,1,0.782,0.5,,-11.6,-0.767,0,0,0.184,4,1,0,1218,0.15,0.052
1141,153,120.212,120.476,67,1,3,3,0.846,1,6.847,0.392,-6.455,-3.699,-5.924,-10.881,1,0.836,-1.9,5.1,-11.6,-0.845,1,0,0.264,4,0,1,1220,-0.01,0.016
1142,153,120.213,120.485,61,2,2,3,0.849,1,10.182,10.44,0.258,-1.162,-3.419,-13.613,1,0.851,-1.7,4.1,11.6,-0.847,0,0,0.272,4,0,0,1220,-0.0,0.016
1143,153,120.213,120.485,58,3,3,2,0.507,1,-1.498,3.221,4.719,-6.049,1.03,-6.02,1,0.781,-1.5,38.9,0.0,-0.496,0,0,0.272,4,0,0,1220,-0.0,0.171
1144,153,120.211,120.594,51,4,1,3,0.806,1,6.951,3.376,-3.575,0.0,0.0,-17.899,1,0.814,0.4,6.1,-11.6,-0.793,0,0,0.383,4,1,0,1220,-0.02,0.021
1145,153,120.492,120.754,61,2,2,3,0.795,1,-0.436,4.944,5.38,-7.606,-0.091,-24.974,1,0.858,0.8,15.3,0.0,-0.791,0,1,0.262,2,0,1,1223,0.06,0.023
1146,153,120.492,120.863,58,3,3,3,0.798,0,22.448,8.792,-13.656,0.0,0.0,-25.812,1,0.85,0.9,,0.0,-0.785,0,1,0.371,2,1,0,1223,0.06,0.046
1147,154,120.605,120.962,46,5,1,3,0.805,1,23.456,24.784,1.329,-0.329,-1.073,-6.153,1,0.837,9.7,-4.8,0.0,-0.788,0,0,0.357,1,1,1,1224,0.05,0.022
1148,154,120.803,120.949,56,3,1,3,0.669,1,26.328,20.734,-5.595,0.0,-0.813,-12.295,1,0.876,1.8,6.2,-46.4,-0.667,0,0,0.146,1,1,1,1226,0.17,0.053
1149,154,120.981,121.36,43,6,3,3,0.831,1,27.306,24.511,-2.795,0.0,-7.65,-19.802,1,0.81,5.6,13.9,0.0,-0.827,0,0,0.379,1,1,1,1228,-0.02,0.018
1150,154,121.168,121.349,61,2,2,3,0.839,0,15.591,4.064,-11.526,-22.939,18.538,-4.084,1,0.856,2.1,,-34.8,-0.836,0,0,0.181,2,0,1,1230,-0.13,0.035
1151,154,121.167,121.35,58,3,3,3,0.82,1,28.463,24.139,-4.325,-9.999,7.703,-12.312,1,0.879,1.9,2.1,-11.6,-0.818,0,0,0.183,2,1,0,1230,-0.14,0.019
1152,155,121.364,121.384,63,2,4,2,0.349,0,19.414,0.078,-19.336,-16.543,9.793,-6.125,0,0.005,,,-58.0,0.38,0,0,0.02,2,0,1,1232,-0.04,0.562
1153,155,121.364,121.546,51,4,1,3,0.729,1,32.652,37.639,4.987,-6.966,6.413,-7.005,1,0.837,5.6,3.8,11.6,-0.38,0,0,0.182,2,1,0,1232,-0.04,0.036
1154,155,121.543,121.669,43,6,3,1,0.302,1,2.762,18.381,15.618,-1.132,-7.885,-14.616,1,0.865,5.3,-12.7,46.4,-0.241,0,0,0.126,1,1,1,1234,-0.34,0.504
1155,155,121.76,122.077,44,6,4,3,0.839,1,13.098,21.466,8.369,0.0,-0.976,-9.718,1,0.846,13.0,-9.1,-11.6,-0.832,0,0,0.317,1,1,1,1236,0.03,0.017
1156,155,121.918,122.116,54,4,4,3,0.632,1,23.204,14.071,-9.133,-7.346,3.508,-10.508,1,0.883,4.3,-16.2,-23.2,-0.584,0,0,0.198,1,1,1,1237,0.43,0.068
1157,155,122.031,122.136,59,3,4,3,0.466,0,29.097,31.574,2.477,-2.767,0.631,-19.762,1,0.869,2.9,,0.0,-0.464,0,0,0.105,1,1,1,1239,0.01,0.325
1158,156,122.142,122.275,45,5,0,3,0.769,1,2.244,9.536,7.292,0.0,-0.53,-10.888,1,0.766,11.6,3.6,-11.6,-0.763,0,0,0.133,1,1,1,1240,-0.02,0.027
1159,156,122.282,122.385,54,4,4,3,0.808,1,13.762,16.883,3.12,0.0,0.0,-10.568,1,0.902,4.5,-8.7,0.0,-0.807,0,0,0.103,1,1,1,1241,-0.01,0.021
1160,156,122.403,122.523,61,2,2,3,0.802,1,28.623,30.622,1.999,-2.824,-3.176,-14.217,1,0.864,-0.2,-2.0,23.2,-0.796,0,0,0.12,2,0,1,1243,-0.19,0.022
1161,156,122.394,122.514,54,4,4,1,0.316,1,7.705,9.675,1.97,0.0,0.0,-17.7,1,0.838,5.7,18.6,11.6,-0.071,0,1,0.12,2,1,0,1243,-0.3,0.48
1162,156,122.525,122.656,46,5,1,3,0.824,1,10.683,17.537,6.853,-1.852,0.313,-5.232,1,0.724,12.4,3.7,0.0,-0.805,0,0,0.131,1,1,1,1244,-0.07,0.019
1163,156,122.654,122.745,54,4,4,3,0.768,1,13.779,13.551,-0.227,0.0,0.0,-11.252,1,0.854,4.3,-9.2,0.0,-0.767,0,0,0.091,1,1,1,1245,-0.13,0.028
1164,156,122.767,122.892,50,4,0,2,0.596,0,17.319,22.39,5.071,-8.428,8.428,-13.636,1,0.795,6.4,,34.8,-0.576,0,0,0.125,1,1,1,1247,-0.49,0.188
1165,157,122.918,123.032,58,3,3,2,0.525,1,18.979,32.736,13.756,0.0,0.0,-10.703,1,0.848,2.8,-6.1,11.6,0.223,0,0,0.114,3,0,1,1248,-0.02,0.154
1166,157,122.909,123.042,53,4,3,1,0.369,0,16.563,15.409,-1.154,-3.155,-7.094,-7.271,1,0.849,9.7,,11.6,-0.36,0,0,0.133,3,0,0,1248,-0.1,0.569
1167,157,122.914,123.29,46,5,1,3,0.748,1,16.508,19.089,2.581,-2.701,-1.909,-4.917,1,0.802,4.0,-13.7,-23.2,-0.223,0,0,0.376,3,1,0,1248,-0.06,0.032
1168,157,123.165,123.31,62,2,3,3,0.705,0,22.86,23.322,0.462,-7.355,0.405,-7.711,1,0.884,2.1,,0.0,-0.702,0,0,0.145,2,0,1,1251,-0.36,0.084
1169,157,123.167,123.31,56,3,1,3,0.62,0,17.76,18.06,0.3,-1.511,1.016,-8.135,1,0.878,2.1,,0.0,-0.548,0,0,0.143,2,1,0,1251,-0.33,0.142
1170,157,123.327,123.698,47,5,2,3,0.659,0,7.374,9.302,1.928,0.0,-0.833,-0.699,1,0.757,10.4,,-11.6,-0.416,0,0,0.371,1,1,1,1252,0.14,0.112
1171,157,123.454,123.569,59,3,4,1,0.409,1,5.392,7.267,1.875,-4.909,4.909,2.027,1,0.853,3.2,-6.8,58.0,-0.17,1,0,0.115,2,0,1,1253,0.16,0.326
1172,157,123.454,123.589,54,4,4,3,0.705,1,14.208,28.309,14.101,-2.042,1.072,-2.436,1,0.883,2.4,-30.0,0.0,-0.702,0,0,0.135,2,1,0,1253,0.16,0.042
1173,157,123.568,123.718,63,2,4,3,0.74,0,11.594,17.54,5.946,-13.012,-1.954,2.738,1,0.84,5.5,,-11.6,-0.739,0,0,0.15,2,0,1,1255,-0.14,0.067
1174,157,123.572,123.708,57,3,2,3,0.718,1,27.547,21.034,-6.513,0.0,0.0,1.543,1,0.845,2.5,-43.5,34.8,-0.717,0,0,0.136,2,1,0,1255,-0.09,0.039
1175,158,123.714,123.822,48,5,3,3,0.621,1,8.672,13.702,5.03,0.0,-0.688,-0.899,1,0.815,6.6,35.1,-23.2,-0.603,0,0,0.108,1,1,1,1256,0.16,0.073
1176,158,123.825,123.923,55,3,0,3,0.749,1,16.606,22.705,6.099,0.0,0.0,-11.42,1,0.855,4.8,-6.3,0.0,-0.744,0,0,0.098,1,1,1,1257,-0.03,0.031
1177,158,123.935,124.062,59,3,4,3,0.647,1,2.442,5.265,2.823,-8.517,3.51,14.114,1,0.784,-4.6,-0.2,23.2,-0.643,0,0,0.127,1,1,1,1259,-0.34,0.062
1178,158,124.081,124.305,64,1,0,3,0.66,0,25.775,28.742,2.967,-11.54,-3.847,10.775,1,0.864,0.5,,0.0,-0.657,0,0,0.224,2,0,1,1260,0.05,0.111
1179,158,124.08,124.289,59,3,4,3,0.753,1,12.585,9.797,-2.787,0.0,0.0,6.266,1,0.811,0.8,-5.8,11.6,-0.746,0,1,0.209,2,1,0,1260,0.04,0.031
1180,159,124.449,124.603,55,3,0,1,0.331,1,11.602,29.965,18.363,-1.391,-1.087,-6.554,1,0.872,7.2,-3.3,0.0,-0.251,0,0,0.154,2,0,1,1264,-0.07,0.453
1181,159,124.449,124.623,45,5,0,3,0.703,1,17.78,31.876,14.096,-0.107,-1.889,-4.396,1,0.877,7.1,-38.2,-23.2,-0.507,0,0,0.174,2,1,0,1264,-0.07,0.043
1182,159,124.629,124.852,42,6,2,2,0.346,1,18.519,19.938,1.419,0.0,-8.493,-8.074,1,0.866,5.7,25.7,23.2,-0.331,0,0,0.223,1,1,1,1266,-0.34,0.387
1183,160,125.198,125.3,63,2,4,3,0.817,0,36.967,27.047,-9.921,-17.016,-2.189,2.018,1,0.792,7.5,,0.0,-0.814,0,0,0.102,5,0,1,1272,-0.22,0.04
1184,160,125.198,125.3,58,3,3,3,0.822,1,24.335,41.574,17.239,-7.194,1.106,9.857,1,0.854,6.6,-42.8,0.0,-0.82,0,0,0.102,5,0,0,1272,-0.22,0.019
1185,160,125.199,125.489,54,4,4,1,0.368,1,36.2,36.127,-0.074,0.0,0.0,-13.055,1,0.826,3.8,2.6,11.6,0.343,0,0,0.29,5,0,0,1272,-0.21,0.391
1186,160,125.196,125.369,49,5,4,3,0.8,1,26.124,42.575,16.45,-7.925,2.826,7.027,1,0.831,8.1,-6.0,-11.6,-0.743,0,0,0.173,5,0,0,1272,-0.24,0.022
1187,160,125.193,126.493,42,6,2,3,0.71,1,21.032,26.884,5.852,-1.17,-10.775,-2.924,1,0.385,10.7,-14.6,11.6,-0.343,0,0,1.3,5,1,0,1272,-0.26,0.041
1188,160,125.305,125.369,63,2,4,1,0.349,0,10.24,12.149,1.909,-20.539,0.518,-3.041,1,0.659,-10.5,,81.3,-0.347,0,1,0.064,2,0,1,1273,-0.4,0.603
1189,160,125.303,126.795,58,3,3,3,0.391,1,5.283,11.927,6.643,-10.878,1.335,-4.727,1,0.735,-6.7,3.1,23.2,-0.39,0,1,1.492,2,1,0,1273,-0.41,0.28
1190,160,125.377,125.618,49,5,4,3,0.361,0,2.64,0.893,-1.746,-7.152,0.69,-9.225,1,0.696,-4.9,,23.2,-0.23,0,1,0.241,1,1,1,1273,0.32,0.498
1191,160,125.541,125.608,68,1,4,1,0.34,1,3.946,5.114,1.168,-21.631,8.288,-1.656,1,0.509,-1.4,8.9,23.2,-0.338,1,0,0.067,1,1,1,1275,0.43,0.438
1192,160,125.457,125.528,63,2,4,3,0.63,1,4.666,5.754,1.089,-10.667,-10.357,-6.47,1,0.837,2.6,0.0,23.2,-0.612,0,0,0.071,2,0,1,1275,-0.45,0.069
1193,160,125.456,125.528,58,3,3,3,0.632,1,4.524,0.371,-4.153,-3.606,-7.532,-9.763,1,0.798,1.2,1.0,0.0,-0.626,0,1,0.072,2,1,0,1275,-0.46,0.068
1194,160,125.62,125.707,68,1,4,1,0.417,0,11.174,-0.508,-11.682,-19.171,2.229,-3.829,0,0.259,,,46.4,-0.415,1,1,0.087,4,0,1,1276,0.11,0.486
1195,160,125.625,125.707,63,2,4,3,0.715,1,4.457,6.71,2.253,-8.612,-7.804,-8.54,1,0.824,0.3,6.2,34.8,-0.706,0,0,0.082,4,0,0,1276,0.15,0.039
1196,160,125.626,125.707,58,3,3,3,0.739,1,6.114,13.973,7.859,0.0,-3.559,-12.675,1,0.811,1.4,16.8,46.4,-0.735,0,1,0.081,4,0,0,1276,0.16,0.034
1197,160,125.628,125.807,49,5,4,1,0.338,0,-4.345,-4.702,-0.357,-13.117,6.733,-8.287,1,0.497,-0.7,,0.0,-0.273,0,1,0.179,4,1,0,1276,0.17,0.62
1198,160,125.716,125.797,68,1,4,1,0.362,0,5.416,-2.342,-7.757,-17.409,-3.485,-2.498,0,0.159,,,11.6,-0.361,1,1,0.081,3,0,1,1277,-0.18,0.581
1199,160,125.719,125.797,63,2,4,1,0.327,0,-1.136,4.127,5.263,-11.809,-5.206,-11.354,1,0.581,-7.1,,-46.4,-0.322,0,1,0.078,3,0,0,1277,-0.16,0.64
1200,160,125.718,125.79,58,3,3,2,0.384,0,3.494,14.874,11.381,-0.325,-4.005,-13.747,1,0.733,-5.1,,-58.0,-0.383,0,1,0.072,3,1,0,1277,-0.17,0.501
1201,160,125.804,125.896,68,1,4,1,0.385,0,3.578,9.498,5.92,-20.253,5.146,-0.592,0,0.096,,,58.0,-0.383,1,1,0.092,5,0,1,1278,0.14,0.543
1202,160,125.811,125.896,63,2,4,3,0.755,1,4.18,4.217,0.038,-9.063,-5.599,-15.57,1,0.816,1.0,-5.7,0.0,-0.741,0,1,0.085,5,0,0,1278,0.23,0.03
1203,160,125.811,125.896,58,3,3,3,0.764,1,2.659,5.005,2.345,0.0,-1.524,-17.928,1,0.813,1.4,5.9,11.6,-0.761,0,1,0.085,5,0,0,1278,0.23,0.028
1204,160,125.814,125.834,54,4,4,1,0.37,0,12.057,0.529,-11.528,-4.809,4.809,-16.83,1,0.781,-1.3,,-81.3,-0.323,1,0,0.02,5,0,0,1278,0.27,0.568
1205,160,125.814,125.896,49,5,4,1,0.337,0,4.025,3.292,-0.733,-16.053,12.037,-13.156,1,0.769,-2.0,,-46.4,-0.311,0,1,0.082,5,1,0,1278,0.27,0.623
1206,160,125.904,125.976,68,1,4,1,0.364,1,2.919,3.565,0.645,-19.636,1.675,-5.53,0,0.121,,17.4,11.6,-0.361,1,1,0.072,4,0,1,1279,0.29,0.398
1207,160,125.905,125.976,63,2,4,2,0.484,0,1.362,3.354,1.992,-10.558,-5.502,-18.679,1,0.613,-5.5,,11.6,-0.476,0,1,0.071,4,0,0,1279,0.3,0.334
1208,160,125.904,125.986,58,3,3,3,0.556,0,3.705,5.99,2.285,0.0,0.0,-18.023,1,0.547,-3.2,,34.8,-0.553,0,1,0.082,4,0,0,1279,0.29,0.205
1209,160,125.904,125.986,49,5,4,2,0.336,1,5.044,-1.294,-6.338,-13.945,5.133,-10.58,1,0.494,-3.8,5.8,-34.8,-0.2,0,1,0.082,4,1,0,1279,0.29,0.404
1210,161,125.983,126.085,68,1,4,1,0.391,0,7.999,6.824,-1.175,-16.007,5.275,-6.833,1,0.401,8.6,,-69.7,-0.389,1,1,0.102,5,0,1,1280,0.0,0.531
1211,161,125.991,126.085,63,2,4,2,0.591,0,0.443,1.547,1.103,-12.126,-4.07,-28.945,1,0.782,0.5,,46.4,-0.58,0,1,0.094,5,0,0,1280,0.06,0.193
1212,161,125.992,126.085,58,3,3,3,0.686,1,2.385,-0.186,-2.571,0.0,-0.549,-32.133,1,0.822,1.2,-0.9,11.6,-0.681,0,1,0.093,5,0,0,1280,0.07,0.048
1213,161,125.998,126.066,54,4,4,1,0.327,0,6.865,-0.64,-7.505,-0.746,-0.126,-27.519,1,0.792,-4.3,,-58.0,-0.254,1,0,0.068,5,0,0,1280,0.11,0.639
1214,161,126.0,126.165,49,5,4,1,0.313,0,5.204,2.935,-2.269,-13.574,6.426,-23.814,1,0.793,-5.8,,-46.4,-0.184,0,1,0.165,5,1,0,1280,0.13,0.661
1215,161,126.096,126.155,68,1,4,1,0.399,0,0.64,3.763,3.123,-16.7,4.423,-7.607,0,0.158,,,23.2,-0.396,1,1,0.059,3,0,1,1281,-0.16,0.518
1216,161,126.093,126.155,63,2,4,2,0.43,0,1.965,3.37,1.406,-9.749,-5.736,-38.245,1,0.649,-4.1,,34.8,-0.421,0,1,0.062,3,0,0,1281,-0.18,0.423
1217,161,126.093,126.15,58,3,3,3,0.549,0,1.464,-0.546,-2.01,-0.114,-2.755,-36.903,1,0.6,-3.2,,-81.3,-0.541,0,1,0.057,3,1,0,1281,-0.18,0.212
1218,161,126.169,126.265,68,1,4,2,0.667,1,4.44,0.894,-3.547,-14.055,0.599,-13.249,1,0.548,2.7,-3.8,-23.2,-0.662,1,1,0.096,4,0,1,1282,0.0,0.064
1219,161,126.168,126.265,63,2,4,1,0.47,0,8.058,5.908,-2.151,-5.521,-8.567,-35.39,1,0.77,3.3,,0.0,-0.462,0,1,0.097,4,0,0,1282,-0.02,0.397
1220,161,126.172,126.265,58,3,3,3,0.708,1,1.292,4.712,3.42,-0.553,-3.359,-34.125,1,0.786,-0.5,-6.8,0.0,-0.7,0,1,0.093,4,0,0,1282,0.04,0.041
1221,161,126.179,126.901,49,5,4,2,0.415,1,3.623,1.835,-1.788,-9.045,3.292,-30.593,1,0.748,-2.9,21.1,-11.6,-0.082,0,1,0.722,4,1,0,1282,0.13,0.281
1222,161,126.279,126.342,68,1,4,2,0.493,0,2.152,1.194,-0.958,-18.75,4.222,-12.236,1,0.579,-3.9,,46.4,-0.49,1,1,0.063,3,0,1,1283,0.3,0.32
1223,161,126.279,126.354,63,2,4,2,0.454,0,-0.612,0.344,0.956,-11.893,-5.562,-35.994,1,0.754,-6.6,,23.2,-0.446,0,1,0.075,3,0,0,1283,0.3,0.382
1224,161,126.278,126.354,58,3,3,3,0.391,0,4.895,8.558,3.663,-3.286,0.668,-30.815,1,0.751,-5.5,,-11.6,-0.386,0,1,0.076,3,1,0,1283,0.29,0.447
1225,161,126.359,126.454,68,1,4,1,0.446,0,-1.478,-3.511,-2.032,-21.51,3.086,-15.665,1,0.313,6.9,,-11.6,-0.445,1,1,0.095,3,0,1,1284,0.02,0.436
1226,161,126.365,126.454,63,2,4,3,0.592,1,2.576,5.439,2.863,-10.647,-3.491,-29.908,1,0.782,-0.7,20.8,0.0,-0.584,0,1,0.089,3,0,0,1284,0.07,0.088
1227,161,126.367,126.454,58,3,3,3,0.75,1,0.978,3.431,2.453,-2.827,2.5,-30.64,1,0.779,-1.2,7.2,11.6,-0.74,0,1,0.087,3,1,0,1284,0.08,0.031
1228,161,126.46,126.523,68,1,4,2,0.391,0,5.914,0.892,-5.022,-15.82,-1.937,-15.526,1,0.374,-1.8,,-34.8,-0.39,1,1,0.063,3,0,1,1285,-0.22,0.489
1229,161,126.466,126.523,61,2,2,1,0.371,0,8.241,3.585,-4.655,-12.06,-0.819,-33.001,0,0.148,,,-46.4,-0.183,1,0,0.057,3,0,0,1285,-0.18,0.566
1230,161,126.462,126.533,58,3,3,3,0.58,0,2.93,-0.579,-3.51,-1.274,-0.273,-32.952,1,0.629,-4.8,,11.6,-0.575,0,1,0.071,3,1,0,1285,-0.21,0.179
1231,161,126.536,126.702,68,1,4,2,0.449,1,7.501,7.421,-0.079,-12.004,0.141,-20.176,1,0.818,4.3,12.4,-11.6,-0.448,1,1,0.166,3,0,1,1286,-0.09,0.235
1232,161,126.539,126.702,63,2,4,2,0.332,1,1.644,4.227,2.583,-9.599,-5.773,-31.353,1,0.78,2.3,9.4,58.0,-0.328,0,0,0.163,3,0,0,1286,-0.04,0.41
1233,161,126.548,126.623,58,3,3,3,0.461,1,3.186,2.613,-0.574,-1.008,1.008,-30.082,1,0.765,-6.8,0.4,-46.4,-0.458,0,1,0.075,3,1,0,1286,0.09,0.193
1234,161,126.637,126.702,58,3,3,3,0.347,0,-2.128,2.584,4.712,-3.376,3.376,-35.531,1,0.595,-10.2,,23.2,-0.343,0,1,0.065,1,1,1,1287,0.18,0.524
1235,162,126.71,126.891,68,1,4,2,0.707,0,-2.775,-4.597,-1.822,-16.52,1.596,-12.98,1,0.534,1.3,,-23.2,-0.707,1,1,0.181,3,0,1,1288,-0.15,0.096
1236,162,126.71,126.812,63,2,4,3,0.637,1,3.224,3.527,0.303,-7.651,-3.726,-28.627,1,0.799,0.5,12.5,11.6,-0.629,0,1,0.102,3,0,0,1288,-0.15,0.066
1237,162,126.71,126.812,58,3,3,3,0.684,1,3.12,-1.463,-4.583,0.0,0.0,-33.288,1,0.792,1.6,12.5,-58.0,-0.679,0,1,0.102,3,1,0,1288,-0.15,0.049
1238,162,126.825,126.873,63,2,4,3,0.458,0,2.063,-0.698,-2.76,-6.691,-10.174,-30.741,1,0.591,-9.0,,58.0,-0.442,0,1,0.048,2,0,1,1289,-0.26,0.336
1239,162,126.824,126.901,58,3,3,3,0.553,0,0.694,-1.487,-2.181,0.0,-3.863,-35.724,1,0.676,-7.4,,23.2,-0.547,0,1,0.077,2,1,0,1289,-0.27,0.208
1240,162,126.904,127.607,68,1,4,3,0.852,0,21.36,14.791,-6.569,-8.526,-4.014,-14.237,1,0.815,2.2,,-34.8,-0.85,1,1,0.703,4,0,1,1290,-0.13,0.032
1241,162,126.905,127.508,63,2,4,3,0.749,1,6.499,9.427,2.929,-4.511,-3.697,-29.228,1,0.795,0.6,3.3,11.6,-0.727,0,1,0.603,4,0,0,1290,-0.11,0.031
1242,162,126.907,127.528,58,3,3,3,0.745,1,3.868,2.956,-0.913,0.0,0.0,-32.808,1,0.774,-0.9,1.3,-11.6,-0.741,0,1,0.621,4,0,0,1290,-0.08,0.032
1243,162,126.915,127.001,49,5,4,2,0.478,1,4.996,-2.505,-7.501,-14.85,13.122,-30.437,1,0.751,-7.6,-18.3,46.4,-0.428,0,1,0.086,4,1,0,1290,0.05,0.202
1244,162,127.009,127.458,49,5,4,1,0.315,0,2.048,4.71,2.663,-14.524,12.099,-29.713,1,0.569,-4.8,,-69.7,-0.307,0,1,0.449,1,1,1,1291,0.2,0.657
1245,163,127.473,127.886,49,5,4,3,0.507,1,8.215,-1.938,-10.153,-6.02,2.684,-20.119,1,0.716,-2.2,-17.8,-34.8,-0.493,0,1,0.413,1,1,1,1296,0.06,0.148
1246,163,127.443,128.005,42,6,2,3,0.549,1,20.541,27.687,7.147,-1.353,-13.871,-23.922,1,0.705,22.2,23.8,-46.4,-0.52,0,0,0.562,1,1,1,1296,-0.21,0.115
1247,163,127.606,127.916,58,3,3,3,0.674,1,4.778,3.173,-1.605,-4.874,0.043,15.417,1,0.711,4.8,-23.1,-11.6,-0.661,0,0,0.31,1,1,1,1297,0.16,0.052
1248,163,127.677,128.135,68,1,4,2,0.76,1,10.814,9.504,-1.31,-8.506,2.541,-4.415,1,0.788,-4.0,-12.8,11.6,-0.737,1,0,0.458,2,0,1,1298,0.36,0.034
1249,163,127.675,127.926,63,2,4,2,0.696,1,8.398,6.697,-1.701,-12.506,-2.064,3.863,1,0.751,-2.4,-22.4,-81.3,-0.684,0,0,0.251,2,1,0,1298,0.34,0.053
